{
  "0,3,51,0": [
    0.0,
    0.3333333333333335,
    0.6666666666666667,
    1.0,
    1.3333333333333335,
    1.666666666666667,
    2.0,
    2.3333333333333335,
    2.666666666666667,
    3.0,
    3.333333333333334,
    3.666666666666667,
    4.0,
    4.333333333333334,
    4.666666666666667,
    5.000000000000001,
    5.333333333333334,
    5.666666666666668,
    6.0,
    6.333333333333334,
    6.666666666666668,
    7.0,
    7.333333333333334,
    7.666666666666668,
    8.0,
    8.333333333333334,
    8.666666666666668,
    9.000000000000002,
    9.333333333333334,
    9.666666666666668,
    10.000000000000002,
    10.333333333333336,
    10.666666666666668,
    11.0,
    11.333333333333336,
    11.666666666666668,
    12.0,
    12.333333333333336,
    12.666666666666668,
    13.0,
    13.333333333333336,
    13.666666666666668,
    14.0,
    14.333333333333336,
    14.666666666666668,
    15.0,
    15.333333333333336,
    15.666666666666668,
    16.0,
    16.333333333333336,
    16.666666666666668
  ],
  "51,3,51,17": [
    0.0,
    0.3333333333333335,
    0.6666666666666667,
    1.0,
    1.3333333333333335,
    1.666666666666667,
    2.0,
    2.3333333333333335,
    2.666666666666667,
    3.0,
    3.333333333333334,
    3.666666666666667,
    4.0,
    4.333333333333334,
    4.666666666666667,
    5.000000000000001,
    5.333333333333334,
    5.666666666666668,
    6.0,
    6.333333333333334,
    6.666666666666668,
    7.0,
    7.333333333333334,
    7.666666666666668,
    8.0,
    8.333333333333334,
    8.666666666666668,
    9.000000000000002,
    9.333333333333334,
    9.666666666666668,
    10.000000000000002,
    10.333333333333336,
    10.666666666666668,
    11.0,
    11.333333333333336,
    11.666666666666668,
    12.0,
    12.333333333333336,
    12.666666666666668,
    13.0,
    13.333333333333336,
    13.666666666666668,
    14.0,
    14.333333333333336,
    14.666666666666668,
    15.0,
    15.333333333333336,
    15.666666666666668,
    16.0,
    16.333333333333336,
    16.666666666666668
  ],
  "73,3,52,24": [
    0.33333333333333326,
    0.6666666666666665,
    1.0,
    1.333333333333333,
    1.6666666666666665,
    2.0,
    2.333333333333333,
    2.666666666666667,
    3.0,
    3.333333333333333,
    3.666666666666667,
    4.0,
    4.333333333333333,
    4.666666666666666,
    5.0,
    5.333333333333333,
    5.666666666666666,
    6.0,
    6.333333333333333,
    6.666666666666666,
    7.0,
    7.333333333333334,
    7.666666666666666,
    8.0,
    8.333333333333334,
    8.666666666666668,
    9.0,
    9.333333333333334,
    9.666666666666668,
    10.0,
    10.333333333333334,
    10.666666666666668,
    11.0,
    11.333333333333334,
    11.666666666666668,
    12.0,
    12.333333333333334,
    12.666666666666668,
    13.0,
    13.333333333333334,
    13.666666666666668,
    14.0,
    14.333333333333334,
    14.666666666666668,
    15.0,
    15.333333333333332,
    15.666666666666668,
    16.0,
    16.333333333333332,
    16.666666666666664,
    17.0,
    17.333333333333332
  ],
  "73,3,51,24": [
    0.33333333333333326,
    0.6666666666666665,
    1.0,
    1.333333333333333,
    1.666666666666667,
    2.0,
    2.333333333333333,
    2.666666666666667,
    3.0,
    3.333333333333333,
    3.666666666666667,
    4.0,
    4.333333333333333,
    4.666666666666667,
    5.0,
    5.333333333333334,
    5.666666666666667,
    6.000000000000001,
    6.333333333333333,
    6.666666666666667,
    7.000000000000002,
    7.333333333333334,
    7.666666666666668,
    8.000000000000002,
    8.333333333333334,
    8.666666666666668,
    9.000000000000002,
    9.333333333333336,
    9.666666666666668,
    10.000000000000002,
    10.333333333333336,
    10.66666666666667,
    11.000000000000002,
    11.333333333333334,
    11.66666666666667,
    12.000000000000002,
    12.333333333333334,
    12.66666666666667,
    13.000000000000002,
    13.333333333333334,
    13.66666666666667,
    14.000000000000002,
    14.333333333333334,
    14.66666666666667,
    15.0,
    15.333333333333332,
    15.666666666666668,
    16.0,
    16.333333333333332,
    16.666666666666668,
    17.0
  ],
  "0,5,85,0": [
    0.0,
    0.19999999999999996,
    0.3999999999999999,
    0.6000000000000001,
    0.8,
    1.0,
    1.2000000000000002,
    1.4000000000000004,
    1.6,
    1.8000000000000003,
    2.0,
    2.2,
    2.4000000000000004,
    2.6,
    2.8000000000000003,
    3.0,
    3.2,
    3.4000000000000004,
    3.6000000000000005,
    3.8,
    4.0,
    4.2,
    4.4,
    4.6000000000000005,
    4.800000000000001,
    5.0,
    5.2,
    5.4,
    5.6000000000000005,
    5.800000000000001,
    6.0,
    6.200000000000001,
    6.4,
    6.6,
    6.800000000000001,
    7.0,
    7.200000000000001,
    7.4,
    7.6,
    7.800000000000001,
    8.0,
    8.200000000000001,
    8.4,
    8.6,
    8.8,
    9.0,
    9.200000000000001,
    9.4,
    9.600000000000001,
    9.8,
    10.0,
    10.200000000000001,
    10.4,
    10.600000000000001,
    10.8,
    11.0,
    11.200000000000001,
    11.4,
    11.600000000000001,
    11.8,
    12.0,
    12.2,
    12.400000000000002,
    12.600000000000001,
    12.8,
    13.0,
    13.2,
    13.400000000000002,
    13.600000000000001,
    13.8,
    14.0,
    14.2,
    14.400000000000002,
    14.600000000000001,
    14.8,
    15.0,
    15.2,
    15.400000000000002,
    15.600000000000001,
    15.8,
    16.0,
    16.2,
    16.400000000000002,
    16.6,
    16.8
  ],
  "146,5,85,29": [
    0.19999999999999996,
    0.3999999999999999,
    0.6000000000000001,
    0.8,
    1.0,
    1.2000000000000002,
    1.4000000000000004,
    1.6,
    1.7999999999999998,
    2.0,
    2.2,
    2.4000000000000004,
    2.6000000000000005,
    2.8,
    3.0,
    3.2,
    3.4000000000000004,
    3.6000000000000005,
    3.8000000000000007,
    4.0,
    4.2,
    4.4,
    4.6000000000000005,
    4.800000000000001,
    5.000000000000001,
    5.2,
    5.4,
    5.6000000000000005,
    5.800000000000001,
    6.000000000000001,
    6.2,
    6.400000000000001,
    6.6000000000000005,
    6.8,
    7.0,
    7.199999999999999,
    7.4,
    7.6,
    7.799999999999999,
    8.0,
    8.2,
    8.4,
    8.6,
    8.799999999999999,
    9.0,
    9.2,
    9.4,
    9.6,
    9.8,
    10.0,
    10.2,
    10.4,
    10.6,
    10.8,
    11.0,
    11.2,
    11.4,
    11.6,
    11.8,
    12.0,
    12.2,
    12.399999999999999,
    12.600000000000001,
    12.8,
    13.0,
    13.2,
    13.399999999999999,
    13.600000000000001,
    13.8,
    14.0,
    14.2,
    14.399999999999999,
    14.600000000000001,
    14.8,
    15.0,
    15.2,
    15.399999999999999,
    15.600000000000001,
    15.8,
    16.0,
    16.2,
    16.4,
    16.6,
    16.8,
    17.0
  ],
  "0,5,64,0": [
    0.0,
    0.19999999999999996,
    0.3999999999999999,
    0.6000000000000001,
    0.7999999999999998,
    1.0,
    1.2000000000000002,
    1.4000000000000004,
    1.5999999999999996,
    1.7999999999999998,
    2.0,
    2.1999999999999997,
    2.4,
    2.5999999999999996,
    2.8000000000000003,
    3.0,
    3.1999999999999993,
    3.4000000000000004,
    3.5999999999999996,
    3.8000000000000007,
    4.0,
    4.199999999999999,
    4.3999999999999995,
    4.6000000000000005,
    4.8,
    5.0,
    5.199999999999999,
    5.3999999999999995,
    5.6000000000000005,
    5.8,
    6.0,
    6.199999999999999,
    6.3999999999999995,
    6.6000000000000005,
    6.8,
    7.0,
    7.199999999999999,
    7.399999999999999,
    7.600000000000001,
    7.800000000000001,
    8.0,
    8.200000000000001,
    8.399999999999999,
    8.6,
    8.799999999999999,
    9.0,
    9.200000000000001,
    9.399999999999999,
    9.6,
    9.799999999999999,
    10.0,
    10.200000000000001,
    10.399999999999999,
    10.6,
    10.799999999999999,
    11.0,
    11.200000000000001,
    11.399999999999999,
    11.6,
    11.799999999999999,
    12.0,
    12.200000000000001,
    12.399999999999999,
    12.6
  ],