candidate_connection_count,candidate_endpoint_pair_count,candidate_endpoint_pair_samples,fallback_candidate_count,fallback_endpoint_pair_count,fallback_endpoint_pair_samples,frontier_candidate_count,frontier_endpoint_pair_count,frontier_endpoint_pair_samples,frontier_terminal_accept_count,frontier_terminal_hit_count,frontier_terminal_rejection_count,geodesic_candidate_count,geodesic_endpoint_pair_count,geodesic_endpoint_pair_samples,origin_index,watershed_candidate_count,watershed_endpoint_pair_count,watershed_endpoint_pair_samples
2,2,"[[7,196],[7,421]]",0,0,[],2,0,[],0,0,0,0,0,[],7,0,0,[]
1,1,"[[20,213]]",0,0,[],1,0,[],0,0,0,0,0,[],20,0,0,[]
1,1,"[[9,28]]",0,0,[],1,0,[],0,0,0,0,0,[],28,0,0,[]
2,2,"[[0,31],[31,94]]",0,0,[],2,0,[],0,0,0,0,0,[],31,0,0,[]
2,2,"[[32,1331],[32,1366]]",0,0,[],2,0,[],0,0,0,0,0,[],32,0,0,[]
1,1,"[[38,60]]",0,0,[],1,0,[],0,0,0,0,0,[],38,0,0,[]
2,2,"[[43,1856],[43,2359]]",0,0,[],2,0,[],0,0,0,0,0,[],43,0,0,[]
1,1,"[[50,52]]",0,0,[],1,0,[],0,0,0,0,0,[],52,0,0,[]
2,2,"[[57,60],[57,73]]",0,0,[],2,0,[],0,0,0,0,0,[],57,0,0,[]
1,1,"[[23,58]]",0,0,[],1,0,[],0,0,0,0,0,[],58,0,0,[]
1,1,"[[59,70]]",0,0,[],1,0,[],0,0,0,0,0,[],59,0,0,[]
1,1,"[[60,71]]",0,0,[],1,0,[],0,0,0,0,0,[],60,0,0,[]
1,1,"[[9,64]]",0,0,[],1,0,[],0,0,0,0,0,[],64,0,0,[]
1,1,"[[67,1113]]",0,0,[],1,0,[],0,0,0,0,0,[],67,0,0,[]
1,1,"[[38,71]]",0,0,[],1,0,[],0,0,0,0,0,[],71,0,0,[]
2,2,"[[72,391],[72,2080]]",0,0,[],2,0,[],0,0,0,0,0,[],72,0,0,[]
2,2,"[[38,73],[73,1164]]",0,0,[],2,0,[],0,0,0,0,0,[],73,0,0,[]
2,2,"[[5,75],[58,75]]",0,0,[],2,0,[],0,0,0,0,0,[],75,0,0,[]
1,1,"[[81,2969]]",0,0,[],1,0,[],0,0,0,0,0,[],81,0,0,[]
1,1,"[[18,83]]",0,0,[],1,0,[],0,0,0,0,0,[],83,0,0,[]
2,2,"[[47,88],[88,569]]",0,0,[],2,0,[],0,0,0,0,0,[],88,0,0,[]
1,1,"[[89,707]]",0,0,[],1,0,[],0,0,0,0,0,[],89,0,0,[]
1,1,"[[80,90]]",0,0,[],1,0,[],0,0,0,0,0,[],90,0,0,[]
2,2,"[[95,2287],[95,8740]]",0,0,[],2,0,[],0,0,0,0,0,[],95,0,0,[]
1,1,"[[98,276]]",0,0,[],1,0,[],0,0,0,0,0,[],98,0,0,[]
1,1,"[[49,105]]",0,0,[],1,0,[],0,0,0,0,0,[],105,0,0,[]
1,1,"[[71,106]]",0,0,[],1,0,[],0,0,0,0,0,[],106,0,0,[]
1,1,"[[4,113]]",0,0,[],1,0,[],0,0,0,0,0,[],113,0,0,[]
2,2,"[[114,116],[114,2676]]",0,0,[],2,0,[],0,0,0,0,0,[],114,0,0,[]
1,1,"[[21,115]]",0,0,[],1,0,[],0,0,0,0,0,[],115,0,0,[]
1,1,"[[21,116]]",0,0,[],1,0,[],0,0,0,0,0,[],116,0,0,[]
1,1,"[[101,118]]",0,0,[],1,0,[],0,0,0,0,0,[],118,0,0,[]
1,1,"[[123,148]]",0,0,[],1,0,[],0,0,0,0,0,[],123,0,0,[]
2,2,"[[124,642],[124,5514]]",0,0,[],2,0,[],0,0,0,0,0,[],124,0,0,[]
2,2,"[[89,125],[125,140]]",0,0,[],2,0,[],0,0,0,0,0,[],125,0,0,[]
1,1,"[[29,126]]",0,0,[],1,0,[],0,0,0,0,0,[],126,0,0,[]
1,1,"[[127,584]]",0,0,[],1,0,[],0,0,0,0,0,[],127,0,0,[]
1,1,"[[127,128]]",0,0,[],1,0,[],0,0,0,0,0,[],128,0,0,[]
1,1,"[[130,288]]",0,0,[],1,0,[],0,0,0,0,0,[],130,0,0,[]
2,2,"[[131,155],[131,180]]",0,0,[],2,0,[],0,0,0,0,0,[],131,0,0,[]
1,1,"[[132,178]]",0,0,[],1,0,[],0,0,0,0,0,[],132,0,0,[]
1,1,"[[130,134]]",0,0,[],1,0,[],0,0,0,0,0,[],134,0,0,[]
1,1,"[[78,135]]",0,0,[],1,0,[],0,0,0,0,0,[],135,0,0,[]
2,2,"[[71,137],[137,160]]",0,0,[],2,0,[],0,0,0,0,0,[],137,0,0,[]
1,1,"[[24,139]]",0,0,[],1,0,[],0,0,0,0,0,[],139,0,0,[]
2,2,"[[89,140],[140,3388]]",0,0,[],2,0,[],0,0,0,0,0,[],140,0,0,[]
2,2,"[[142,380],[142,1395]]",0,0,[],2,0,[],0,0,0,0,0,[],142,0,0,[]
1,1,"[[148,247]]",0,0,[],1,0,[],0,0,0,0,0,[],148,0,0,[]
2,2,"[[149,187],[149,200]]",0,0,[],2,0,[],0,0,0,0,0,[],149,0,0,[]
2,2,"[[151,174],[151,204]]",0,0,[],2,0,[],0,0,0,0,0,[],151,0,0,[]
2,2,"[[106,152],[152,160]]",0,0,[],2,0,[],0,0,0,0,0,[],152,0,0,[]
1,1,"[[155,4023]]",0,0,[],1,0,[],0,0,0,0,0,[],155,0,0,[]
2,2,"[[157,188],[157,419]]",0,0,[],2,0,[],0,0,0,0,0,[],157,0,0,[]
1,1,"[[159,846]]",0,0,[],1,0,[],0,0,0,0,0,[],159,0,0,[]
1,1,"[[134,160]]",0,0,[],1,0,[],0,0,0,0,0,[],160,0,0,[]
1,1,"[[74,164]]",0,0,[],1,0,[],0,0,0,0,0,[],164,0,0,[]
2,2,"[[14,165],[165,281]]",0,0,[],2,0,[],0,0,0,0,0,[],165,0,0,[]
1,1,"[[159,166]]",0,0,[],1,0,[],0,0,0,0,0,[],166,0,0,[]
1,1,"[[130,167]]",0,0,[],1,0,[],0,0,0,0,0,[],167,0,0,[]
1,1,"[[13,169]]",0,0,[],1,0,[],0,0,0,0,0,[],169,0,0,[]
1,1,"[[170,254]]",0,0,[],1,0,[],0,0,0,0,0,[],170,0,0,[]
1,1,"[[171,610]]",0,0,[],1,0,[],0,0,0,0,0,[],171,0,0,[]
1,1,"[[92,172]]",0,0,[],1,0,[],0,0,0,0,0,[],172,0,0,[]
2,2,"[[46,173],[132,173]]",0,0,[],2,0,[],0,0,0,0,0,[],173,0,0,[]
1,1,"[[178,189]]",0,0,[],1,0,[],0,0,0,0,0,[],178,0,0,[]
1,1,"[[130,179]]",0,0,[],1,0,[],0,0,0,0,0,[],179,0,0,[]
1,1,"[[158,182]]",0,0,[],1,0,[],0,0,0,0,0,[],182,0,0,[]
1,1,"[[187,200]]",0,0,[],1,0,[],0,0,0,0,0,[],187,0,0,[]
1,1,"[[188,246]]",0,0,[],1,0,[],0,0,0,0,0,[],188,0,0,[]
2,2,"[[190,194],[190,381]]",0,0,[],2,0,[],0,0,0,0,0,[],190,0,0,[]
2,2,"[[192,226],[192,1573]]",0,0,[],2,0,[],0,0,0,0,0,[],192,0,0,[]
1,1,"[[45,196]]",0,0,[],1,0,[],0,0,0,0,0,[],196,0,0,[]
1,1,"[[70,197]]",0,0,[],1,0,[],0,0,0,0,0,[],197,0,0,[]
1,1,"[[200,284]]",0,0,[],1,0,[],0,0,0,0,0,[],200,0,0,[]
1,1,"[[167,203]]",0,0,[],1,0,[],0,0,0,0,0,[],203,0,0,[]
2,2,"[[118,205],[184,205]]",0,0,[],2,0,[],0,0,0,0,0,[],205,0,0,[]
1,1,"[[206,212]]",0,0,[],1,0,[],0,0,0,0,0,[],206,0,0,[]
1,1,"[[29,207]]",0,0,[],1,0,[],0,0,0,0,0,[],207,0,0,[]
2,2,"[[210,337],[210,592]]",0,0,[],2,0,[],0,0,0,0,0,[],210,0,0,[]
1,1,"[[211,222]]",0,0,[],1,0,[],0,0,0,0,0,[],211,0,0,[]
1,1,"[[101,212]]",0,0,[],1,0,[],0,0,0,0,0,[],212,0,0,[]
1,1,"[[215,462]]",0,0,[],1,0,[],0,0,0,0,0,[],215,0,0,[]
2,2,"[[216,667],[216,1182]]",0,0,[],2,0,[],0,0,0,0,0,[],216,0,0,[]
2,2,"[[140,217],[202,217]]",0,0,[],2,0,[],0,0,0,0,0,[],217,0,0,[]
1,1,"[[218,241]]",0,0,[],1,0,[],0,0,0,0,0,[],218,0,0,[]
1,1,"[[82,220]]",0,0,[],1,0,[],0,0,0,0,0,[],220,0,0,[]
2,2,"[[223,244],[223,288]]",0,0,[],2,0,[],0,0,0,0,0,[],223,0,0,[]
1,1,"[[228,1378]]",0,0,[],1,0,[],0,0,0,0,0,[],228,0,0,[]
1,1,"[[229,458]]",0,0,[],1,0,[],0,0,0,0,0,[],229,0,0,[]
1,1,"[[231,429]]",0,0,[],1,0,[],0,0,0,0,0,[],231,0,0,[]
2,2,"[[232,510],[232,678]]",0,0,[],2,0,[],0,0,0,0,0,[],232,0,0,[]
2,2,"[[233,416],[233,666]]",0,0,[],2,0,[],0,0,0,0,0,[],233,0,0,[]
1,1,"[[205,235]]",0,0,[],1,0,[],0,0,0,0,0,[],235,0,0,[]
1,1,"[[237,809]]",0,0,[],1,0,[],0,0,0,0,0,[],237,0,0,[]
1,1,"[[121,240]]",0,0,[],1,0,[],0,0,0,0,0,[],240,0,0,[]
1,1,"[[79,241]]",0,0,[],1,0,[],0,0,0,0,0,[],241,0,0,[]
2,2,"[[242,244],[242,395]]",0,0,[],2,0,[],0,0,0,0,0,[],242,0,0,[]
1,1,"[[197,243]]",0,0,[],1,0,[],0,0,0,0,0,[],243,0,0,[]
2,2,"[[203,244],[244,449]]",0,0,[],2,0,[],0,0,0,0,0,[],244,0,0,[]
2,2,"[[128,248],[149,248]]",0,0,[],2,0,[],0,0,0,0,0,[],248,0,0,[]
2,2,"[[249,250],[249,963]]",0,0,[],2,0,[],0,0,0,0,0,[],249,0,0,[]
1,1,"[[187,250]]",0,0,[],1,0,[],0,0,0,0,0,[],250,0,0,[]
1,1,"[[251,784]]",0,0,[],1,0,[],0,0,0,0,0,[],251,0,0,[]
2,2,"[[49,255],[214,255]]",0,0,[],2,0,[],0,0,0,0,0,[],255,0,0,[]
1,1,"[[258,442]]",0,0,[],1,0,[],0,0,0,0,0,[],258,0,0,[]
2,2,"[[23,259],[218,259]]",0,0,[],2,0,[],0,0,0,0,0,[],259,0,0,[]
2,2,"[[249,261],[250,261]]",0,0,[],2,0,[],0,0,0,0,0,[],261,0,0,[]
1,1,"[[265,399]]",0,0,[],1,0,[],0,0,0,0,0,[],265,0,0,[]
1,1,"[[266,3727]]",0,0,[],1,0,[],0,0,0,0,0,[],266,0,0,[]
1,1,"[[177,269]]",0,0,[],1,0,[],0,0,0,0,0,[],269,0,0,[]
1,1,"[[141,271]]",0,0,[],1,0,[],0,0,0,0,0,[],271,0,0,[]
1,1,"[[273,805]]",0,0,[],1,0,[],0,0,0,0,0,[],273,0,0,[]
2,2,"[[149,277],[248,277]]",0,0,[],2,0,[],0,0,0,0,0,[],277,0,0,[]
1,1,"[[27,280]]",0,0,[],1,0,[],0,0,0,0,0,[],280,0,0,[]
1,1,"[[85,281]]",0,0,[],1,0,[],0,0,0,0,0,[],281,0,0,[]
1,1,"[[282,975]]",0,0,[],1,0,[],0,0,0,0,0,[],282,0,0,[]
1,1,"[[250,284]]",0,0,[],1,0,[],0,0,0,0,0,[],284,0,0,[]
1,1,"[[72,286]]",0,0,[],1,0,[],0,0,0,0,0,[],286,0,0,[]
2,2,"[[138,287],[287,512]]",0,0,[],2,0,[],0,0,0,0,0,[],287,0,0,[]
1,1,"[[224,288]]",0,0,[],1,0,[],0,0,0,0,0,[],288,0,0,[]
1,1,"[[36,289]]",0,0,[],1,0,[],0,0,0,0,0,[],289,0,0,[]
2,2,"[[290,524],[290,1079]]",0,0,[],2,0,[],0,0,0,0,0,[],290,0,0,[]
2,2,"[[223,293],[293,378]]",0,0,[],2,0,[],0,0,0,0,0,[],293,0,0,[]
1,1,"[[78,295]]",0,0,[],1,0,[],0,0,0,0,0,[],295,0,0,[]
1,1,"[[299,374]]",0,0,[],1,0,[],0,0,0,0,0,[],299,0,0,[]
1,1,"[[301,350]]",0,0,[],1,0,[],0,0,0,0,0,[],301,0,0,[]
2,2,"[[21,302],[302,315]]",0,0,[],2,0,[],0,0,0,0,0,[],302,0,0,[]
2,2,"[[304,341],[304,357]]",0,0,[],2,0,[],0,0,0,0,0,[],304,0,0,[]
2,2,"[[101,307],[307,343]]",0,0,[],2,0,[],0,0,0,0,0,[],307,0,0,[]
2,2,"[[298,308],[308,334]]",0,0,[],2,0,[],0,0,0,0,0,[],308,0,0,[]
1,1,"[[232,311]]",0,0,[],1,0,[],0,0,0,0,0,[],311,0,0,[]
1,1,"[[314,813]]",0,0,[],1,0,[],0,0,0,0,0,[],314,0,0,[]
1,1,"[[278,315]]",0,0,[],1,0,[],0,0,0,0,0,[],315,0,0,[]
1,1,"[[318,452]]",0,0,[],1,0,[],0,0,0,0,0,[],318,0,0,[]
1,1,"[[286,320]]",0,0,[],1,0,[],0,0,0,0,0,[],320,0,0,[]
1,1,"[[323,1395]]",0,0,[],1,0,[],0,0,0,0,0,[],323,0,0,[]
1,1,"[[327,347]]",0,0,[],1,0,[],0,0,0,0,0,[],327,0,0,[]
1,1,"[[328,486]]",0,0,[],1,0,[],0,0,0,0,0,[],328,0,0,[]
1,1,"[[257,329]]",0,0,[],1,0,[],0,0,0,0,0,[],329,0,0,[]
1,1,"[[278,330]]",0,0,[],1,0,[],0,0,0,0,0,[],330,0,0,[]
1,1,"[[305,332]]",0,0,[],1,0,[],0,0,0,0,0,[],332,0,0,[]
1,1,"[[274,333]]",0,0,[],1,0,[],0,0,0,0,0,[],333,0,0,[]
1,1,"[[176,335]]",0,0,[],1,0,[],0,0,0,0,0,[],335,0,0,[]
1,1,"[[6,337]]",0,0,[],1,0,[],0,0,0,0,0,[],337,0,0,[]
1,1,"[[339,484]]",0,0,[],1,0,[],0,0,0,0,0,[],339,0,0,[]
2,2,"[[322,340],[339,340]]",0,0,[],2,0,[],0,0,0,0,0,[],340,0,0,[]
1,1,"[[137,342]]",0,0,[],1,0,[],0,0,0,0,0,[],342,0,0,[]
1,1,"[[343,548]]",0,0,[],1,0,[],0,0,0,0,0,[],343,0,0,[]
1,1,"[[25,345]]",0,0,[],1,0,[],0,0,0,0,0,[],345,0,0,[]
2,2,"[[78,346],[285,346]]",0,0,[],2,0,[],0,0,0,0,0,[],346,0,0,[]
2,2,"[[329,348],[348,9430]]",0,0,[],2,0,[],0,0,0,0,0,[],348,0,0,[]
1,1,"[[184,349]]",0,0,[],1,0,[],0,0,0,0,0,[],349,0,0,[]
2,2,"[[351,988],[351,1295]]",0,0,[],2,0,[],0,0,0,0,0,[],351,0,0,[]
2,2,"[[352,1335],[352,4724]]",0,0,[],2,0,[],0,0,0,0,0,[],352,0,0,[]
1,1,"[[245,354]]",0,0,[],1,0,[],0,0,0,0,0,[],354,0,0,[]
2,2,"[[361,428],[361,787]]",0,0,[],2,0,[],0,0,0,0,0,[],361,0,0,[]
1,1,"[[10,363]]",0,0,[],1,0,[],0,0,0,0,0,[],363,0,0,[]
1,1,"[[103,364]]",0,0,[],1,0,[],0,0,0,0,0,[],364,0,0,[]
2,2,"[[365,506],[365,1395]]",0,0,[],2,0,[],0,0,0,0,0,[],365,0,0,[]
2,2,"[[367,404],[367,913]]",0,0,[],2,0,[],0,0,0,0,0,[],367,0,0,[]
1,1,"[[369,375]]",0,0,[],1,0,[],0,0,0,0,0,[],369,0,0,[]
2,2,"[[290,370],[370,4586]]",0,0,[],2,0,[],0,0,0,0,0,[],370,0,0,[]
2,2,"[[371,451],[371,476]]",0,0,[],2,0,[],0,0,0,0,0,[],371,0,0,[]
2,2,"[[211,373],[373,376]]",0,0,[],2,0,[],0,0,0,0,0,[],373,0,0,[]
1,1,"[[369,374]]",0,0,[],1,0,[],0,0,0,0,0,[],374,0,0,[]
2,2,"[[17,377],[377,1043]]",0,0,[],2,0,[],0,0,0,0,0,[],377,0,0,[]
1,1,"[[380,2082]]",0,0,[],1,0,[],0,0,0,0,0,[],380,0,0,[]
2,2,"[[319,382],[382,613]]",0,0,[],2,0,[],0,0,0,0,0,[],382,0,0,[]
1,1,"[[328,384]]",0,0,[],1,0,[],0,0,0,0,0,[],384,0,0,[]
2,2,"[[321,386],[382,386]]",0,0,[],2,0,[],0,0,0,0,0,[],386,0,0,[]
1,1,"[[387,510]]",0,0,[],1,0,[],0,0,0,0,0,[],387,0,0,[]
1,1,"[[50,388]]",0,0,[],1,0,[],0,0,0,0,0,[],388,0,0,[]
2,2,"[[392,625],[392,1617]]",0,0,[],2,0,[],0,0,0,0,0,[],392,0,0,[]
1,1,"[[393,582]]",0,0,[],1,0,[],0,0,0,0,0,[],393,0,0,[]
2,2,"[[394,429],[394,700]]",0,0,[],2,0,[],0,0,0,0,0,[],394,0,0,[]
1,1,"[[334,396]]",0,0,[],1,0,[],0,0,0,0,0,[],396,0,0,[]
2,2,"[[41,397],[336,397]]",0,0,[],2,0,[],0,0,0,0,0,[],397,0,0,[]
1,1,"[[401,432]]",0,0,[],1,0,[],0,0,0,0,0,[],401,0,0,[]
2,2,"[[403,977],[403,3304]]",0,0,[],2,0,[],0,0,0,0,0,[],403,0,0,[]
2,2,"[[175,406],[390,406]]",0,0,[],2,0,[],0,0,0,0,0,[],406,0,0,[]
1,1,"[[317,407]]",0,0,[],1,0,[],0,0,0,0,0,[],407,0,0,[]
2,2,"[[408,2299],[408,5765]]",0,0,[],2,0,[],0,0,0,0,0,[],408,0,0,[]
2,2,"[[110,409],[409,419]]",0,0,[],2,0,[],0,0,0,0,0,[],409,0,0,[]
1,1,"[[410,984]]",0,0,[],1,0,[],0,0,0,0,0,[],410,0,0,[]
1,1,"[[411,625]]",0,0,[],1,0,[],0,0,0,0,0,[],411,0,0,[]
2,2,"[[22,412],[322,412]]",0,0,[],2,0,[],0,0,0,0,0,[],412,0,0,[]
1,1,"[[413,2175]]",0,0,[],1,0,[],0,0,0,0,0,[],413,0,0,[]
1,1,"[[414,433]]",0,0,[],1,0,[],0,0,0,0,0,[],414,0,0,[]
1,1,"[[417,668]]",0,0,[],1,0,[],0,0,0,0,0,[],417,0,0,[]
1,1,"[[388,418]]",0,0,[],1,0,[],0,0,0,0,0,[],418,0,0,[]
1,1,"[[362,419]]",0,0,[],1,0,[],0,0,0,0,0,[],419,0,0,[]
1,1,"[[420,1414]]",0,0,[],1,0,[],0,0,0,0,0,[],420,0,0,[]
2,2,"[[276,422],[422,642]]",0,0,[],2,0,[],0,0,0,0,0,[],422,0,0,[]
1,1,"[[327,423]]",0,0,[],1,0,[],0,0,0,0,0,[],423,0,0,[]
2,2,"[[393,425],[425,480]]",0,0,[],2,0,[],0,0,0,0,0,[],425,0,0,[]
1,1,"[[429,575]]",0,0,[],1,0,[],0,0,0,0,0,[],429,0,0,[]
1,1,"[[375,432]]",0,0,[],1,0,[],0,0,0,0,0,[],432,0,0,[]
1,1,"[[274,433]]",0,0,[],1,0,[],0,0,0,0,0,[],433,0,0,[]
1,1,"[[437,482]]",0,0,[],1,0,[],0,0,0,0,0,[],437,0,0,[]
1,1,"[[439,600]]",0,0,[],1,0,[],0,0,0,0,0,[],439,0,0,[]
1,1,"[[276,440]]",0,0,[],1,0,[],0,0,0,0,0,[],440,0,0,[]
1,1,"[[299,444]]",0,0,[],1,0,[],0,0,0,0,0,[],444,0,0,[]
2,2,"[[247,445],[317,445]]",0,0,[],2,0,[],0,0,0,0,0,[],445,0,0,[]
2,2,"[[51,447],[295,447]]",0,0,[],2,0,[],0,0,0,0,0,[],447,0,0,[]
1,1,"[[448,1231]]",0,0,[],1,0,[],0,0,0,0,0,[],448,0,0,[]
2,2,"[[242,449],[378,449]]",0,0,[],2,0,[],0,0,0,0,0,[],449,0,0,[]
1,1,"[[104,450]]",0,0,[],1,0,[],0,0,0,0,0,[],450,0,0,[]
1,1,"[[107,451]]",0,0,[],1,0,[],0,0,0,0,0,[],451,0,0,[]
1,1,"[[452,515]]",0,0,[],1,0,[],0,0,0,0,0,[],452,0,0,[]
2,2,"[[454,728],[454,1671]]",0,0,[],2,0,[],0,0,0,0,0,[],454,0,0,[]
2,2,"[[120,455],[455,697]]",0,0,[],2,0,[],0,0,0,0,0,[],455,0,0,[]
2,2,"[[456,631],[456,938]]",0,0,[],2,0,[],0,0,0,0,0,[],456,0,0,[]
1,1,"[[457,704]]",0,0,[],1,0,[],0,0,0,0,0,[],457,0,0,[]
1,1,"[[51,460]]",0,0,[],1,0,[],0,0,0,0,0,[],460,0,0,[]
2,2,"[[212,461],[416,461]]",0,0,[],2,0,[],0,0,0,0,0,[],461,0,0,[]
1,1,"[[463,919]]",0,0,[],1,0,[],0,0,0,0,0,[],463,0,0,[]
1,1,"[[465,569]]",0,0,[],1,0,[],0,0,0,0,0,[],465,0,0,[]
1,1,"[[452,466]]",0,0,[],1,0,[],0,0,0,0,0,[],466,0,0,[]
1,1,"[[468,612]]",0,0,[],1,0,[],0,0,0,0,0,[],468,0,0,[]
1,1,"[[434,469]]",0,0,[],1,0,[],0,0,0,0,0,[],469,0,0,[]
1,1,"[[472,533]]",0,0,[],1,0,[],0,0,0,0,0,[],472,0,0,[]
1,1,"[[364,473]]",0,0,[],1,0,[],0,0,0,0,0,[],473,0,0,[]
1,1,"[[464,476]]",0,0,[],1,0,[],0,0,0,0,0,[],476,0,0,[]
1,1,"[[278,477]]",0,0,[],1,0,[],0,0,0,0,0,[],477,0,0,[]
1,1,"[[158,479]]",0,0,[],1,0,[],0,0,0,0,0,[],479,0,0,[]
1,1,"[[455,480]]",0,0,[],1,0,[],0,0,0,0,0,[],480,0,0,[]
2,2,"[[76,482],[482,853]]",0,0,[],2,0,[],0,0,0,0,0,[],482,0,0,[]
1,1,"[[483,714]]",0,0,[],1,0,[],0,0,0,0,0,[],483,0,0,[]
1,1,"[[484,488]]",0,0,[],1,0,[],0,0,0,0,0,[],484,0,0,[]
2,2,"[[437,487],[487,669]]",0,0,[],2,0,[],0,0,0,0,0,[],487,0,0,[]
2,2,"[[489,862],[489,1529]]",0,0,[],2,0,[],0,0,0,0,0,[],489,0,0,[]
1,1,"[[490,518]]",0,0,[],1,0,[],0,0,0,0,0,[],490,0,0,[]
1,1,"[[491,721]]",0,0,[],1,0,[],0,0,0,0,0,[],491,0,0,[]
2,2,"[[490,492],[492,504]]",0,0,[],2,0,[],0,0,0,0,0,[],492,0,0,[]
2,2,"[[76,493],[493,619]]",0,0,[],2,0,[],0,0,0,0,0,[],493,0,0,[]
2,2,"[[242,496],[449,496]]",0,0,[],2,0,[],0,0,0,0,0,[],496,0,0,[]
2,2,"[[499,1735],[499,1738]]",0,0,[],2,0,[],0,0,0,0,0,[],499,0,0,[]
1,1,"[[79,501]]",0,0,[],1,0,[],0,0,0,0,0,[],501,0,0,[]
1,1,"[[321,502]]",0,0,[],1,0,[],0,0,0,0,0,[],502,0,0,[]
1,1,"[[504,2943]]",0,0,[],1,0,[],0,0,0,0,0,[],504,0,0,[]
1,1,"[[147,507]]",0,0,[],1,0,[],0,0,0,0,0,[],507,0,0,[]
2,2,"[[334,508],[419,508]]",0,0,[],2,0,[],0,0,0,0,0,[],508,0,0,[]
2,2,"[[509,759],[509,3049]]",0,0,[],2,0,[],0,0,0,0,0,[],509,0,0,[]
2,2,"[[414,511],[511,595]]",0,0,[],2,0,[],0,0,0,0,0,[],511,0,0,[]
1,1,"[[512,640]]",0,0,[],1,0,[],0,0,0,0,0,[],512,0,0,[]
1,1,"[[513,1690]]",0,0,[],1,0,[],0,0,0,0,0,[],513,0,0,[]
1,1,"[[345,514]]",0,0,[],1,0,[],0,0,0,0,0,[],514,0,0,[]
1,1,"[[171,516]]",0,0,[],1,0,[],0,0,0,0,0,[],516,0,0,[]
2,2,"[[448,518],[492,518]]",0,0,[],2,0,[],0,0,0,0,0,[],518,0,0,[]
2,2,"[[519,680],[519,726]]",0,0,[],2,0,[],0,0,0,0,0,[],519,0,0,[]
2,2,"[[505,521],[521,748]]",0,0,[],2,0,[],0,0,0,0,0,[],521,0,0,[]
1,1,"[[472,522]]",0,0,[],1,0,[],0,0,0,0,0,[],522,0,0,[]
2,2,"[[370,524],[405,524]]",0,0,[],2,0,[],0,0,0,0,0,[],524,0,0,[]
1,1,"[[230,525]]",0,0,[],1,0,[],0,0,0,0,0,[],525,0,0,[]
2,2,"[[451,527],[527,641]]",0,0,[],2,0,[],0,0,0,0,0,[],527,0,0,[]
2,2,"[[528,565],[528,666]]",0,0,[],2,0,[],0,0,0,0,0,[],528,0,0,[]
1,1,"[[170,529]]",0,0,[],1,0,[],0,0,0,0,0,[],529,0,0,[]
2,2,"[[115,530],[501,530]]",0,0,[],2,0,[],0,0,0,0,0,[],530,0,0,[]
1,1,"[[17,536]]",0,0,[],1,0,[],0,0,0,0,0,[],536,0,0,[]
2,2,"[[537,591],[537,4215]]",0,0,[],2,0,[],0,0,0,0,0,[],537,0,0,[]
1,1,"[[538,573]]",0,0,[],1,0,[],0,0,0,0,0,[],538,0,0,[]
2,2,"[[356,540],[540,1313]]",0,0,[],2,0,[],0,0,0,0,0,[],540,0,0,[]
1,1,"[[389,542]]",0,0,[],1,0,[],0,0,0,0,0,[],542,0,0,[]
2,2,"[[544,655],[544,1044]]",0,0,[],2,0,[],0,0,0,0,0,[],544,0,0,[]
2,2,"[[193,545],[545,2091]]",0,0,[],2,0,[],0,0,0,0,0,[],545,0,0,[]
1,1,"[[546,615]]",0,0,[],1,0,[],0,0,0,0,0,[],546,0,0,[]
1,1,"[[547,990]]",0,0,[],1,0,[],0,0,0,0,0,[],547,0,0,[]
2,2,"[[212,548],[316,548]]",0,0,[],2,0,[],0,0,0,0,0,[],548,0,0,[]
1,1,"[[551,554]]",0,0,[],1,0,[],0,0,0,0,0,[],551,0,0,[]
2,2,"[[394,552],[448,552]]",0,0,[],2,0,[],0,0,0,0,0,[],552,0,0,[]
1,1,"[[553,1262]]",0,0,[],1,0,[],0,0,0,0,0,[],553,0,0,[]
1,1,"[[552,554]]",0,0,[],1,0,[],0,0,0,0,0,[],554,0,0,[]
1,1,"[[509,555]]",0,0,[],1,0,[],0,0,0,0,0,[],555,0,0,[]
1,1,"[[556,870]]",0,0,[],1,0,[],0,0,0,0,0,[],556,0,0,[]
2,2,"[[513,559],[559,1681]]",0,0,[],2,0,[],0,0,0,0,0,[],559,0,0,[]
1,1,"[[562,797]]",0,0,[],1,0,[],0,0,0,0,0,[],562,0,0,[]
1,1,"[[413,563]]",0,0,[],1,0,[],0,0,0,0,0,[],563,0,0,[]
2,2,"[[94,566],[566,877]]",0,0,[],2,0,[],0,0,0,0,0,[],566,0,0,[]
1,1,"[[486,567]]",0,0,[],1,0,[],0,0,0,0,0,[],567,0,0,[]
1,1,"[[560,570]]",0,0,[],1,0,[],0,0,0,0,0,[],570,0,0,[]
2,2,"[[201,571],[437,571]]",0,0,[],2,0,[],0,0,0,0,0,[],571,0,0,[]
2,2,"[[572,655],[572,870]]",0,0,[],2,0,[],0,0,0,0,0,[],572,0,0,[]
1,1,"[[575,1066]]",0,0,[],1,0,[],0,0,0,0,0,[],575,0,0,[]
2,2,"[[576,1220],[576,1897]]",0,0,[],2,0,[],0,0,0,0,0,[],576,0,0,[]
1,1,"[[577,774]]",0,0,[],1,0,[],0,0,0,0,0,[],577,0,0,[]
1,1,"[[247,578]]",0,0,[],1,0,[],0,0,0,0,0,[],578,0,0,[]
2,2,"[[7,579],[579,1642]]",0,0,[],2,0,[],0,0,0,0,0,[],579,0,0,[]
1,1,"[[438,581]]",0,0,[],1,0,[],0,0,0,0,0,[],581,0,0,[]
2,2,"[[585,2088],[585,3304]]",0,0,[],2,0,[],0,0,0,0,0,[],585,0,0,[]
1,1,"[[463,590]]",0,0,[],1,0,[],0,0,0,0,0,[],590,0,0,[]
1,1,"[[593,975]]",0,0,[],1,0,[],0,0,0,0,0,[],593,0,0,[]
2,2,"[[594,605],[594,694]]",0,0,[],2,0,[],0,0,0,0,0,[],594,0,0,[]
2,2,"[[230,595],[595,726]]",0,0,[],2,0,[],0,0,0,0,0,[],595,0,0,[]
1,1,"[[596,4010]]",0,0,[],1,0,[],0,0,0,0,0,[],596,0,0,[]
2,2,"[[175,599],[599,1138]]",0,0,[],2,0,[],0,0,0,0,0,[],599,0,0,[]
1,1,"[[475,601]]",0,0,[],1,0,[],0,0,0,0,0,[],601,0,0,[]
1,1,"[[579,602]]",0,0,[],1,0,[],0,0,0,0,0,[],602,0,0,[]
1,1,"[[603,1366]]",0,0,[],1,0,[],0,0,0,0,0,[],603,0,0,[]
1,1,"[[606,1698]]",0,0,[],1,0,[],0,0,0,0,0,[],606,0,0,[]
1,1,"[[607,3514]]",0,0,[],1,0,[],0,0,0,0,0,[],607,0,0,[]
1,1,"[[304,608]]",0,0,[],1,0,[],0,0,0,0,0,[],608,0,0,[]
1,1,"[[609,2255]]",0,0,[],1,0,[],0,0,0,0,0,[],609,0,0,[]
2,2,"[[620,839],[620,1395]]",0,0,[],2,0,[],0,0,0,0,0,[],620,0,0,[]
1,1,"[[621,2438]]",0,0,[],1,0,[],0,0,0,0,0,[],621,0,0,[]
1,1,"[[625,1268]]",0,0,[],1,0,[],0,0,0,0,0,[],625,0,0,[]
2,2,"[[101,626],[235,626]]",0,0,[],2,0,[],0,0,0,0,0,[],626,0,0,[]
2,2,"[[627,767],[627,1309]]",0,0,[],2,0,[],0,0,0,0,0,[],627,0,0,[]
2,2,"[[629,3746],[629,4825]]",0,0,[],2,0,[],0,0,0,0,0,[],629,0,0,[]
1,1,"[[633,764]]",0,0,[],1,0,[],0,0,0,0,0,[],633,0,0,[]
1,1,"[[634,2000]]",0,0,[],1,0,[],0,0,0,0,0,[],634,0,0,[]
1,1,"[[639,6379]]",0,0,[],1,0,[],0,0,0,0,0,[],639,0,0,[]
2,2,"[[618,641],[641,708]]",0,0,[],2,0,[],0,0,0,0,0,[],641,0,0,[]
2,2,"[[90,642],[440,642]]",0,0,[],2,0,[],0,0,0,0,0,[],642,0,0,[]
1,1,"[[643,775]]",0,0,[],1,0,[],0,0,0,0,0,[],643,0,0,[]
1,1,"[[93,644]]",0,0,[],1,0,[],0,0,0,0,0,[],644,0,0,[]
2,2,"[[645,1384],[645,1960]]",0,0,[],2,0,[],0,0,0,0,0,[],645,0,0,[]
1,1,"[[424,647]]",0,0,[],1,0,[],0,0,0,0,0,[],647,0,0,[]
1,1,"[[76,648]]",0,0,[],1,0,[],0,0,0,0,0,[],648,0,0,[]
2,2,"[[651,1011],[651,4320]]",0,0,[],2,0,[],0,0,0,0,0,[],651,0,0,[]
1,1,"[[495,652]]",0,0,[],1,0,[],0,0,0,0,0,[],652,0,0,[]
1,1,"[[653,1228]]",0,0,[],1,0,[],0,0,0,0,0,[],653,0,0,[]
1,1,"[[656,660]]",0,0,[],1,0,[],0,0,0,0,0,[],656,0,0,[]
1,1,"[[657,677]]",0,0,[],1,0,[],0,0,0,0,0,[],657,0,0,[]
1,1,"[[291,658]]",0,0,[],1,0,[],0,0,0,0,0,[],658,0,0,[]
2,2,"[[443,659],[659,795]]",0,0,[],2,0,[],0,0,0,0,0,[],659,0,0,[]
1,1,"[[359,660]]",0,0,[],1,0,[],0,0,0,0,0,[],660,0,0,[]
2,2,"[[662,924],[662,6495]]",0,0,[],2,0,[],0,0,0,0,0,[],662,0,0,[]
1,1,"[[663,727]]",0,0,[],1,0,[],0,0,0,0,0,[],663,0,0,[]
1,1,"[[664,1932]]",0,0,[],1,0,[],0,0,0,0,0,[],664,0,0,[]
1,1,"[[343,666]]",0,0,[],1,0,[],0,0,0,0,0,[],666,0,0,[]
1,1,"[[667,1387]]",0,0,[],1,0,[],0,0,0,0,0,[],667,0,0,[]
1,1,"[[668,2468]]",0,0,[],1,0,[],0,0,0,0,0,[],668,0,0,[]
2,2,"[[201,669],[669,780]]",0,0,[],2,0,[],0,0,0,0,0,[],669,0,0,[]
1,1,"[[327,670]]",0,0,[],1,0,[],0,0,0,0,0,[],670,0,0,[]
1,1,"[[671,1472]]",0,0,[],1,0,[],0,0,0,0,0,[],671,0,0,[]
2,2,"[[459,672],[577,672]]",0,0,[],2,0,[],0,0,0,0,0,[],672,0,0,[]
1,1,"[[50,674]]",0,0,[],1,0,[],0,0,0,0,0,[],674,0,0,[]
2,2,"[[246,676],[302,676]]",0,0,[],2,0,[],0,0,0,0,0,[],676,0,0,[]
2,2,"[[317,680],[395,680]]",0,0,[],2,0,[],0,0,0,0,0,[],680,0,0,[]
2,2,"[[682,723],[682,5210]]",0,0,[],2,0,[],0,0,0,0,0,[],682,0,0,[]
2,2,"[[119,684],[684,1726]]",0,0,[],2,0,[],0,0,0,0,0,[],684,0,0,[]
1,1,"[[687,3849]]",0,0,[],1,0,[],0,0,0,0,0,[],687,0,0,[]
2,2,"[[168,688],[502,688]]",0,0,[],2,0,[],0,0,0,0,0,[],688,0,0,[]
1,1,"[[387,689]]",0,0,[],1,0,[],0,0,0,0,0,[],689,0,0,[]
2,2,"[[512,691],[691,770]]",0,0,[],2,0,[],0,0,0,0,0,[],691,0,0,[]
1,1,"[[609,694]]",0,0,[],1,0,[],0,0,0,0,0,[],694,0,0,[]
1,1,"[[695,1185]]",0,0,[],1,0,[],0,0,0,0,0,[],695,0,0,[]
1,1,"[[696,1556]]",0,0,[],1,0,[],0,0,0,0,0,[],696,0,0,[]
1,1,"[[693,698]]",0,0,[],1,0,[],0,0,0,0,0,[],698,0,0,[]
1,1,"[[411,699]]",0,0,[],1,0,[],0,0,0,0,0,[],699,0,0,[]
2,2,"[[565,700],[700,725]]",0,0,[],2,0,[],0,0,0,0,0,[],700,0,0,[]
1,1,"[[701,2923]]",0,0,[],1,0,[],0,0,0,0,0,[],701,0,0,[]
2,2,"[[705,714],[705,2046]]",0,0,[],2,0,[],0,0,0,0,0,[],705,0,0,[]
2,2,"[[707,808],[707,2942]]",0,0,[],2,0,[],0,0,0,0,0,[],707,0,0,[]
2,2,"[[463,708],[618,708]]",0,0,[],2,0,[],0,0,0,0,0,[],708,0,0,[]
1,1,"[[685,712]]",0,0,[],1,0,[],0,0,0,0,0,[],712,0,0,[]
1,1,"[[616,713]]",0,0,[],1,0,[],0,0,0,0,0,[],713,0,0,[]
2,2,"[[622,717],[717,1282]]",0,0,[],2,0,[],0,0,0,0,0,[],717,0,0,[]
2,2,"[[625,722],[722,935]]",0,0,[],2,0,[],0,0,0,0,0,[],722,0,0,[]
1,1,"[[34,723]]",0,0,[],1,0,[],0,0,0,0,0,[],723,0,0,[]
1,1,"[[724,2293]]",0,0,[],1,0,[],0,0,0,0,0,[],724,0,0,[]
1,1,"[[727,1406]]",0,0,[],1,0,[],0,0,0,0,0,[],727,0,0,[]
1,1,"[[728,9737]]",0,0,[],1,0,[],0,0,0,0,0,[],728,0,0,[]
1,1,"[[403,732]]",0,0,[],1,0,[],0,0,0,0,0,[],732,0,0,[]
2,2,"[[733,780],[733,814]]",0,0,[],2,0,[],0,0,0,0,0,[],733,0,0,[]
1,1,"[[734,4410]]",0,0,[],1,0,[],0,0,0,0,0,[],734,0,0,[]
2,2,"[[543,735],[558,735]]",0,0,[],2,0,[],0,0,0,0,0,[],735,0,0,[]
1,1,"[[344,736]]",0,0,[],1,0,[],0,0,0,0,0,[],736,0,0,[]
1,1,"[[737,901]]",0,0,[],1,0,[],0,0,0,0,0,[],737,0,0,[]
1,1,"[[738,1155]]",0,0,[],1,0,[],0,0,0,0,0,[],738,0,0,[]
2,2,"[[459,740],[740,5723]]",0,0,[],2,0,[],0,0,0,0,0,[],740,0,0,[]
2,2,"[[741,1411],[741,1417]]",0,0,[],2,0,[],0,0,0,0,0,[],741,0,0,[]
1,1,"[[742,1277]]",0,0,[],1,0,[],0,0,0,0,0,[],742,0,0,[]
1,1,"[[436,743]]",0,0,[],1,0,[],0,0,0,0,0,[],743,0,0,[]
1,1,"[[102,744]]",0,0,[],1,0,[],0,0,0,0,0,[],744,0,0,[]
2,2,"[[386,746],[746,1487]]",0,0,[],2,0,[],0,0,0,0,0,[],746,0,0,[]
1,1,"[[392,747]]",0,0,[],1,0,[],0,0,0,0,0,[],747,0,0,[]
2,2,"[[749,1419],[749,1583]]",0,0,[],2,0,[],0,0,0,0,0,[],749,0,0,[]
1,1,"[[750,7589]]",0,0,[],1,0,[],0,0,0,0,0,[],750,0,0,[]
2,2,"[[358,753],[753,989]]",0,0,[],2,0,[],0,0,0,0,0,[],753,0,0,[]
1,1,"[[679,757]]",0,0,[],1,0,[],0,0,0,0,0,[],757,0,0,[]
2,2,"[[238,758],[758,776]]",0,0,[],2,0,[],0,0,0,0,0,[],758,0,0,[]
2,2,"[[594,760],[605,760]]",0,0,[],2,0,[],0,0,0,0,0,[],760,0,0,[]
1,1,"[[763,1546]]",0,0,[],1,0,[],0,0,0,0,0,[],763,0,0,[]
1,1,"[[764,818]]",0,0,[],1,0,[],0,0,0,0,0,[],764,0,0,[]
1,1,"[[765,5518]]",0,0,[],1,0,[],0,0,0,0,0,[],765,0,0,[]
2,2,"[[41,766],[766,812]]",0,0,[],2,0,[],0,0,0,0,0,[],766,0,0,[]
2,2,"[[700,769],[769,1343]]",0,0,[],2,0,[],0,0,0,0,0,[],769,0,0,[]
1,1,"[[770,1209]]",0,0,[],1,0,[],0,0,0,0,0,[],770,0,0,[]
2,2,"[[423,771],[771,2424]]",0,0,[],2,0,[],0,0,0,0,0,[],771,0,0,[]
1,1,"[[672,774]]",0,0,[],1,0,[],0,0,0,0,0,[],774,0,0,[]
1,1,"[[775,2342]]",0,0,[],1,0,[],0,0,0,0,0,[],775,0,0,[]
2,2,"[[777,945],[777,2075]]",0,0,[],2,0,[],0,0,0,0,0,[],777,0,0,[]
2,2,"[[781,913],[781,8162]]",0,0,[],2,0,[],0,0,0,0,0,[],781,0,0,[]
1,1,"[[782,4833]]",0,0,[],1,0,[],0,0,0,0,0,[],782,0,0,[]
1,1,"[[783,2190]]",0,0,[],1,0,[],0,0,0,0,0,[],783,0,0,[]
1,1,"[[785,1433]]",0,0,[],1,0,[],0,0,0,0,0,[],785,0,0,[]
1,1,"[[143,786]]",0,0,[],1,0,[],0,0,0,0,0,[],786,0,0,[]
2,2,"[[767,788],[788,1835]]",0,0,[],2,0,[],0,0,0,0,0,[],788,0,0,[]
2,2,"[[562,789],[789,809]]",0,0,[],2,0,[],0,0,0,0,0,[],789,0,0,[]
1,1,"[[574,791]]",0,0,[],1,0,[],0,0,0,0,0,[],791,0,0,[]
1,1,"[[792,1018]]",0,0,[],1,0,[],0,0,0,0,0,[],792,0,0,[]
1,1,"[[793,856]]",0,0,[],1,0,[],0,0,0,0,0,[],793,0,0,[]
1,1,"[[796,866]]",0,0,[],1,0,[],0,0,0,0,0,[],796,0,0,[]
1,1,"[[797,1664]]",0,0,[],1,0,[],0,0,0,0,0,[],797,0,0,[]
1,1,"[[596,798]]",0,0,[],1,0,[],0,0,0,0,0,[],798,0,0,[]
1,1,"[[799,1106]]",0,0,[],1,0,[],0,0,0,0,0,[],799,0,0,[]
2,2,"[[544,800],[800,2906]]",0,0,[],2,0,[],0,0,0,0,0,[],800,0,0,[]
1,1,"[[107,801]]",0,0,[],1,0,[],0,0,0,0,0,[],801,0,0,[]
1,1,"[[616,802]]",0,0,[],1,0,[],0,0,0,0,0,[],802,0,0,[]
1,1,"[[803,1167]]",0,0,[],1,0,[],0,0,0,0,0,[],803,0,0,[]
1,1,"[[719,806]]",0,0,[],1,0,[],0,0,0,0,0,[],806,0,0,[]
2,2,"[[63,809],[809,819]]",0,0,[],2,0,[],0,0,0,0,0,[],809,0,0,[]
2,2,"[[378,810],[496,810]]",0,0,[],2,0,[],0,0,0,0,0,[],810,0,0,[]
1,1,"[[812,967]]",0,0,[],1,0,[],0,0,0,0,0,[],812,0,0,[]
1,1,"[[734,815]]",0,0,[],1,0,[],0,0,0,0,0,[],815,0,0,[]
2,2,"[[654,816],[816,820]]",0,0,[],2,0,[],0,0,0,0,0,[],816,0,0,[]
1,1,"[[529,817]]",0,0,[],1,0,[],0,0,0,0,0,[],817,0,0,[]
1,1,"[[818,5845]]",0,0,[],1,0,[],0,0,0,0,0,[],818,0,0,[]
1,1,"[[712,820]]",0,0,[],1,0,[],0,0,0,0,0,[],820,0,0,[]
2,2,"[[821,2385],[821,8578]]",0,0,[],2,0,[],0,0,0,0,0,[],821,0,0,[]
1,1,"[[524,822]]",0,0,[],1,0,[],0,0,0,0,0,[],822,0,0,[]
2,2,"[[42,823],[653,823]]",0,0,[],2,0,[],0,0,0,0,0,[],823,0,0,[]
1,1,"[[75,824]]",0,0,[],1,0,[],0,0,0,0,0,[],824,0,0,[]
1,1,"[[826,1264]]",0,0,[],1,0,[],0,0,0,0,0,[],826,0,0,[]
2,2,"[[720,828],[828,844]]",0,0,[],2,0,[],0,0,0,0,0,[],828,0,0,[]
1,1,"[[193,829]]",0,0,[],1,0,[],0,0,0,0,0,[],829,0,0,[]
2,2,"[[542,830],[550,830]]",0,0,[],2,0,[],0,0,0,0,0,[],830,0,0,[]
2,2,"[[668,831],[831,1309]]",0,0,[],2,0,[],0,0,0,0,0,[],831,0,0,[]
2,2,"[[832,905],[832,8828]]",0,0,[],2,0,[],0,0,0,0,0,[],832,0,0,[]
2,2,"[[833,1393],[833,1535]]",0,0,[],2,0,[],0,0,0,0,0,[],833,0,0,[]
2,2,"[[834,1458],[834,2038]]",0,0,[],2,0,[],0,0,0,0,0,[],834,0,0,[]
2,2,"[[690,835],[835,920]]",0,0,[],2,0,[],0,0,0,0,0,[],835,0,0,[]
2,2,"[[60,836],[342,836]]",0,0,[],2,0,[],0,0,0,0,0,[],836,0,0,[]
1,1,"[[351,838]]",0,0,[],1,0,[],0,0,0,0,0,[],838,0,0,[]
1,1,"[[199,839]]",0,0,[],1,0,[],0,0,0,0,0,[],839,0,0,[]
1,1,"[[840,1404]]",0,0,[],1,0,[],0,0,0,0,0,[],840,0,0,[]
2,2,"[[841,1189],[841,1378]]",0,0,[],2,0,[],0,0,0,0,0,[],841,0,0,[]
1,1,"[[273,843]]",0,0,[],1,0,[],0,0,0,0,0,[],843,0,0,[]
1,1,"[[845,5735]]",0,0,[],1,0,[],0,0,0,0,0,[],845,0,0,[]
1,1,"[[318,848]]",0,0,[],1,0,[],0,0,0,0,0,[],848,0,0,[]
1,1,"[[604,850]]",0,0,[],1,0,[],0,0,0,0,0,[],850,0,0,[]
1,1,"[[82,851]]",0,0,[],1,0,[],0,0,0,0,0,[],851,0,0,[]
2,2,"[[497,852],[852,1224]]",0,0,[],2,0,[],0,0,0,0,0,[],852,0,0,[]
1,1,"[[855,1884]]",0,0,[],1,0,[],0,0,0,0,0,[],855,0,0,[]
1,1,"[[773,857]]",0,0,[],1,0,[],0,0,0,0,0,[],857,0,0,[]
2,2,"[[403,858],[858,2384]]",0,0,[],2,0,[],0,0,0,0,0,[],858,0,0,[]
2,2,"[[249,860],[860,4167]]",0,0,[],2,0,[],0,0,0,0,0,[],860,0,0,[]
1,1,"[[167,861]]",0,0,[],1,0,[],0,0,0,0,0,[],861,0,0,[]
2,2,"[[237,863],[863,3015]]",0,0,[],2,0,[],0,0,0,0,0,[],863,0,0,[]
2,2,"[[864,981],[864,4645]]",0,0,[],2,0,[],0,0,0,0,0,[],864,0,0,[]
2,2,"[[541,865],[865,1156]]",0,0,[],2,0,[],0,0,0,0,0,[],865,0,0,[]
1,1,"[[85,867]]",0,0,[],1,0,[],0,0,0,0,0,[],867,0,0,[]
2,2,"[[731,868],[868,5877]]",0,0,[],2,0,[],0,0,0,0,0,[],868,0,0,[]
2,2,"[[245,869],[386,869]]",0,0,[],2,0,[],0,0,0,0,0,[],869,0,0,[]
1,1,"[[50,870]]",0,0,[],1,0,[],0,0,0,0,0,[],870,0,0,[]
1,1,"[[808,871]]",0,0,[],1,0,[],0,0,0,0,0,[],871,0,0,[]
1,1,"[[872,4227]]",0,0,[],1,0,[],0,0,0,0,0,[],872,0,0,[]
2,2,"[[551,873],[873,2210]]",0,0,[],2,0,[],0,0,0,0,0,[],873,0,0,[]
2,2,"[[459,874],[874,1447]]",0,0,[],2,0,[],0,0,0,0,0,[],874,0,0,[]
1,1,"[[48,875]]",0,0,[],1,0,[],0,0,0,0,0,[],875,0,0,[]
2,2,"[[876,1063],[876,1500]]",0,0,[],2,0,[],0,0,0,0,0,[],876,0,0,[]
2,2,"[[880,1058],[880,1781]]",0,0,[],2,0,[],0,0,0,0,0,[],880,0,0,[]
2,2,"[[474,882],[882,998]]",0,0,[],2,0,[],0,0,0,0,0,[],882,0,0,[]
2,2,"[[883,1290],[883,2434]]",0,0,[],2,0,[],0,0,0,0,0,[],883,0,0,[]
1,1,"[[884,4960]]",0,0,[],1,0,[],0,0,0,0,0,[],884,0,0,[]
1,1,"[[885,2184]]",0,0,[],1,0,[],0,0,0,0,0,[],885,0,0,[]
1,1,"[[887,1009]]",0,0,[],1,0,[],0,0,0,0,0,[],887,0,0,[]
2,2,"[[864,893],[893,981]]",0,0,[],2,0,[],0,0,0,0,0,[],893,0,0,[]
2,2,"[[895,1026],[895,1415]]",0,0,[],2,0,[],0,0,0,0,0,[],895,0,0,[]
2,2,"[[198,896],[896,1368]]",0,0,[],2,0,[],0,0,0,0,0,[],896,0,0,[]
1,1,"[[483,897]]",0,0,[],1,0,[],0,0,0,0,0,[],897,0,0,[]
1,1,"[[720,898]]",0,0,[],1,0,[],0,0,0,0,0,[],898,0,0,[]
1,1,"[[899,990]]",0,0,[],1,0,[],0,0,0,0,0,[],899,0,0,[]
2,2,"[[900,3246],[900,5107]]",0,0,[],2,0,[],0,0,0,0,0,[],900,0,0,[]
2,2,"[[902,2691],[902,4170]]",0,0,[],2,0,[],0,0,0,0,0,[],902,0,0,[]
1,1,"[[607,903]]",0,0,[],1,0,[],0,0,0,0,0,[],903,0,0,[]
2,2,"[[745,904],[904,5449]]",0,0,[],2,0,[],0,0,0,0,0,[],904,0,0,[]
1,1,"[[701,906]]",0,0,[],1,0,[],0,0,0,0,0,[],906,0,0,[]
1,1,"[[908,1287]]",0,0,[],1,0,[],0,0,0,0,0,[],908,0,0,[]
1,1,"[[909,939]]",0,0,[],1,0,[],0,0,0,0,0,[],909,0,0,[]
1,1,"[[775,910]]",0,0,[],1,0,[],0,0,0,0,0,[],910,0,0,[]
1,1,"[[911,1696]]",0,0,[],1,0,[],0,0,0,0,0,[],911,0,0,[]
2,2,"[[536,912],[912,2084]]",0,0,[],2,0,[],0,0,0,0,0,[],912,0,0,[]
2,2,"[[885,914],[914,1527]]",0,0,[],2,0,[],0,0,0,0,0,[],914,0,0,[]
2,2,"[[917,940],[917,2121]]",0,0,[],2,0,[],0,0,0,0,0,[],917,0,0,[]
2,2,"[[762,918],[918,3495]]",0,0,[],2,0,[],0,0,0,0,0,[],918,0,0,[]
1,1,"[[590,919]]",0,0,[],1,0,[],0,0,0,0,0,[],919,0,0,[]
1,1,"[[713,920]]",0,0,[],1,0,[],0,0,0,0,0,[],920,0,0,[]
2,2,"[[921,997],[921,3115]]",0,0,[],2,0,[],0,0,0,0,0,[],921,0,0,[]
2,2,"[[354,924],[533,924]]",0,0,[],2,0,[],0,0,0,0,0,[],924,0,0,[]
2,2,"[[471,926],[801,926]]",0,0,[],2,0,[],0,0,0,0,0,[],926,0,0,[]
1,1,"[[729,929]]",0,0,[],1,0,[],0,0,0,0,0,[],929,0,0,[]
2,2,"[[862,930],[930,8512]]",0,0,[],2,0,[],0,0,0,0,0,[],930,0,0,[]
1,1,"[[931,1077]]",0,0,[],1,0,[],0,0,0,0,0,[],931,0,0,[]
2,2,"[[620,932],[738,932]]",0,0,[],2,0,[],0,0,0,0,0,[],932,0,0,[]
2,2,"[[286,933],[933,983]]",0,0,[],2,0,[],0,0,0,0,0,[],933,0,0,[]
1,1,"[[747,935]]",0,0,[],1,0,[],0,0,0,0,0,[],935,0,0,[]
1,1,"[[939,1930]]",0,0,[],1,0,[],0,0,0,0,0,[],939,0,0,[]
2,2,"[[400,941],[941,6512]]",0,0,[],2,0,[],0,0,0,0,0,[],941,0,0,[]
2,2,"[[822,944],[944,1139]]",0,0,[],2,0,[],0,0,0,0,0,[],944,0,0,[]
1,1,"[[509,948]]",0,0,[],1,0,[],0,0,0,0,0,[],948,0,0,[]
2,2,"[[738,949],[949,1342]]",0,0,[],2,0,[],0,0,0,0,0,[],949,0,0,[]
2,2,"[[950,3336],[950,5136]]",0,0,[],2,0,[],0,0,0,0,0,[],950,0,0,[]
1,1,"[[42,951]]",0,0,[],1,0,[],0,0,0,0,0,[],951,0,0,[]
1,1,"[[952,1541]]",0,0,[],1,0,[],0,0,0,0,0,[],952,0,0,[]
1,1,"[[849,954]]",0,0,[],1,0,[],0,0,0,0,0,[],954,0,0,[]
1,1,"[[955,7774]]",0,0,[],1,0,[],0,0,0,0,0,[],955,0,0,[]
1,1,"[[956,1056]]",0,0,[],1,0,[],0,0,0,0,0,[],956,0,0,[]
1,1,"[[378,957]]",0,0,[],1,0,[],0,0,0,0,0,[],957,0,0,[]
2,2,"[[958,1248],[958,1333]]",0,0,[],2,0,[],0,0,0,0,0,[],958,0,0,[]
1,1,"[[961,1023]]",0,0,[],1,0,[],0,0,0,0,0,[],961,0,0,[]
2,2,"[[962,1278],[962,1514]]",0,0,[],2,0,[],0,0,0,0,0,[],962,0,0,[]
2,2,"[[149,963],[963,1986]]",0,0,[],2,0,[],0,0,0,0,0,[],963,0,0,[]
2,2,"[[964,1069],[964,2111]]",0,0,[],2,0,[],0,0,0,0,0,[],964,0,0,[]
1,1,"[[102,966]]",0,0,[],1,0,[],0,0,0,0,0,[],966,0,0,[]
1,1,"[[971,1418]]",0,0,[],1,0,[],0,0,0,0,0,[],971,0,0,[]
1,1,"[[973,1588]]",0,0,[],1,0,[],0,0,0,0,0,[],973,0,0,[]
1,1,"[[974,1730]]",0,0,[],1,0,[],0,0,0,0,0,[],974,0,0,[]
1,1,"[[975,1876]]",0,0,[],1,0,[],0,0,0,0,0,[],975,0,0,[]
2,2,"[[870,976],[976,5989]]",0,0,[],2,0,[],0,0,0,0,0,[],976,0,0,[]
1,1,"[[208,978]]",0,0,[],1,0,[],0,0,0,0,0,[],978,0,0,[]
2,2,"[[76,979],[631,979]]",0,0,[],2,0,[],0,0,0,0,0,[],979,0,0,[]
1,1,"[[807,980]]",0,0,[],1,0,[],0,0,0,0,0,[],980,0,0,[]
1,1,"[[593,982]]",0,0,[],1,0,[],0,0,0,0,0,[],982,0,0,[]
1,1,"[[859,986]]",0,0,[],1,0,[],0,0,0,0,0,[],986,0,0,[]
2,2,"[[987,4376],[987,4382]]",0,0,[],2,0,[],0,0,0,0,0,[],987,0,0,[]
1,1,"[[759,988]]",0,0,[],1,0,[],0,0,0,0,0,[],988,0,0,[]
1,1,"[[925,992]]",0,0,[],1,0,[],0,0,0,0,0,[],992,0,0,[]
1,1,"[[344,993]]",0,0,[],1,0,[],0,0,0,0,0,[],993,0,0,[]
1,1,"[[606,994]]",0,0,[],1,0,[],0,0,0,0,0,[],994,0,0,[]
2,2,"[[528,995],[666,995]]",0,0,[],2,0,[],0,0,0,0,0,[],995,0,0,[]
1,1,"[[996,3715]]",0,0,[],1,0,[],0,0,0,0,0,[],996,0,0,[]
1,1,"[[997,8000]]",0,0,[],1,0,[],0,0,0,0,0,[],997,0,0,[]
1,1,"[[301,1000]]",0,0,[],1,0,[],0,0,0,0,0,[],1000,0,0,[]
1,1,"[[220,1001]]",0,0,[],1,0,[],0,0,0,0,0,[],1001,0,0,[]
2,2,"[[24,1005],[523,1005]]",0,0,[],2,0,[],0,0,0,0,0,[],1005,0,0,[]
1,1,"[[783,1006]]",0,0,[],1,0,[],0,0,0,0,0,[],1006,0,0,[]
1,1,"[[1008,1321]]",0,0,[],1,0,[],0,0,0,0,0,[],1008,0,0,[]
2,2,"[[370,1009],[982,1009]]",0,0,[],2,0,[],0,0,0,0,0,[],1009,0,0,[]
2,2,"[[1010,1790],[1010,3599]]",0,0,[],2,0,[],0,0,0,0,0,[],1010,0,0,[]
1,1,"[[1011,5617]]",0,0,[],1,0,[],0,0,0,0,0,[],1011,0,0,[]
2,2,"[[429,1012],[516,1012]]",0,0,[],2,0,[],0,0,0,0,0,[],1012,0,0,[]
2,2,"[[675,1014],[1014,1738]]",0,0,[],2,0,[],0,0,0,0,0,[],1014,0,0,[]
2,2,"[[1015,6252],[1015,7563]]",0,0,[],2,0,[],0,0,0,0,0,[],1015,0,0,[]
2,2,"[[830,1016],[1016,11439]]",0,0,[],2,0,[],0,0,0,0,0,[],1016,0,0,[]
1,1,"[[817,1017]]",0,0,[],1,0,[],0,0,0,0,0,[],1017,0,0,[]
1,1,"[[1020,1197]]",0,0,[],1,0,[],0,0,0,0,0,[],1020,0,0,[]
1,1,"[[1022,1490]]",0,0,[],1,0,[],0,0,0,0,0,[],1022,0,0,[]
1,1,"[[1023,6160]]",0,0,[],1,0,[],0,0,0,0,0,[],1023,0,0,[]
1,1,"[[759,1024]]",0,0,[],1,0,[],0,0,0,0,0,[],1024,0,0,[]
1,1,"[[421,1025]]",0,0,[],1,0,[],0,0,0,0,0,[],1025,0,0,[]
1,1,"[[1026,6213]]",0,0,[],1,0,[],0,0,0,0,0,[],1026,0,0,[]
2,2,"[[315,1029],[1029,2351]]",0,0,[],2,0,[],0,0,0,0,0,[],1029,0,0,[]
2,2,"[[1004,1030],[1030,1424]]",0,0,[],2,0,[],0,0,0,0,0,[],1030,0,0,[]
1,1,"[[406,1031]]",0,0,[],1,0,[],0,0,0,0,0,[],1031,0,0,[]
2,2,"[[1034,1633],[1034,11733]]",0,0,[],2,0,[],0,0,0,0,0,[],1034,0,0,[]
2,2,"[[675,1037],[876,1037]]",0,0,[],2,0,[],0,0,0,0,0,[],1037,0,0,[]
1,1,"[[323,1038]]",0,0,[],1,0,[],0,0,0,0,0,[],1038,0,0,[]
2,2,"[[155,1039],[312,1039]]",0,0,[],2,0,[],0,0,0,0,0,[],1039,0,0,[]
1,1,"[[687,1040]]",0,0,[],1,0,[],0,0,0,0,0,[],1040,0,0,[]
2,2,"[[67,1041],[1041,1075]]",0,0,[],2,0,[],0,0,0,0,0,[],1041,0,0,[]
1,1,"[[1042,6925]]",0,0,[],1,0,[],0,0,0,0,0,[],1042,0,0,[]
2,2,"[[823,1044],[1044,1047]]",0,0,[],2,0,[],0,0,0,0,0,[],1044,0,0,[]
1,1,"[[105,1046]]",0,0,[],1,0,[],0,0,0,0,0,[],1046,0,0,[]
1,1,"[[1048,1143]]",0,0,[],1,0,[],0,0,0,0,0,[],1048,0,0,[]
2,2,"[[159,1049],[1049,1423]]",0,0,[],2,0,[],0,0,0,0,0,[],1049,0,0,[]
1,1,"[[1050,1648]]",0,0,[],1,0,[],0,0,0,0,0,[],1050,0,0,[]
1,1,"[[698,1053]]",0,0,[],1,0,[],0,0,0,0,0,[],1053,0,0,[]
1,1,"[[1055,1455]]",0,0,[],1,0,[],0,0,0,0,0,[],1055,0,0,[]
1,1,"[[1056,1091]]",0,0,[],1,0,[],0,0,0,0,0,[],1056,0,0,[]
2,2,"[[97,1057],[679,1057]]",0,0,[],2,0,[],0,0,0,0,0,[],1057,0,0,[]
2,2,"[[980,1060],[1060,1241]]",0,0,[],2,0,[],0,0,0,0,0,[],1060,0,0,[]
2,2,"[[1062,1529],[1062,1943]]",0,0,[],2,0,[],0,0,0,0,0,[],1062,0,0,[]
1,1,"[[1063,1223]]",0,0,[],1,0,[],0,0,0,0,0,[],1063,0,0,[]
2,2,"[[653,1064],[1064,5586]]",0,0,[],2,0,[],0,0,0,0,0,[],1064,0,0,[]
1,1,"[[1065,9119]]",0,0,[],1,0,[],0,0,0,0,0,[],1065,0,0,[]
1,1,"[[394,1066]]",0,0,[],1,0,[],0,0,0,0,0,[],1066,0,0,[]
2,2,"[[1068,1095],[1068,2000]]",0,0,[],2,0,[],0,0,0,0,0,[],1068,0,0,[]
2,2,"[[1069,1084],[1069,1227]]",0,0,[],2,0,[],0,0,0,0,0,[],1069,0,0,[]
2,2,"[[52,1070],[1070,2937]]",0,0,[],2,0,[],0,0,0,0,0,[],1070,0,0,[]
2,2,"[[74,1074],[1074,7875]]",0,0,[],2,0,[],0,0,0,0,0,[],1074,0,0,[]
1,1,"[[1075,2120]]",0,0,[],1,0,[],0,0,0,0,0,[],1075,0,0,[]
1,1,"[[1079,1406]]",0,0,[],1,0,[],0,0,0,0,0,[],1079,0,0,[]
2,2,"[[1080,1478],[1080,1635]]",0,0,[],2,0,[],0,0,0,0,0,[],1080,0,0,[]
1,1,"[[1083,1267]]",0,0,[],1,0,[],0,0,0,0,0,[],1083,0,0,[]
1,1,"[[40,1085]]",0,0,[],1,0,[],0,0,0,0,0,[],1085,0,0,[]
2,2,"[[45,1087],[1065,1087]]",0,0,[],2,0,[],0,0,0,0,0,[],1087,0,0,[]
2,2,"[[212,1088],[630,1088]]",0,0,[],2,0,[],0,0,0,0,0,[],1088,0,0,[]
2,2,"[[714,1089],[897,1089]]",0,0,[],2,0,[],0,0,0,0,0,[],1089,0,0,[]
1,1,"[[1090,1792]]",0,0,[],1,0,[],0,0,0,0,0,[],1090,0,0,[]
2,2,"[[1091,1258],[1091,4747]]",0,0,[],2,0,[],0,0,0,0,0,[],1091,0,0,[]
1,1,"[[1092,1498]]",0,0,[],1,0,[],0,0,0,0,0,[],1092,0,0,[]
1,1,"[[852,1093]]",0,0,[],1,0,[],0,0,0,0,0,[],1093,0,0,[]
1,1,"[[264,1095]]",0,0,[],1,0,[],0,0,0,0,0,[],1095,0,0,[]
1,1,"[[857,1096]]",0,0,[],1,0,[],0,0,0,0,0,[],1096,0,0,[]
2,2,"[[887,1097],[1097,1246]]",0,0,[],2,0,[],0,0,0,0,0,[],1097,0,0,[]
2,2,"[[1098,2507],[1098,3213]]",0,0,[],2,0,[],0,0,0,0,0,[],1098,0,0,[]
2,2,"[[922,1099],[1099,2999]]",0,0,[],2,0,[],0,0,0,0,0,[],1099,0,0,[]
2,2,"[[1100,1117],[1100,1958]]",0,0,[],2,0,[],0,0,0,0,0,[],1100,0,0,[]
1,1,"[[1101,2787]]",0,0,[],1,0,[],0,0,0,0,0,[],1101,0,0,[]
1,1,"[[854,1102]]",0,0,[],1,0,[],0,0,0,0,0,[],1102,0,0,[]
2,2,"[[1105,1154],[1105,4904]]",0,0,[],2,0,[],0,0,0,0,0,[],1105,0,0,[]
1,1,"[[411,1106]]",0,0,[],1,0,[],0,0,0,0,0,[],1106,0,0,[]
1,1,"[[741,1108]]",0,0,[],1,0,[],0,0,0,0,0,[],1108,0,0,[]
2,2,"[[1084,1112],[1112,1700]]",0,0,[],2,0,[],0,0,0,0,0,[],1112,0,0,[]
1,1,"[[890,1114]]",0,0,[],1,0,[],0,0,0,0,0,[],1114,0,0,[]
1,1,"[[1117,1754]]",0,0,[],1,0,[],0,0,0,0,0,[],1117,0,0,[]
1,1,"[[1118,6696]]",0,0,[],1,0,[],0,0,0,0,0,[],1118,0,0,[]
2,2,"[[398,1120],[1120,5754]]",0,0,[],2,0,[],0,0,0,0,0,[],1120,0,0,[]
1,1,"[[577,1121]]",0,0,[],1,0,[],0,0,0,0,0,[],1121,0,0,[]
1,1,"[[1073,1122]]",0,0,[],1,0,[],0,0,0,0,0,[],1122,0,0,[]
1,1,"[[1123,1463]]",0,0,[],1,0,[],0,0,0,0,0,[],1123,0,0,[]
2,2,"[[1127,2300],[1127,2879]]",0,0,[],2,0,[],0,0,0,0,0,[],1127,0,0,[]
1,1,"[[1128,1683]]",0,0,[],1,0,[],0,0,0,0,0,[],1128,0,0,[]
2,2,"[[1129,1635],[1129,3061]]",0,0,[],2,0,[],0,0,0,0,0,[],1129,0,0,[]
2,2,"[[968,1130],[1130,1802]]",0,0,[],2,0,[],0,0,0,0,0,[],1130,0,0,[]
2,2,"[[868,1135],[1135,1336]]",0,0,[],2,0,[],0,0,0,0,0,[],1135,0,0,[]
2,2,"[[822,1139],[969,1139]]",0,0,[],2,0,[],0,0,0,0,0,[],1139,0,0,[]
1,1,"[[607,1141]]",0,0,[],1,0,[],0,0,0,0,0,[],1141,0,0,[]
1,1,"[[1144,4049]]",0,0,[],1,0,[],0,0,0,0,0,[],1144,0,0,[]
2,2,"[[1145,1354],[1145,2778]]",0,0,[],2,0,[],0,0,0,0,0,[],1145,0,0,[]
2,2,"[[1148,2608],[1148,3721]]",0,0,[],2,0,[],0,0,0,0,0,[],1148,0,0,[]
2,2,"[[677,1150],[1150,8037]]",0,0,[],2,0,[],0,0,0,0,0,[],1150,0,0,[]
1,1,"[[1151,1170]]",0,0,[],1,0,[],0,0,0,0,0,[],1151,0,0,[]
2,2,"[[607,1152],[903,1152]]",0,0,[],2,0,[],0,0,0,0,0,[],1152,0,0,[]
1,1,"[[1153,7841]]",0,0,[],1,0,[],0,0,0,0,0,[],1153,0,0,[]
1,1,"[[969,1155]]",0,0,[],1,0,[],0,0,0,0,0,[],1155,0,0,[]
2,2,"[[308,1158],[508,1158]]",0,0,[],2,0,[],0,0,0,0,0,[],1158,0,0,[]
2,2,"[[201,1160],[590,1160]]",0,0,[],2,0,[],0,0,0,0,0,[],1160,0,0,[]
1,1,"[[1161,1291]]",0,0,[],1,0,[],0,0,0,0,0,[],1161,0,0,[]
2,2,"[[1162,2177],[1162,11005]]",0,0,[],2,0,[],0,0,0,0,0,[],1162,0,0,[]
2,2,"[[671,1166],[1166,2929]]",0,0,[],2,0,[],0,0,0,0,0,[],1166,0,0,[]
2,2,"[[1168,5319],[1168,5893]]",0,0,[],2,0,[],0,0,0,0,0,[],1168,0,0,[]
1,1,"[[1170,9974]]",0,0,[],1,0,[],0,0,0,0,0,[],1170,0,0,[]
2,2,"[[906,1171],[1171,1474]]",0,0,[],2,0,[],0,0,0,0,0,[],1171,0,0,[]
1,1,"[[1173,2701]]",0,0,[],1,0,[],0,0,0,0,0,[],1173,0,0,[]
1,1,"[[691,1174]]",0,0,[],1,0,[],0,0,0,0,0,[],1174,0,0,[]
1,1,"[[1177,10489]]",0,0,[],1,0,[],0,0,0,0,0,[],1177,0,0,[]
1,1,"[[884,1178]]",0,0,[],1,0,[],0,0,0,0,0,[],1178,0,0,[]
2,2,"[[560,1179],[1179,1192]]",0,0,[],2,0,[],0,0,0,0,0,[],1179,0,0,[]
2,2,"[[1157,1180],[1180,1710]]",0,0,[],2,0,[],0,0,0,0,0,[],1180,0,0,[]
1,1,"[[1181,2659]]",0,0,[],1,0,[],0,0,0,0,0,[],1181,0,0,[]
1,1,"[[581,1183]]",0,0,[],1,0,[],0,0,0,0,0,[],1183,0,0,[]
2,2,"[[1186,1810],[1186,10303]]",0,0,[],2,0,[],0,0,0,0,0,[],1186,0,0,[]
1,1,"[[1187,2983]]",0,0,[],1,0,[],0,0,0,0,0,[],1187,0,0,[]
2,2,"[[544,1188],[798,1188]]",0,0,[],2,0,[],0,0,0,0,0,[],1188,0,0,[]
2,2,"[[737,1189],[1189,1378]]",0,0,[],2,0,[],0,0,0,0,0,[],1189,0,0,[]
2,2,"[[716,1191],[1191,1488]]",0,0,[],2,0,[],0,0,0,0,0,[],1191,0,0,[]
1,1,"[[1192,1823]]",0,0,[],1,0,[],0,0,0,0,0,[],1192,0,0,[]
2,2,"[[197,1193],[1193,2970]]",0,0,[],2,0,[],0,0,0,0,0,[],1193,0,0,[]
1,1,"[[1196,1415]]",0,0,[],1,0,[],0,0,0,0,0,[],1196,0,0,[]
1,1,"[[1019,1197]]",0,0,[],1,0,[],0,0,0,0,0,[],1197,0,0,[]
1,1,"[[1199,1365]]",0,0,[],1,0,[],0,0,0,0,0,[],1199,0,0,[]
1,1,"[[1201,8559]]",0,0,[],1,0,[],0,0,0,0,0,[],1201,0,0,[]
1,1,"[[629,1202]]",0,0,[],1,0,[],0,0,0,0,0,[],1202,0,0,[]
1,1,"[[739,1203]]",0,0,[],1,0,[],0,0,0,0,0,[],1203,0,0,[]
1,1,"[[985,1205]]",0,0,[],1,0,[],0,0,0,0,0,[],1205,0,0,[]
1,1,"[[1206,2073]]",0,0,[],1,0,[],0,0,0,0,0,[],1206,0,0,[]
1,1,"[[1207,1328]]",0,0,[],1,0,[],0,0,0,0,0,[],1207,0,0,[]
1,1,"[[1208,1589]]",0,0,[],1,0,[],0,0,0,0,0,[],1208,0,0,[]
1,1,"[[899,1210]]",0,0,[],1,0,[],0,0,0,0,0,[],1210,0,0,[]
1,1,"[[1211,8537]]",0,0,[],1,0,[],0,0,0,0,0,[],1211,0,0,[]
2,2,"[[468,1212],[1212,1457]]",0,0,[],2,0,[],0,0,0,0,0,[],1212,0,0,[]
2,2,"[[1213,2027],[1213,11059]]",0,0,[],2,0,[],0,0,0,0,0,[],1213,0,0,[]
1,1,"[[1214,2890]]",0,0,[],1,0,[],0,0,0,0,0,[],1214,0,0,[]
2,2,"[[538,1216],[725,1216]]",0,0,[],2,0,[],0,0,0,0,0,[],1216,0,0,[]
2,2,"[[1211,1217],[1217,2358]]",0,0,[],2,0,[],0,0,0,0,0,[],1217,0,0,[]
1,1,"[[916,1219]]",0,0,[],1,0,[],0,0,0,0,0,[],1219,0,0,[]
1,1,"[[951,1220]]",0,0,[],1,0,[],0,0,0,0,0,[],1220,0,0,[]
2,2,"[[536,1221],[1163,1221]]",0,0,[],2,0,[],0,0,0,0,0,[],1221,0,0,[]
1,1,"[[1223,2559]]",0,0,[],1,0,[],0,0,0,0,0,[],1223,0,0,[]
2,2,"[[417,1224],[831,1224]]",0,0,[],2,0,[],0,0,0,0,0,[],1224,0,0,[]
1,1,"[[728,1225]]",0,0,[],1,0,[],0,0,0,0,0,[],1225,0,0,[]
2,2,"[[133,1226],[1226,1815]]",0,0,[],2,0,[],0,0,0,0,0,[],1226,0,0,[]
1,1,"[[1064,1228]]",0,0,[],1,0,[],0,0,0,0,0,[],1228,0,0,[]
1,1,"[[1229,3513]]",0,0,[],1,0,[],0,0,0,0,0,[],1229,0,0,[]
2,2,"[[499,1230],[913,1230]]",0,0,[],2,0,[],0,0,0,0,0,[],1230,0,0,[]
1,1,"[[492,1231]]",0,0,[],1,0,[],0,0,0,0,0,[],1231,0,0,[]
2,2,"[[98,1232],[1232,2049]]",0,0,[],2,0,[],0,0,0,0,0,[],1232,0,0,[]
1,1,"[[367,1237]]",0,0,[],1,0,[],0,0,0,0,0,[],1237,0,0,[]
2,2,"[[1238,1921],[1238,8093]]",0,0,[],2,0,[],0,0,0,0,0,[],1238,0,0,[]
1,1,"[[624,1239]]",0,0,[],1,0,[],0,0,0,0,0,[],1239,0,0,[]
1,1,"[[258,1241]]",0,0,[],1,0,[],0,0,0,0,0,[],1241,0,0,[]
2,2,"[[1243,1695],[1243,3764]]",0,0,[],2,0,[],0,0,0,0,0,[],1243,0,0,[]
1,1,"[[1244,1661]]",0,0,[],1,0,[],0,0,0,0,0,[],1244,0,0,[]
1,1,"[[1246,3744]]",0,0,[],1,0,[],0,0,0,0,0,[],1246,0,0,[]
1,1,"[[1248,2064]]",0,0,[],1,0,[],0,0,0,0,0,[],1248,0,0,[]
1,1,"[[1072,1249]]",0,0,[],1,0,[],0,0,0,0,0,[],1249,0,0,[]
1,1,"[[1251,1651]]",0,0,[],1,0,[],0,0,0,0,0,[],1251,0,0,[]
1,1,"[[890,1252]]",0,0,[],1,0,[],0,0,0,0,0,[],1252,0,0,[]
1,1,"[[1253,1821]]",0,0,[],1,0,[],0,0,0,0,0,[],1253,0,0,[]
2,2,"[[1148,1255],[1255,5952]]",0,0,[],2,0,[],0,0,0,0,0,[],1255,0,0,[]
1,1,"[[1256,1686]]",0,0,[],1,0,[],0,0,0,0,0,[],1256,0,0,[]
1,1,"[[1257,1596]]",0,0,[],1,0,[],0,0,0,0,0,[],1257,0,0,[]
2,2,"[[154,1258],[1056,1258]]",0,0,[],2,0,[],0,0,0,0,0,[],1258,0,0,[]
1,1,"[[1259,1262]]",0,0,[],1,0,[],0,0,0,0,0,[],1259,0,0,[]
2,2,"[[1260,2659],[1260,2985]]",0,0,[],2,0,[],0,0,0,0,0,[],1260,0,0,[]
2,2,"[[1113,1261],[1261,1696]]",0,0,[],2,0,[],0,0,0,0,0,[],1261,0,0,[]
1,1,"[[497,1264]]",0,0,[],1,0,[],0,0,0,0,0,[],1264,0,0,[]
1,1,"[[1265,3583]]",0,0,[],1,0,[],0,0,0,0,0,[],1265,0,0,[]
1,1,"[[1073,1271]]",0,0,[],1,0,[],0,0,0,0,0,[],1271,0,0,[]
2,2,"[[1274,1381],[1274,2979]]",0,0,[],2,0,[],0,0,0,0,0,[],1274,0,0,[]
1,1,"[[648,1275]]",0,0,[],1,0,[],0,0,0,0,0,[],1275,0,0,[]
1,1,"[[985,1277]]",0,0,[],1,0,[],0,0,0,0,0,[],1277,0,0,[]
2,2,"[[556,1279],[1279,1657]]",0,0,[],2,0,[],0,0,0,0,0,[],1279,0,0,[]
2,2,"[[1280,1403],[1280,1568]]",0,0,[],2,0,[],0,0,0,0,0,[],1280,0,0,[]
2,2,"[[1281,1608],[1281,2151]]",0,0,[],2,0,[],0,0,0,0,0,[],1281,0,0,[]
2,2,"[[326,1282],[622,1282]]",0,0,[],2,0,[],0,0,0,0,0,[],1282,0,0,[]
2,2,"[[1283,1508],[1283,7844]]",0,0,[],2,0,[],0,0,0,0,0,[],1283,0,0,[]
2,2,"[[1052,1285],[1285,3136]]",0,0,[],2,0,[],0,0,0,0,0,[],1285,0,0,[]
2,2,"[[1153,1289],[1289,2374]]",0,0,[],2,0,[],0,0,0,0,0,[],1289,0,0,[]
1,1,"[[847,1292]]",0,0,[],1,0,[],0,0,0,0,0,[],1292,0,0,[]
2,2,"[[1080,1293],[1129,1293]]",0,0,[],2,0,[],0,0,0,0,0,[],1293,0,0,[]
1,1,"[[10,1294]]",0,0,[],1,0,[],0,0,0,0,0,[],1294,0,0,[]
1,1,"[[1021,1296]]",0,0,[],1,0,[],0,0,0,0,0,[],1296,0,0,[]
1,1,"[[880,1297]]",0,0,[],1,0,[],0,0,0,0,0,[],1297,0,0,[]
2,2,"[[646,1298],[845,1298]]",0,0,[],2,0,[],0,0,0,0,0,[],1298,0,0,[]
1,1,"[[185,1299]]",0,0,[],1,0,[],0,0,0,0,0,[],1299,0,0,[]
1,1,"[[1300,6696]]",0,0,[],1,0,[],0,0,0,0,0,[],1300,0,0,[]
2,2,"[[98,1301],[1301,5972]]",0,0,[],2,0,[],0,0,0,0,0,[],1301,0,0,[]
2,2,"[[162,1302],[333,1302]]",0,0,[],2,0,[],0,0,0,0,0,[],1302,0,0,[]
1,1,"[[317,1305]]",0,0,[],1,0,[],0,0,0,0,0,[],1305,0,0,[]
1,1,"[[730,1306]]",0,0,[],1,0,[],0,0,0,0,0,[],1306,0,0,[]
1,1,"[[1108,1307]]",0,0,[],1,0,[],0,0,0,0,0,[],1307,0,0,[]
2,2,"[[282,1308],[1308,1375]]",0,0,[],2,0,[],0,0,0,0,0,[],1308,0,0,[]
1,1,"[[1128,1309]]",0,0,[],1,0,[],0,0,0,0,0,[],1309,0,0,[]
2,2,"[[1055,1310],[1310,1739]]",0,0,[],2,0,[],0,0,0,0,0,[],1310,0,0,[]
2,2,"[[1311,1479],[1311,2894]]",0,0,[],2,0,[],0,0,0,0,0,[],1311,0,0,[]
2,2,"[[1312,1941],[1312,2000]]",0,0,[],2,0,[],0,0,0,0,0,[],1312,0,0,[]
1,1,"[[826,1314]]",0,0,[],1,0,[],0,0,0,0,0,[],1314,0,0,[]
1,1,"[[1315,1383]]",0,0,[],1,0,[],0,0,0,0,0,[],1315,0,0,[]
2,2,"[[1008,1317],[1317,1321]]",0,0,[],2,0,[],0,0,0,0,0,[],1317,0,0,[]
1,1,"[[531,1318]]",0,0,[],1,0,[],0,0,0,0,0,[],1318,0,0,[]
2,2,"[[1264,1319],[1319,1680]]",0,0,[],2,0,[],0,0,0,0,0,[],1319,0,0,[]
1,1,"[[1320,1830]]",0,0,[],1,0,[],0,0,0,0,0,[],1320,0,0,[]
1,1,"[[1165,1322]]",0,0,[],1,0,[],0,0,0,0,0,[],1322,0,0,[]
1,1,"[[1323,4175]]",0,0,[],1,0,[],0,0,0,0,0,[],1323,0,0,[]
2,2,"[[83,1324],[1324,2463]]",0,0,[],2,0,[],0,0,0,0,0,[],1324,0,0,[]
1,1,"[[1329,1413]]",0,0,[],1,0,[],0,0,0,0,0,[],1329,0,0,[]
1,1,"[[1330,1580]]",0,0,[],1,0,[],0,0,0,0,0,[],1330,0,0,[]
1,1,"[[926,1331]]",0,0,[],1,0,[],0,0,0,0,0,[],1331,0,0,[]
1,1,"[[1332,1883]]",0,0,[],1,0,[],0,0,0,0,0,[],1332,0,0,[]
1,1,"[[1333,2345]]",0,0,[],1,0,[],0,0,0,0,0,[],1333,0,0,[]
1,1,"[[993,1334]]",0,0,[],1,0,[],0,0,0,0,0,[],1334,0,0,[]
2,2,"[[1337,1541],[1337,3960]]",0,0,[],2,0,[],0,0,0,0,0,[],1337,0,0,[]
1,1,"[[1338,1685]]",0,0,[],1,0,[],0,0,0,0,0,[],1338,0,0,[]
2,2,"[[251,1339],[320,1339]]",0,0,[],2,0,[],0,0,0,0,0,[],1339,0,0,[]
1,1,"[[912,1340]]",0,0,[],1,0,[],0,0,0,0,0,[],1340,0,0,[]
2,2,"[[138,1342],[932,1342]]",0,0,[],2,0,[],0,0,0,0,0,[],1342,0,0,[]
1,1,"[[565,1343]]",0,0,[],1,0,[],0,0,0,0,0,[],1343,0,0,[]
1,1,"[[1345,2000]]",0,0,[],1,0,[],0,0,0,0,0,[],1345,0,0,[]
2,2,"[[1346,2374],[1346,3778]]",0,0,[],2,0,[],0,0,0,0,0,[],1346,0,0,[]
1,1,"[[1347,4546]]",0,0,[],1,0,[],0,0,0,0,0,[],1347,0,0,[]
1,1,"[[1348,2179]]",0,0,[],1,0,[],0,0,0,0,0,[],1348,0,0,[]
2,2,"[[671,1349],[1349,1472]]",0,0,[],2,0,[],0,0,0,0,0,[],1349,0,0,[]
1,1,"[[1350,1656]]",0,0,[],1,0,[],0,0,0,0,0,[],1350,0,0,[]
1,1,"[[1351,1801]]",0,0,[],1,0,[],0,0,0,0,0,[],1351,0,0,[]
1,1,"[[1353,1884]]",0,0,[],1,0,[],0,0,0,0,0,[],1353,0,0,[]
2,2,"[[1355,2269],[1355,2540]]",0,0,[],2,0,[],0,0,0,0,0,[],1355,0,0,[]
1,1,"[[1356,4126]]",0,0,[],1,0,[],0,0,0,0,0,[],1356,0,0,[]
1,1,"[[1203,1357]]",0,0,[],1,0,[],0,0,0,0,0,[],1357,0,0,[]
1,1,"[[494,1359]]",0,0,[],1,0,[],0,0,0,0,0,[],1359,0,0,[]
2,2,"[[663,1360],[1360,2257]]",0,0,[],2,0,[],0,0,0,0,0,[],1360,0,0,[]
1,1,"[[1364,1775]]",0,0,[],1,0,[],0,0,0,0,0,[],1364,0,0,[]
1,1,"[[1365,1980]]",0,0,[],1,0,[],0,0,0,0,0,[],1365,0,0,[]
2,2,"[[1367,1700],[1367,2655]]",0,0,[],2,0,[],0,0,0,0,0,[],1367,0,0,[]
1,1,"[[333,1368]]",0,0,[],1,0,[],0,0,0,0,0,[],1368,0,0,[]
2,2,"[[1370,2501],[1370,10061]]",0,0,[],2,0,[],0,0,0,0,0,[],1370,0,0,[]
2,2,"[[1371,2143],[1371,9899]]",0,0,[],2,0,[],0,0,0,0,0,[],1371,0,0,[]
1,1,"[[1373,2789]]",0,0,[],1,0,[],0,0,0,0,0,[],1373,0,0,[]
2,2,"[[765,1374],[1374,1449]]",0,0,[],2,0,[],0,0,0,0,0,[],1374,0,0,[]
1,1,"[[282,1375]]",0,0,[],1,0,[],0,0,0,0,0,[],1375,0,0,[]
2,2,"[[1215,1376],[1376,1509]]",0,0,[],2,0,[],0,0,0,0,0,[],1376,0,0,[]
2,2,"[[1060,1379],[1177,1379]]",0,0,[],2,0,[],0,0,0,0,0,[],1379,0,0,[]
2,2,"[[1380,1690],[1380,2475]]",0,0,[],2,0,[],0,0,0,0,0,[],1380,0,0,[]
2,2,"[[1153,1381],[1381,5714]]",0,0,[],2,0,[],0,0,0,0,0,[],1381,0,0,[]
1,1,"[[468,1382]]",0,0,[],1,0,[],0,0,0,0,0,[],1382,0,0,[]
1,1,"[[1383,1715]]",0,0,[],1,0,[],0,0,0,0,0,[],1383,0,0,[]
2,2,"[[967,1384],[1384,4255]]",0,0,[],2,0,[],0,0,0,0,0,[],1384,0,0,[]
1,1,"[[1067,1385]]",0,0,[],1,0,[],0,0,0,0,0,[],1385,0,0,[]
1,1,"[[1321,1386]]",0,0,[],1,0,[],0,0,0,0,0,[],1386,0,0,[]
2,2,"[[486,1388],[1388,3833]]",0,0,[],2,0,[],0,0,0,0,0,[],1388,0,0,[]
1,1,"[[1392,1473]]",0,0,[],1,0,[],0,0,0,0,0,[],1392,0,0,[]
1,1,"[[1393,1535]]",0,0,[],1,0,[],0,0,0,0,0,[],1393,0,0,[]
2,2,"[[1394,1889],[1394,2631]]",0,0,[],2,0,[],0,0,0,0,0,[],1394,0,0,[]
1,1,"[[1099,1397]]",0,0,[],1,0,[],0,0,0,0,0,[],1397,0,0,[]
2,2,"[[1398,1618],[1398,1822]]",0,0,[],2,0,[],0,0,0,0,0,[],1398,0,0,[]
1,1,"[[1063,1399]]",0,0,[],1,0,[],0,0,0,0,0,[],1399,0,0,[]
1,1,"[[499,1400]]",0,0,[],1,0,[],0,0,0,0,0,[],1400,0,0,[]
1,1,"[[156,1402]]",0,0,[],1,0,[],0,0,0,0,0,[],1402,0,0,[]
1,1,"[[1403,1568]]",0,0,[],1,0,[],0,0,0,0,0,[],1403,0,0,[]
1,1,"[[1404,1469]]",0,0,[],1,0,[],0,0,0,0,0,[],1404,0,0,[]
2,2,"[[290,1406],[1406,1791]]",0,0,[],2,0,[],0,0,0,0,0,[],1406,0,0,[]
1,1,"[[1407,1646]]",0,0,[],1,0,[],0,0,0,0,0,[],1407,0,0,[]
1,1,"[[30,1408]]",0,0,[],1,0,[],0,0,0,0,0,[],1408,0,0,[]
2,2,"[[1399,1409],[1409,3596]]",0,0,[],2,0,[],0,0,0,0,0,[],1409,0,0,[]
2,2,"[[1410,1448],[1410,8486]]",0,0,[],2,0,[],0,0,0,0,0,[],1410,0,0,[]
1,1,"[[1411,1748]]",0,0,[],1,0,[],0,0,0,0,0,[],1411,0,0,[]
1,1,"[[245,1413]]",0,0,[],1,0,[],0,0,0,0,0,[],1413,0,0,[]
1,1,"[[133,1414]]",0,0,[],1,0,[],0,0,0,0,0,[],1414,0,0,[]
2,2,"[[632,1416],[1021,1416]]",0,0,[],2,0,[],0,0,0,0,0,[],1416,0,0,[]
1,1,"[[413,1418]]",0,0,[],1,0,[],0,0,0,0,0,[],1418,0,0,[]
2,2,"[[891,1419],[1419,10468]]",0,0,[],2,0,[],0,0,0,0,0,[],1419,0,0,[]
2,2,"[[1420,1788],[1420,2606]]",0,0,[],2,0,[],0,0,0,0,0,[],1420,0,0,[]
2,2,"[[236,1421],[879,1421]]",0,0,[],2,0,[],0,0,0,0,0,[],1421,0,0,[]
2,2,"[[1422,2336],[1422,12004]]",0,0,[],2,0,[],0,0,0,0,0,[],1422,0,0,[]
1,1,"[[1004,1424]]",0,0,[],1,0,[],0,0,0,0,0,[],1424,0,0,[]
2,2,"[[1425,2390],[1425,3830]]",0,0,[],2,0,[],0,0,0,0,0,[],1425,0,0,[]
2,2,"[[364,1426],[1426,2171]]",0,0,[],2,0,[],0,0,0,0,0,[],1426,0,0,[]
2,2,"[[747,1427],[1427,3716]]",0,0,[],2,0,[],0,0,0,0,0,[],1427,0,0,[]
2,2,"[[645,1428],[1428,1960]]",0,0,[],2,0,[],0,0,0,0,0,[],1428,0,0,[]
1,1,"[[1430,2027]]",0,0,[],1,0,[],0,0,0,0,0,[],1430,0,0,[]
2,2,"[[1431,1781],[1431,2160]]",0,0,[],2,0,[],0,0,0,0,0,[],1431,0,0,[]
2,2,"[[1061,1432],[1432,2617]]",0,0,[],2,0,[],0,0,0,0,0,[],1432,0,0,[]
2,2,"[[1433,2747],[1433,3253]]",0,0,[],2,0,[],0,0,0,0,0,[],1433,0,0,[]
2,2,"[[208,1434],[1292,1434]]",0,0,[],2,0,[],0,0,0,0,0,[],1434,0,0,[]
1,1,"[[952,1439]]",0,0,[],1,0,[],0,0,0,0,0,[],1439,0,0,[]
1,1,"[[1195,1440]]",0,0,[],1,0,[],0,0,0,0,0,[],1440,0,0,[]
2,2,"[[1390,1442],[1442,2705]]",0,0,[],2,0,[],0,0,0,0,0,[],1442,0,0,[]
2,2,"[[891,1443],[1443,10468]]",0,0,[],2,0,[],0,0,0,0,0,[],1443,0,0,[]
2,2,"[[320,1444],[1444,2236]]",0,0,[],2,0,[],0,0,0,0,0,[],1444,0,0,[]
2,2,"[[478,1445],[1445,6022]]",0,0,[],2,0,[],0,0,0,0,0,[],1445,0,0,[]
2,2,"[[459,1447],[1447,5619]]",0,0,[],2,0,[],0,0,0,0,0,[],1447,0,0,[]
1,1,"[[1448,2218]]",0,0,[],1,0,[],0,0,0,0,0,[],1448,0,0,[]
1,1,"[[1450,1783]]",0,0,[],1,0,[],0,0,0,0,0,[],1450,0,0,[]
2,2,"[[548,1452],[1452,1453]]",0,0,[],2,0,[],0,0,0,0,0,[],1452,0,0,[]
1,1,"[[1453,2107]]",0,0,[],1,0,[],0,0,0,0,0,[],1453,0,0,[]
1,1,"[[1454,1457]]",0,0,[],1,0,[],0,0,0,0,0,[],1454,0,0,[]
2,2,"[[1457,1722],[1457,3205]]",0,0,[],2,0,[],0,0,0,0,0,[],1457,0,0,[]
2,2,"[[557,1459],[1178,1459]]",0,0,[],2,0,[],0,0,0,0,0,[],1459,0,0,[]
2,2,"[[1460,3638],[1460,5436]]",0,0,[],2,0,[],0,0,0,0,0,[],1460,0,0,[]
2,2,"[[1462,1857],[1462,1976]]",0,0,[],2,0,[],0,0,0,0,0,[],1462,0,0,[]
1,1,"[[928,1465]]",0,0,[],1,0,[],0,0,0,0,0,[],1465,0,0,[]
1,1,"[[1020,1466]]",0,0,[],1,0,[],0,0,0,0,0,[],1466,0,0,[]
1,1,"[[1467,2586]]",0,0,[],1,0,[],0,0,0,0,0,[],1467,0,0,[]
1,1,"[[113,1468]]",0,0,[],1,0,[],0,0,0,0,0,[],1468,0,0,[]
1,1,"[[840,1469]]",0,0,[],1,0,[],0,0,0,0,0,[],1469,0,0,[]
1,1,"[[1470,1965]]",0,0,[],1,0,[],0,0,0,0,0,[],1470,0,0,[]
2,2,"[[611,1471],[1471,2693]]",0,0,[],2,0,[],0,0,0,0,0,[],1471,0,0,[]
1,1,"[[1473,2654]]",0,0,[],1,0,[],0,0,0,0,0,[],1473,0,0,[]
1,1,"[[1476,1645]]",0,0,[],1,0,[],0,0,0,0,0,[],1476,0,0,[]
1,1,"[[1477,1612]]",0,0,[],1,0,[],0,0,0,0,0,[],1477,0,0,[]
1,1,"[[1479,2894]]",0,0,[],1,0,[],0,0,0,0,0,[],1479,0,0,[]
2,2,"[[1480,2457],[1480,5449]]",0,0,[],2,0,[],0,0,0,0,0,[],1480,0,0,[]
2,2,"[[348,1482],[639,1482]]",0,0,[],2,0,[],0,0,0,0,0,[],1482,0,0,[]
1,1,"[[1483,2934]]",0,0,[],1,0,[],0,0,0,0,0,[],1483,0,0,[]
2,2,"[[1484,2006],[1484,2297]]",0,0,[],2,0,[],0,0,0,0,0,[],1484,0,0,[]
2,2,"[[1080,1485],[1478,1485]]",0,0,[],2,0,[],0,0,0,0,0,[],1485,0,0,[]
1,1,"[[1059,1486]]",0,0,[],1,0,[],0,0,0,0,0,[],1486,0,0,[]
1,1,"[[907,1489]]",0,0,[],1,0,[],0,0,0,0,0,[],1489,0,0,[]
1,1,"[[1492,1571]]",0,0,[],1,0,[],0,0,0,0,0,[],1492,0,0,[]
1,1,"[[93,1493]]",0,0,[],1,0,[],0,0,0,0,0,[],1493,0,0,[]
2,2,"[[323,1494],[1038,1494]]",0,0,[],2,0,[],0,0,0,0,0,[],1494,0,0,[]
2,2,"[[933,1495],[1495,4056]]",0,0,[],2,0,[],0,0,0,0,0,[],1495,0,0,[]
2,2,"[[982,1496],[1173,1496]]",0,0,[],2,0,[],0,0,0,0,0,[],1496,0,0,[]
2,2,"[[286,1497],[1497,3113]]",0,0,[],2,0,[],0,0,0,0,0,[],1497,0,0,[]
1,1,"[[1499,2410]]",0,0,[],1,0,[],0,0,0,0,0,[],1499,0,0,[]
1,1,"[[1501,2453]]",0,0,[],1,0,[],0,0,0,0,0,[],1501,0,0,[]
1,1,"[[1164,1502]]",0,0,[],1,0,[],0,0,0,0,0,[],1502,0,0,[]
1,1,"[[1121,1507]]",0,0,[],1,0,[],0,0,0,0,0,[],1507,0,0,[]
1,1,"[[1210,1508]]",0,0,[],1,0,[],0,0,0,0,0,[],1508,0,0,[]
1,1,"[[1215,1509]]",0,0,[],1,0,[],0,0,0,0,0,[],1509,0,0,[]
2,2,"[[918,1511],[1511,3317]]",0,0,[],2,0,[],0,0,0,0,0,[],1511,0,0,[]
2,2,"[[1513,2276],[1513,2451]]",0,0,[],2,0,[],0,0,0,0,0,[],1513,0,0,[]
1,1,"[[1051,1514]]",0,0,[],1,0,[],0,0,0,0,0,[],1514,0,0,[]
1,1,"[[1257,1515]]",0,0,[],1,0,[],0,0,0,0,0,[],1515,0,0,[]
1,1,"[[987,1516]]",0,0,[],1,0,[],0,0,0,0,0,[],1516,0,0,[]
1,1,"[[1294,1517]]",0,0,[],1,0,[],0,0,0,0,0,[],1517,0,0,[]
1,1,"[[1518,1519]]",0,0,[],1,0,[],0,0,0,0,0,[],1519,0,0,[]
1,1,"[[1520,3231]]",0,0,[],1,0,[],0,0,0,0,0,[],1520,0,0,[]
1,1,"[[1521,1611]]",0,0,[],1,0,[],0,0,0,0,0,[],1521,0,0,[]
2,2,"[[759,1522],[1395,1522]]",0,0,[],2,0,[],0,0,0,0,0,[],1522,0,0,[]
1,1,"[[1204,1523]]",0,0,[],1,0,[],0,0,0,0,0,[],1523,0,0,[]
1,1,"[[987,1524]]",0,0,[],1,0,[],0,0,0,0,0,[],1524,0,0,[]
1,1,"[[1525,1610]]",0,0,[],1,0,[],0,0,0,0,0,[],1525,0,0,[]
1,1,"[[1531,1704]]",0,0,[],1,0,[],0,0,0,0,0,[],1531,0,0,[]
1,1,"[[1179,1535]]",0,0,[],1,0,[],0,0,0,0,0,[],1535,0,0,[]
2,2,"[[1176,1537],[1537,2445]]",0,0,[],2,0,[],0,0,0,0,0,[],1537,0,0,[]
1,1,"[[1439,1541]]",0,0,[],1,0,[],0,0,0,0,0,[],1541,0,0,[]
2,2,"[[99,1542],[156,1542]]",0,0,[],2,0,[],0,0,0,0,0,[],1542,0,0,[]
1,1,"[[561,1543]]",0,0,[],1,0,[],0,0,0,0,0,[],1543,0,0,[]
2,2,"[[157,1544],[1344,1544]]",0,0,[],2,0,[],0,0,0,0,0,[],1544,0,0,[]
1,1,"[[1545,2394]]",0,0,[],1,0,[],0,0,0,0,0,[],1545,0,0,[]
1,1,"[[1099,1546]]",0,0,[],1,0,[],0,0,0,0,0,[],1546,0,0,[]
1,1,"[[1124,1548]]",0,0,[],1,0,[],0,0,0,0,0,[],1548,0,0,[]
2,2,"[[292,1549],[936,1549]]",0,0,[],2,0,[],0,0,0,0,0,[],1549,0,0,[]
1,1,"[[1536,1550]]",0,0,[],1,0,[],0,0,0,0,0,[],1550,0,0,[]
2,2,"[[1551,2062],[1551,4207]]",0,0,[],2,0,[],0,0,0,0,0,[],1551,0,0,[]
2,2,"[[464,1552],[476,1552]]",0,0,[],2,0,[],0,0,0,0,0,[],1552,0,0,[]
2,2,"[[30,1554],[1554,3574]]",0,0,[],2,0,[],0,0,0,0,0,[],1554,0,0,[]
1,1,"[[1,1555]]",0,0,[],1,0,[],0,0,0,0,0,[],1555,0,0,[]
1,1,"[[1556,2125]]",0,0,[],1,0,[],0,0,0,0,0,[],1556,0,0,[]
2,2,"[[1557,2453],[1557,2856]]",0,0,[],2,0,[],0,0,0,0,0,[],1557,0,0,[]
2,2,"[[1217,1558],[1264,1558]]",0,0,[],2,0,[],0,0,0,0,0,[],1558,0,0,[]
1,1,"[[1542,1559]]",0,0,[],1,0,[],0,0,0,0,0,[],1559,0,0,[]
1,1,"[[1561,11368]]",0,0,[],1,0,[],0,0,0,0,0,[],1561,0,0,[]
1,1,"[[1562,1646]]",0,0,[],1,0,[],0,0,0,0,0,[],1562,0,0,[]
2,2,"[[705,1563],[1563,5148]]",0,0,[],2,0,[],0,0,0,0,0,[],1563,0,0,[]
2,2,"[[1564,2412],[1564,3939]]",0,0,[],2,0,[],0,0,0,0,0,[],1564,0,0,[]
2,2,"[[1463,1566],[1566,1615]]",0,0,[],2,0,[],0,0,0,0,0,[],1566,0,0,[]
2,2,"[[1313,1567],[1567,2111]]",0,0,[],2,0,[],0,0,0,0,0,[],1567,0,0,[]
1,1,"[[1568,2105]]",0,0,[],1,0,[],0,0,0,0,0,[],1568,0,0,[]
1,1,"[[710,1570]]",0,0,[],1,0,[],0,0,0,0,0,[],1570,0,0,[]
1,1,"[[1571,2610]]",0,0,[],1,0,[],0,0,0,0,0,[],1571,0,0,[]
1,1,"[[1454,1573]]",0,0,[],1,0,[],0,0,0,0,0,[],1573,0,0,[]
2,2,"[[1575,2806],[1575,3404]]",0,0,[],2,0,[],0,0,0,0,0,[],1575,0,0,[]
1,1,"[[1348,1576]]",0,0,[],1,0,[],0,0,0,0,0,[],1576,0,0,[]
2,2,"[[1579,6181],[1579,8870]]",0,0,[],2,0,[],0,0,0,0,0,[],1579,0,0,[]
1,1,"[[1580,2397]]",0,0,[],1,0,[],0,0,0,0,0,[],1580,0,0,[]
1,1,"[[1582,1730]]",0,0,[],1,0,[],0,0,0,0,0,[],1582,0,0,[]
2,2,"[[1161,1584],[1291,1584]]",0,0,[],2,0,[],0,0,0,0,0,[],1584,0,0,[]
1,1,"[[1088,1585]]",0,0,[],1,0,[],0,0,0,0,0,[],1585,0,0,[]
2,2,"[[915,1586],[1245,1586]]",0,0,[],2,0,[],0,0,0,0,0,[],1586,0,0,[]
2,2,"[[1193,1587],[1587,2119]]",0,0,[],2,0,[],0,0,0,0,0,[],1587,0,0,[]
1,1,"[[1588,3800]]",0,0,[],1,0,[],0,0,0,0,0,[],1588,0,0,[]
1,1,"[[430,1592]]",0,0,[],1,0,[],0,0,0,0,0,[],1592,0,0,[]
1,1,"[[1595,7892]]",0,0,[],1,0,[],0,0,0,0,0,[],1595,0,0,[]
1,1,"[[790,1596]]",0,0,[],1,0,[],0,0,0,0,0,[],1596,0,0,[]
2,2,"[[1325,1597],[1597,1796]]",0,0,[],2,0,[],0,0,0,0,0,[],1597,0,0,[]
1,1,"[[1598,1938]]",0,0,[],1,0,[],0,0,0,0,0,[],1598,0,0,[]
1,1,"[[665,1599]]",0,0,[],1,0,[],0,0,0,0,0,[],1599,0,0,[]
1,1,"[[743,1600]]",0,0,[],1,0,[],0,0,0,0,0,[],1600,0,0,[]
1,1,"[[1225,1602]]",0,0,[],1,0,[],0,0,0,0,0,[],1602,0,0,[]
1,1,"[[1347,1603]]",0,0,[],1,0,[],0,0,0,0,0,[],1603,0,0,[]
1,1,"[[1320,1604]]",0,0,[],1,0,[],0,0,0,0,0,[],1604,0,0,[]
2,2,"[[1133,1605],[1605,3094]]",0,0,[],2,0,[],0,0,0,0,0,[],1605,0,0,[]
2,2,"[[692,1607],[1607,5119]]",0,0,[],2,0,[],0,0,0,0,0,[],1607,0,0,[]
1,1,"[[1610,1777]]",0,0,[],1,0,[],0,0,0,0,0,[],1610,0,0,[]
1,1,"[[1611,1816]]",0,0,[],1,0,[],0,0,0,0,0,[],1611,0,0,[]
1,1,"[[1612,2112]]",0,0,[],1,0,[],0,0,0,0,0,[],1612,0,0,[]
1,1,"[[1614,2717]]",0,0,[],1,0,[],0,0,0,0,0,[],1614,0,0,[]
1,1,"[[1617,2727]]",0,0,[],1,0,[],0,0,0,0,0,[],1617,0,0,[]
1,1,"[[623,1618]]",0,0,[],1,0,[],0,0,0,0,0,[],1618,0,0,[]
2,2,"[[1109,1619],[1619,4970]]",0,0,[],2,0,[],0,0,0,0,0,[],1619,0,0,[]
1,1,"[[1620,2061]]",0,0,[],1,0,[],0,0,0,0,0,[],1620,0,0,[]
1,1,"[[1045,1622]]",0,0,[],1,0,[],0,0,0,0,0,[],1622,0,0,[]
1,1,"[[1022,1623]]",0,0,[],1,0,[],0,0,0,0,0,[],1623,0,0,[]
2,2,"[[1005,1625],[1625,4854]]",0,0,[],2,0,[],0,0,0,0,0,[],1625,0,0,[]
1,1,"[[1330,1626]]",0,0,[],1,0,[],0,0,0,0,0,[],1626,0,0,[]
1,1,"[[1627,4359]]",0,0,[],1,0,[],0,0,0,0,0,[],1627,0,0,[]
1,1,"[[664,1628]]",0,0,[],1,0,[],0,0,0,0,0,[],1628,0,0,[]
1,1,"[[1629,4434]]",0,0,[],1,0,[],0,0,0,0,0,[],1629,0,0,[]
2,2,"[[100,1630],[984,1630]]",0,0,[],2,0,[],0,0,0,0,0,[],1630,0,0,[]
2,2,"[[1631,2833],[1631,7667]]",0,0,[],2,0,[],0,0,0,0,0,[],1631,0,0,[]
1,1,"[[542,1633]]",0,0,[],1,0,[],0,0,0,0,0,[],1633,0,0,[]
2,2,"[[1634,7721],[1634,12810]]",0,0,[],2,0,[],0,0,0,0,0,[],1634,0,0,[]
1,1,"[[1635,3061]]",0,0,[],1,0,[],0,0,0,0,0,[],1635,0,0,[]
1,1,"[[1636,2469]]",0,0,[],1,0,[],0,0,0,0,0,[],1636,0,0,[]
2,2,"[[1637,2465],[1637,3499]]",0,0,[],2,0,[],0,0,0,0,0,[],1637,0,0,[]
1,1,"[[602,1638]]",0,0,[],1,0,[],0,0,0,0,0,[],1638,0,0,[]
1,1,"[[1639,4943]]",0,0,[],1,0,[],0,0,0,0,0,[],1639,0,0,[]
2,2,"[[1502,1640],[1640,4896]]",0,0,[],2,0,[],0,0,0,0,0,[],1640,0,0,[]
2,2,"[[123,1641],[1641,1760]]",0,0,[],2,0,[],0,0,0,0,0,[],1641,0,0,[]
1,1,"[[602,1642]]",0,0,[],1,0,[],0,0,0,0,0,[],1642,0,0,[]
1,1,"[[1645,2431]]",0,0,[],1,0,[],0,0,0,0,0,[],1645,0,0,[]
2,2,"[[459,1646],[1646,3419]]",0,0,[],2,0,[],0,0,0,0,0,[],1646,0,0,[]
2,2,"[[1247,1648],[1648,3866]]",0,0,[],2,0,[],0,0,0,0,0,[],1648,0,0,[]
1,1,"[[1649,2113]]",0,0,[],1,0,[],0,0,0,0,0,[],1649,0,0,[]
2,2,"[[1150,1650],[1650,7863]]",0,0,[],2,0,[],0,0,0,0,0,[],1650,0,0,[]
2,2,"[[506,1651],[1507,1651]]",0,0,[],2,0,[],0,0,0,0,0,[],1651,0,0,[]
2,2,"[[1236,1652],[1465,1652]]",0,0,[],2,0,[],0,0,0,0,0,[],1652,0,0,[]
2,2,"[[1653,1945],[1653,8822]]",0,0,[],2,0,[],0,0,0,0,0,[],1653,0,0,[]
1,1,"[[1655,6730]]",0,0,[],1,0,[],0,0,0,0,0,[],1655,0,0,[]
2,2,"[[183,1656],[1656,1856]]",0,0,[],2,0,[],0,0,0,0,0,[],1656,0,0,[]
2,2,"[[556,1657],[1657,6921]]",0,0,[],2,0,[],0,0,0,0,0,[],1657,0,0,[]
2,2,"[[772,1659],[1659,6257]]",0,0,[],2,0,[],0,0,0,0,0,[],1659,0,0,[]
1,1,"[[1660,4303]]",0,0,[],1,0,[],0,0,0,0,0,[],1660,0,0,[]
2,2,"[[1662,1850],[1662,3059]]",0,0,[],2,0,[],0,0,0,0,0,[],1662,0,0,[]
1,1,"[[1374,1663]]",0,0,[],1,0,[],0,0,0,0,0,[],1663,0,0,[]
1,1,"[[1363,1665]]",0,0,[],1,0,[],0,0,0,0,0,[],1665,0,0,[]
1,1,"[[431,1666]]",0,0,[],1,0,[],0,0,0,0,0,[],1666,0,0,[]
1,1,"[[1198,1667]]",0,0,[],1,0,[],0,0,0,0,0,[],1667,0,0,[]
1,1,"[[1668,1765]]",0,0,[],1,0,[],0,0,0,0,0,[],1668,0,0,[]
1,1,"[[1088,1669]]",0,0,[],1,0,[],0,0,0,0,0,[],1669,0,0,[]
1,1,"[[781,1670]]",0,0,[],1,0,[],0,0,0,0,0,[],1670,0,0,[]
1,1,"[[1671,1672]]",0,0,[],1,0,[],0,0,0,0,0,[],1671,0,0,[]
1,1,"[[1338,1672]]",0,0,[],1,0,[],0,0,0,0,0,[],1672,0,0,[]
2,2,"[[1093,1674],[1674,2573]]",0,0,[],2,0,[],0,0,0,0,0,[],1674,0,0,[]
2,2,"[[1675,1959],[1675,5165]]",0,0,[],2,0,[],0,0,0,0,0,[],1675,0,0,[]
1,1,"[[1305,1676]]",0,0,[],1,0,[],0,0,0,0,0,[],1676,0,0,[]
1,1,"[[467,1677]]",0,0,[],1,0,[],0,0,0,0,0,[],1677,0,0,[]
1,1,"[[1612,1678]]",0,0,[],1,0,[],0,0,0,0,0,[],1678,0,0,[]
2,2,"[[1280,1679],[1434,1679]]",0,0,[],2,0,[],0,0,0,0,0,[],1679,0,0,[]
1,1,"[[1680,4411]]",0,0,[],1,0,[],0,0,0,0,0,[],1680,0,0,[]
1,1,"[[1681,2992]]",0,0,[],1,0,[],0,0,0,0,0,[],1681,0,0,[]
1,1,"[[1214,1682]]",0,0,[],1,0,[],0,0,0,0,0,[],1682,0,0,[]
1,1,"[[248,1684]]",0,0,[],1,0,[],0,0,0,0,0,[],1684,0,0,[]
2,2,"[[697,1687],[954,1687]]",0,0,[],2,0,[],0,0,0,0,0,[],1687,0,0,[]
1,1,"[[8,1688]]",0,0,[],1,0,[],0,0,0,0,0,[],1688,0,0,[]
2,2,"[[1689,2283],[1689,2426]]",0,0,[],2,0,[],0,0,0,0,0,[],1689,0,0,[]
1,1,"[[1681,1690]]",0,0,[],1,0,[],0,0,0,0,0,[],1690,0,0,[]
1,1,"[[1691,1707]]",0,0,[],1,0,[],0,0,0,0,0,[],1691,0,0,[]
1,1,"[[1692,2608]]",0,0,[],1,0,[],0,0,0,0,0,[],1692,0,0,[]
1,1,"[[1693,2411]]",0,0,[],1,0,[],0,0,0,0,0,[],1693,0,0,[]
2,2,"[[1242,1694],[1694,2844]]",0,0,[],2,0,[],0,0,0,0,0,[],1694,0,0,[]
2,2,"[[217,1695],[310,1695]]",0,0,[],2,0,[],0,0,0,0,0,[],1695,0,0,[]
2,2,"[[699,1699],[1617,1699]]",0,0,[],2,0,[],0,0,0,0,0,[],1699,0,0,[]
1,1,"[[1668,1700]]",0,0,[],1,0,[],0,0,0,0,0,[],1700,0,0,[]
1,1,"[[119,1701]]",0,0,[],1,0,[],0,0,0,0,0,[],1701,0,0,[]
1,1,"[[1246,1702]]",0,0,[],1,0,[],0,0,0,0,0,[],1702,0,0,[]
2,2,"[[588,1703],[1592,1703]]",0,0,[],2,0,[],0,0,0,0,0,[],1703,0,0,[]
1,1,"[[1503,1704]]",0,0,[],1,0,[],0,0,0,0,0,[],1704,0,0,[]
2,2,"[[1407,1705],[1705,4129]]",0,0,[],2,0,[],0,0,0,0,0,[],1705,0,0,[]
2,2,"[[1286,1706],[1706,5414]]",0,0,[],2,0,[],0,0,0,0,0,[],1706,0,0,[]
1,1,"[[1707,4303]]",0,0,[],1,0,[],0,0,0,0,0,[],1707,0,0,[]
1,1,"[[307,1709]]",0,0,[],1,0,[],0,0,0,0,0,[],1709,0,0,[]
2,2,"[[783,1712],[1006,1712]]",0,0,[],2,0,[],0,0,0,0,0,[],1712,0,0,[]
1,1,"[[1201,1713]]",0,0,[],1,0,[],0,0,0,0,0,[],1713,0,0,[]
2,2,"[[305,1714],[1608,1714]]",0,0,[],2,0,[],0,0,0,0,0,[],1714,0,0,[]
1,1,"[[1294,1715]]",0,0,[],1,0,[],0,0,0,0,0,[],1715,0,0,[]
1,1,"[[28,1716]]",0,0,[],1,0,[],0,0,0,0,0,[],1716,0,0,[]
2,2,"[[1717,3835],[1717,5131]]",0,0,[],2,0,[],0,0,0,0,0,[],1717,0,0,[]
2,2,"[[318,1719],[1719,2808]]",0,0,[],2,0,[],0,0,0,0,0,[],1719,0,0,[]
1,1,"[[1720,1874]]",0,0,[],1,0,[],0,0,0,0,0,[],1720,0,0,[]
2,2,"[[1454,1722],[1722,1995]]",0,0,[],2,0,[],0,0,0,0,0,[],1722,0,0,[]
1,1,"[[1652,1723]]",0,0,[],1,0,[],0,0,0,0,0,[],1723,0,0,[]
1,1,"[[1725,1864]]",0,0,[],1,0,[],0,0,0,0,0,[],1725,0,0,[]
2,2,"[[1612,1726],[1726,1879]]",0,0,[],2,0,[],0,0,0,0,0,[],1726,0,0,[]
1,1,"[[1296,1727]]",0,0,[],1,0,[],0,0,0,0,0,[],1727,0,0,[]
2,2,"[[1005,1728],[1243,1728]]",0,0,[],2,0,[],0,0,0,0,0,[],1728,0,0,[]
1,1,"[[191,1731]]",0,0,[],1,0,[],0,0,0,0,0,[],1731,0,0,[]
1,1,"[[1583,1732]]",0,0,[],1,0,[],0,0,0,0,0,[],1732,0,0,[]
1,1,"[[1733,1983]]",0,0,[],1,0,[],0,0,0,0,0,[],1733,0,0,[]
2,2,"[[37,1734],[1734,3751]]",0,0,[],2,0,[],0,0,0,0,0,[],1734,0,0,[]
1,1,"[[1735,2290]]",0,0,[],1,0,[],0,0,0,0,0,[],1735,0,0,[]
1,1,"[[1736,3102]]",0,0,[],1,0,[],0,0,0,0,0,[],1736,0,0,[]
1,1,"[[1738,13145]]",0,0,[],1,0,[],0,0,0,0,0,[],1738,0,0,[]
1,1,"[[1055,1739]]",0,0,[],1,0,[],0,0,0,0,0,[],1739,0,0,[]
2,2,"[[886,1740],[1113,1740]]",0,0,[],2,0,[],0,0,0,0,0,[],1740,0,0,[]
2,2,"[[1741,2782],[1741,3821]]",0,0,[],2,0,[],0,0,0,0,0,[],1741,0,0,[]
2,2,"[[1209,1743],[1743,3996]]",0,0,[],2,0,[],0,0,0,0,0,[],1743,0,0,[]
2,2,"[[1744,1959],[1744,2652]]",0,0,[],2,0,[],0,0,0,0,0,[],1744,0,0,[]
2,2,"[[1248,1745],[1745,1794]]",0,0,[],2,0,[],0,0,0,0,0,[],1745,0,0,[]
1,1,"[[1746,5064]]",0,0,[],1,0,[],0,0,0,0,0,[],1746,0,0,[]
2,2,"[[1747,2699],[1747,3782]]",0,0,[],2,0,[],0,0,0,0,0,[],1747,0,0,[]
1,1,"[[1748,1818]]",0,0,[],1,0,[],0,0,0,0,0,[],1748,0,0,[]
1,1,"[[1749,2001]]",0,0,[],1,0,[],0,0,0,0,0,[],1749,0,0,[]
2,2,"[[98,1753],[1753,4200]]",0,0,[],2,0,[],0,0,0,0,0,[],1753,0,0,[]
2,2,"[[1755,1882],[1755,2853]]",0,0,[],2,0,[],0,0,0,0,0,[],1755,0,0,[]
2,2,"[[1756,2508],[1756,2720]]",0,0,[],2,0,[],0,0,0,0,0,[],1756,0,0,[]
2,2,"[[652,1757],[703,1757]]",0,0,[],2,0,[],0,0,0,0,0,[],1757,0,0,[]
2,2,"[[1601,1758],[1758,3120]]",0,0,[],2,0,[],0,0,0,0,0,[],1758,0,0,[]
1,1,"[[1759,3195]]",0,0,[],1,0,[],0,0,0,0,0,[],1759,0,0,[]
2,2,"[[608,1760],[1081,1760]]",0,0,[],2,0,[],0,0,0,0,0,[],1760,0,0,[]
2,2,"[[1762,2223],[1762,5483]]",0,0,[],2,0,[],0,0,0,0,0,[],1762,0,0,[]
2,2,"[[1646,1763],[1763,2054]]",0,0,[],2,0,[],0,0,0,0,0,[],1763,0,0,[]
2,2,"[[1764,1781],[1764,3147]]",0,0,[],2,0,[],0,0,0,0,0,[],1764,0,0,[]
1,1,"[[1766,1985]]",0,0,[],1,0,[],0,0,0,0,0,[],1766,0,0,[]
2,2,"[[157,1767],[1035,1767]]",0,0,[],2,0,[],0,0,0,0,0,[],1767,0,0,[]
1,1,"[[1769,2016]]",0,0,[],1,0,[],0,0,0,0,0,[],1769,0,0,[]
1,1,"[[1194,1773]]",0,0,[],1,0,[],0,0,0,0,0,[],1773,0,0,[]
1,1,"[[1774,1812]]",0,0,[],1,0,[],0,0,0,0,0,[],1774,0,0,[]
2,2,"[[1177,1776],[1776,1851]]",0,0,[],2,0,[],0,0,0,0,0,[],1776,0,0,[]
1,1,"[[1525,1777]]",0,0,[],1,0,[],0,0,0,0,0,[],1777,0,0,[]
2,2,"[[1778,5199],[1778,7661]]",0,0,[],2,0,[],0,0,0,0,0,[],1778,0,0,[]
2,2,"[[1364,1779],[1647,1779]]",0,0,[],2,0,[],0,0,0,0,0,[],1779,0,0,[]
2,2,"[[495,1780],[1780,1930]]",0,0,[],2,0,[],0,0,0,0,0,[],1780,0,0,[]
1,1,"[[1038,1781]]",0,0,[],1,0,[],0,0,0,0,0,[],1781,0,0,[]
1,1,"[[1782,8287]]",0,0,[],1,0,[],0,0,0,0,0,[],1782,0,0,[]
1,1,"[[1783,2032]]",0,0,[],1,0,[],0,0,0,0,0,[],1783,0,0,[]
1,1,"[[372,1784]]",0,0,[],1,0,[],0,0,0,0,0,[],1784,0,0,[]
1,1,"[[1685,1785]]",0,0,[],1,0,[],0,0,0,0,0,[],1785,0,0,[]
1,1,"[[1780,1787]]",0,0,[],1,0,[],0,0,0,0,0,[],1787,0,0,[]
1,1,"[[1510,1788]]",0,0,[],1,0,[],0,0,0,0,0,[],1788,0,0,[]
1,1,"[[1789,3734]]",0,0,[],1,0,[],0,0,0,0,0,[],1789,0,0,[]
1,1,"[[1031,1790]]",0,0,[],1,0,[],0,0,0,0,0,[],1790,0,0,[]
2,2,"[[663,1791],[1312,1791]]",0,0,[],2,0,[],0,0,0,0,0,[],1791,0,0,[]
1,1,"[[1792,1910]]",0,0,[],1,0,[],0,0,0,0,0,[],1792,0,0,[]
1,1,"[[474,1793]]",0,0,[],1,0,[],0,0,0,0,0,[],1793,0,0,[]
1,1,"[[958,1794]]",0,0,[],1,0,[],0,0,0,0,0,[],1794,0,0,[]
2,2,"[[1592,1796],[1796,1926]]",0,0,[],2,0,[],0,0,0,0,0,[],1796,0,0,[]
2,2,"[[1797,1891],[1797,2613]]",0,0,[],2,0,[],0,0,0,0,0,[],1797,0,0,[]
1,1,"[[1798,2341]]",0,0,[],1,0,[],0,0,0,0,0,[],1798,0,0,[]
1,1,"[[1799,7809]]",0,0,[],1,0,[],0,0,0,0,0,[],1799,0,0,[]
2,2,"[[876,1800],[1800,11483]]",0,0,[],2,0,[],0,0,0,0,0,[],1800,0,0,[]
1,1,"[[1801,1928]]",0,0,[],1,0,[],0,0,0,0,0,[],1801,0,0,[]
2,2,"[[879,1803],[892,1803]]",0,0,[],2,0,[],0,0,0,0,0,[],1803,0,0,[]
1,1,"[[923,1804]]",0,0,[],1,0,[],0,0,0,0,0,[],1804,0,0,[]
2,2,"[[16,1805],[1577,1805]]",0,0,[],2,0,[],0,0,0,0,0,[],1805,0,0,[]
2,2,"[[1593,1806],[1678,1806]]",0,0,[],2,0,[],0,0,0,0,0,[],1806,0,0,[]
1,1,"[[1313,1807]]",0,0,[],1,0,[],0,0,0,0,0,[],1807,0,0,[]
2,2,"[[1810,9975],[1810,10702]]",0,0,[],2,0,[],0,0,0,0,0,[],1810,0,0,[]
2,2,"[[1813,2092],[1813,4006]]",0,0,[],2,0,[],0,0,0,0,0,[],1813,0,0,[]
2,2,"[[800,1814],[1814,12018]]",0,0,[],2,0,[],0,0,0,0,0,[],1814,0,0,[]
1,1,"[[435,1815]]",0,0,[],1,0,[],0,0,0,0,0,[],1815,0,0,[]
2,2,"[[7,1817],[1817,6561]]",0,0,[],2,0,[],0,0,0,0,0,[],1817,0,0,[]
1,1,"[[1819,7046]]",0,0,[],1,0,[],0,0,0,0,0,[],1819,0,0,[]
1,1,"[[1822,2102]]",0,0,[],1,0,[],0,0,0,0,0,[],1822,0,0,[]
1,1,"[[1824,3688]]",0,0,[],1,0,[],0,0,0,0,0,[],1824,0,0,[]
1,1,"[[1372,1825]]",0,0,[],1,0,[],0,0,0,0,0,[],1825,0,0,[]
1,1,"[[1569,1829]]",0,0,[],1,0,[],0,0,0,0,0,[],1829,0,0,[]
1,1,"[[1830,3202]]",0,0,[],1,0,[],0,0,0,0,0,[],1830,0,0,[]
2,2,"[[686,1831],[1831,1948]]",0,0,[],2,0,[],0,0,0,0,0,[],1831,0,0,[]
2,2,"[[1832,3501],[1832,3851]]",0,0,[],2,0,[],0,0,0,0,0,[],1832,0,0,[]
1,1,"[[1114,1834]]",0,0,[],1,0,[],0,0,0,0,0,[],1834,0,0,[]
2,2,"[[1835,4182],[1835,13295]]",0,0,[],2,0,[],0,0,0,0,0,[],1835,0,0,[]
1,1,"[[1124,1837]]",0,0,[],1,0,[],0,0,0,0,0,[],1837,0,0,[]
1,1,"[[1142,1838]]",0,0,[],1,0,[],0,0,0,0,0,[],1838,0,0,[]
2,2,"[[1046,1839],[1481,1839]]",0,0,[],2,0,[],0,0,0,0,0,[],1839,0,0,[]
1,1,"[[1840,3816]]",0,0,[],1,0,[],0,0,0,0,0,[],1840,0,0,[]
2,2,"[[1843,5103],[1843,6384]]",0,0,[],2,0,[],0,0,0,0,0,[],1843,0,0,[]
1,1,"[[1844,1922]]",0,0,[],1,0,[],0,0,0,0,0,[],1844,0,0,[]
1,1,"[[1845,5276]]",0,0,[],1,0,[],0,0,0,0,0,[],1845,0,0,[]
1,1,"[[1763,1846]]",0,0,[],1,0,[],0,0,0,0,0,[],1846,0,0,[]
1,1,"[[382,1847]]",0,0,[],1,0,[],0,0,0,0,0,[],1847,0,0,[]
2,2,"[[506,1849],[1849,2687]]",0,0,[],2,0,[],0,0,0,0,0,[],1849,0,0,[]
1,1,"[[1850,4086]]",0,0,[],1,0,[],0,0,0,0,0,[],1850,0,0,[]
2,2,"[[1028,1852],[1852,6533]]",0,0,[],2,0,[],0,0,0,0,0,[],1852,0,0,[]
2,2,"[[632,1853],[1853,2014]]",0,0,[],2,0,[],0,0,0,0,0,[],1853,0,0,[]
1,1,"[[662,1854]]",0,0,[],1,0,[],0,0,0,0,0,[],1854,0,0,[]
1,1,"[[1856,2268]]",0,0,[],1,0,[],0,0,0,0,0,[],1856,0,0,[]
2,2,"[[1440,1858],[1858,2207]]",0,0,[],2,0,[],0,0,0,0,0,[],1858,0,0,[]
2,2,"[[1306,1859],[1787,1859]]",0,0,[],2,0,[],0,0,0,0,0,[],1859,0,0,[]
2,2,"[[1860,2410],[1860,3277]]",0,0,[],2,0,[],0,0,0,0,0,[],1860,0,0,[]
1,1,"[[1367,1862]]",0,0,[],1,0,[],0,0,0,0,0,[],1862,0,0,[]
1,1,"[[1864,2409]]",0,0,[],1,0,[],0,0,0,0,0,[],1864,0,0,[]
1,1,"[[321,1865]]",0,0,[],1,0,[],0,0,0,0,0,[],1865,0,0,[]
2,2,"[[1377,1866],[1866,1990]]",0,0,[],2,0,[],0,0,0,0,0,[],1866,0,0,[]
1,1,"[[227,1868]]",0,0,[],1,0,[],0,0,0,0,0,[],1868,0,0,[]
2,2,"[[766,1869],[1869,3011]]",0,0,[],2,0,[],0,0,0,0,0,[],1869,0,0,[]
2,2,"[[1363,1870],[1665,1870]]",0,0,[],2,0,[],0,0,0,0,0,[],1870,0,0,[]
2,2,"[[389,1872],[1872,2944]]",0,0,[],2,0,[],0,0,0,0,0,[],1872,0,0,[]
1,1,"[[1873,3153]]",0,0,[],1,0,[],0,0,0,0,0,[],1873,0,0,[]
1,1,"[[1536,1876]]",0,0,[],1,0,[],0,0,0,0,0,[],1876,0,0,[]
2,2,"[[729,1877],[1877,3839]]",0,0,[],2,0,[],0,0,0,0,0,[],1877,0,0,[]
1,1,"[[573,1878]]",0,0,[],1,0,[],0,0,0,0,0,[],1878,0,0,[]
2,2,"[[1581,1879],[1879,1883]]",0,0,[],2,0,[],0,0,0,0,0,[],1879,0,0,[]
2,2,"[[622,1880],[1880,2490]]",0,0,[],2,0,[],0,0,0,0,0,[],1880,0,0,[]
2,2,"[[497,1881],[1881,7260]]",0,0,[],2,0,[],0,0,0,0,0,[],1881,0,0,[]
2,2,"[[441,1883],[695,1883]]",0,0,[],2,0,[],0,0,0,0,0,[],1883,0,0,[]
1,1,"[[465,1885]]",0,0,[],1,0,[],0,0,0,0,0,[],1885,0,0,[]
2,2,"[[1886,2675],[1886,7674]]",0,0,[],2,0,[],0,0,0,0,0,[],1886,0,0,[]
2,2,"[[478,1887],[1724,1887]]",0,0,[],2,0,[],0,0,0,0,0,[],1887,0,0,[]
1,1,"[[1888,3870]]",0,0,[],1,0,[],0,0,0,0,0,[],1888,0,0,[]
2,2,"[[703,1889],[1889,2631]]",0,0,[],2,0,[],0,0,0,0,0,[],1889,0,0,[]
1,1,"[[929,1890]]",0,0,[],1,0,[],0,0,0,0,0,[],1890,0,0,[]
2,2,"[[782,1891],[1891,1955]]",0,0,[],2,0,[],0,0,0,0,0,[],1891,0,0,[]
1,1,"[[1893,3920]]",0,0,[],1,0,[],0,0,0,0,0,[],1893,0,0,[]
2,2,"[[216,1896],[824,1896]]",0,0,[],2,0,[],0,0,0,0,0,[],1896,0,0,[]
1,1,"[[121,1897]]",0,0,[],1,0,[],0,0,0,0,0,[],1897,0,0,[]
1,1,"[[1899,3411]]",0,0,[],1,0,[],0,0,0,0,0,[],1899,0,0,[]
2,2,"[[1900,2526],[1900,2809]]",0,0,[],2,0,[],0,0,0,0,0,[],1900,0,0,[]
2,2,"[[908,1901],[1901,2338]]",0,0,[],2,0,[],0,0,0,0,0,[],1901,0,0,[]
2,2,"[[854,1902],[1902,7545]]",0,0,[],2,0,[],0,0,0,0,0,[],1902,0,0,[]
2,2,"[[1903,3708],[1903,8769]]",0,0,[],2,0,[],0,0,0,0,0,[],1903,0,0,[]
2,2,"[[207,1904],[1358,1904]]",0,0,[],2,0,[],0,0,0,0,0,[],1904,0,0,[]
2,2,"[[1199,1906],[1365,1906]]",0,0,[],2,0,[],0,0,0,0,0,[],1906,0,0,[]
1,1,"[[1907,1966]]",0,0,[],1,0,[],0,0,0,0,0,[],1907,0,0,[]
1,1,"[[1356,1908]]",0,0,[],1,0,[],0,0,0,0,0,[],1908,0,0,[]
2,2,"[[50,1909],[1464,1909]]",0,0,[],2,0,[],0,0,0,0,0,[],1909,0,0,[]
2,2,"[[1090,1910],[1910,3676]]",0,0,[],2,0,[],0,0,0,0,0,[],1910,0,0,[]
1,1,"[[1911,8177]]",0,0,[],1,0,[],0,0,0,0,0,[],1911,0,0,[]
1,1,"[[430,1912]]",0,0,[],1,0,[],0,0,0,0,0,[],1912,0,0,[]
2,2,"[[533,1913],[1711,1913]]",0,0,[],2,0,[],0,0,0,0,0,[],1913,0,0,[]
2,2,"[[676,1914],[1914,1935]]",0,0,[],2,0,[],0,0,0,0,0,[],1914,0,0,[]
1,1,"[[1915,2178]]",0,0,[],1,0,[],0,0,0,0,0,[],1915,0,0,[]
2,2,"[[1,1917],[113,1917]]",0,0,[],2,0,[],0,0,0,0,0,[],1917,0,0,[]
2,2,"[[1042,1918],[1918,2332]]",0,0,[],2,0,[],0,0,0,0,0,[],1918,0,0,[]
2,2,"[[1920,5432],[1920,8099]]",0,0,[],2,0,[],0,0,0,0,0,[],1920,0,0,[]
1,1,"[[1922,2167]]",0,0,[],1,0,[],0,0,0,0,0,[],1922,0,0,[]
1,1,"[[1134,1923]]",0,0,[],1,0,[],0,0,0,0,0,[],1923,0,0,[]
2,2,"[[86,1924],[1516,1924]]",0,0,[],2,0,[],0,0,0,0,0,[],1924,0,0,[]
1,1,"[[1925,3371]]",0,0,[],1,0,[],0,0,0,0,0,[],1925,0,0,[]
1,1,"[[1597,1926]]",0,0,[],1,0,[],0,0,0,0,0,[],1926,0,0,[]
1,1,"[[1351,1928]]",0,0,[],1,0,[],0,0,0,0,0,[],1928,0,0,[]
2,2,"[[819,1929],[1805,1929]]",0,0,[],2,0,[],0,0,0,0,0,[],1929,0,0,[]
2,2,"[[1933,2650],[1933,11929]]",0,0,[],2,0,[],0,0,0,0,0,[],1933,0,0,[]
1,1,"[[1857,1935]]",0,0,[],1,0,[],0,0,0,0,0,[],1935,0,0,[]
2,2,"[[1045,1936],[1936,4207]]",0,0,[],2,0,[],0,0,0,0,0,[],1936,0,0,[]
1,1,"[[1937,5735]]",0,0,[],1,0,[],0,0,0,0,0,[],1937,0,0,[]
1,1,"[[1692,1939]]",0,0,[],1,0,[],0,0,0,0,0,[],1939,0,0,[]
1,1,"[[256,1940]]",0,0,[],1,0,[],0,0,0,0,0,[],1940,0,0,[]
2,2,"[[1463,1941],[1791,1941]]",0,0,[],2,0,[],0,0,0,0,0,[],1941,0,0,[]
1,1,"[[560,1942]]",0,0,[],1,0,[],0,0,0,0,0,[],1942,0,0,[]
2,2,"[[1943,2154],[1943,4310]]",0,0,[],2,0,[],0,0,0,0,0,[],1943,0,0,[]
1,1,"[[1944,3147]]",0,0,[],1,0,[],0,0,0,0,0,[],1944,0,0,[]
1,1,"[[228,1945]]",0,0,[],1,0,[],0,0,0,0,0,[],1945,0,0,[]
1,1,"[[1946,5930]]",0,0,[],1,0,[],0,0,0,0,0,[],1946,0,0,[]
1,1,"[[1949,3341]]",0,0,[],1,0,[],0,0,0,0,0,[],1949,0,0,[]
2,2,"[[350,1951],[1140,1951]]",0,0,[],2,0,[],0,0,0,0,0,[],1951,0,0,[]
2,2,"[[1952,2106],[1952,4822]]",0,0,[],2,0,[],0,0,0,0,0,[],1952,0,0,[]
1,1,"[[1953,4827]]",0,0,[],1,0,[],0,0,0,0,0,[],1953,0,0,[]
2,2,"[[1954,2659],[1954,2708]]",0,0,[],2,0,[],0,0,0,0,0,[],1954,0,0,[]
1,1,"[[1955,2495]]",0,0,[],1,0,[],0,0,0,0,0,[],1955,0,0,[]
2,2,"[[802,1956],[1170,1956]]",0,0,[],2,0,[],0,0,0,0,0,[],1956,0,0,[]
2,2,"[[306,1958],[1958,2222]]",0,0,[],2,0,[],0,0,0,0,0,[],1958,0,0,[]
2,2,"[[1604,1959],[1959,3623]]",0,0,[],2,0,[],0,0,0,0,0,[],1959,0,0,[]
1,1,"[[580,1961]]",0,0,[],1,0,[],0,0,0,0,0,[],1961,0,0,[]
2,2,"[[1962,2628],[1962,4163]]",0,0,[],2,0,[],0,0,0,0,0,[],1962,0,0,[]
1,1,"[[1964,2912]]",0,0,[],1,0,[],0,0,0,0,0,[],1964,0,0,[]
2,2,"[[1544,1966],[1966,2679]]",0,0,[],2,0,[],0,0,0,0,0,[],1966,0,0,[]
2,2,"[[1503,1968],[1968,3870]]",0,0,[],2,0,[],0,0,0,0,0,[],1968,0,0,[]
2,2,"[[383,1970],[1970,5718]]",0,0,[],2,0,[],0,0,0,0,0,[],1970,0,0,[]
1,1,"[[872,1972]]",0,0,[],1,0,[],0,0,0,0,0,[],1972,0,0,[]
2,2,"[[1973,2989],[1973,3315]]",0,0,[],2,0,[],0,0,0,0,0,[],1973,0,0,[]
2,2,"[[1974,2410],[1974,3298]]",0,0,[],2,0,[],0,0,0,0,0,[],1974,0,0,[]
1,1,"[[1029,1976]]",0,0,[],1,0,[],0,0,0,0,0,[],1976,0,0,[]
2,2,"[[1777,1977],[1977,2864]]",0,0,[],2,0,[],0,0,0,0,0,[],1977,0,0,[]
1,1,"[[1980,3759]]",0,0,[],1,0,[],0,0,0,0,0,[],1980,0,0,[]
2,2,"[[1981,2839],[1981,9523]]",0,0,[],2,0,[],0,0,0,0,0,[],1981,0,0,[]
2,2,"[[1136,1982],[1982,4742]]",0,0,[],2,0,[],0,0,0,0,0,[],1982,0,0,[]
1,1,"[[695,1984]]",0,0,[],1,0,[],0,0,0,0,0,[],1984,0,0,[]
2,2,"[[1986,1989],[1986,2217]]",0,0,[],2,0,[],0,0,0,0,0,[],1986,0,0,[]
2,2,"[[1048,1987],[1292,1987]]",0,0,[],2,0,[],0,0,0,0,0,[],1987,0,0,[]
2,2,"[[685,1988],[1988,2870]]",0,0,[],2,0,[],0,0,0,0,0,[],1988,0,0,[]
2,2,"[[623,1989],[963,1989]]",0,0,[],2,0,[],0,0,0,0,0,[],1989,0,0,[]
1,1,"[[1990,4664]]",0,0,[],1,0,[],0,0,0,0,0,[],1990,0,0,[]
1,1,"[[1991,2247]]",0,0,[],1,0,[],0,0,0,0,0,[],1991,0,0,[]
2,2,"[[1993,5260],[1993,7202]]",0,0,[],2,0,[],0,0,0,0,0,[],1993,0,0,[]
1,1,"[[1994,2378]]",0,0,[],1,0,[],0,0,0,0,0,[],1994,0,0,[]
1,1,"[[1995,2065]]",0,0,[],1,0,[],0,0,0,0,0,[],1995,0,0,[]
2,2,"[[1996,2148],[1996,4736]]",0,0,[],2,0,[],0,0,0,0,0,[],1996,0,0,[]
2,2,"[[547,1997],[899,1997]]",0,0,[],2,0,[],0,0,0,0,0,[],1997,0,0,[]
1,1,"[[1477,1998]]",0,0,[],1,0,[],0,0,0,0,0,[],1998,0,0,[]
1,1,"[[756,1999]]",0,0,[],1,0,[],0,0,0,0,0,[],1999,0,0,[]
1,1,"[[1021,2001]]",0,0,[],1,0,[],0,0,0,0,0,[],2001,0,0,[]
2,2,"[[112,2002],[612,2002]]",0,0,[],2,0,[],0,0,0,0,0,[],2002,0,0,[]
2,2,"[[1173,2005],[2005,9875]]",0,0,[],2,0,[],0,0,0,0,0,[],2005,0,0,[]
1,1,"[[2006,2297]]",0,0,[],1,0,[],0,0,0,0,0,[],2006,0,0,[]
1,1,"[[654,2007]]",0,0,[],1,0,[],0,0,0,0,0,[],2007,0,0,[]
2,2,"[[1895,2008],[2008,2394]]",0,0,[],2,0,[],0,0,0,0,0,[],2008,0,0,[]
1,1,"[[1654,2009]]",0,0,[],1,0,[],0,0,0,0,0,[],2009,0,0,[]
1,1,"[[1939,2010]]",0,0,[],1,0,[],0,0,0,0,0,[],2010,0,0,[]
2,2,"[[225,2011],[2011,2730]]",0,0,[],2,0,[],0,0,0,0,0,[],2011,0,0,[]
2,2,"[[2012,2618],[2012,8430]]",0,0,[],2,0,[],0,0,0,0,0,[],2012,0,0,[]
1,1,"[[1141,2013]]",0,0,[],1,0,[],0,0,0,0,0,[],2013,0,0,[]
1,1,"[[1878,2014]]",0,0,[],1,0,[],0,0,0,0,0,[],2014,0,0,[]
1,1,"[[1969,2016]]",0,0,[],1,0,[],0,0,0,0,0,[],2016,0,0,[]
2,2,"[[536,2017],[2017,3828]]",0,0,[],2,0,[],0,0,0,0,0,[],2017,0,0,[]
1,1,"[[851,2018]]",0,0,[],1,0,[],0,0,0,0,0,[],2018,0,0,[]
1,1,"[[1509,2019]]",0,0,[],1,0,[],0,0,0,0,0,[],2019,0,0,[]
2,2,"[[1477,2020],[1883,2020]]",0,0,[],2,0,[],0,0,0,0,0,[],2020,0,0,[]
2,2,"[[236,2021],[2021,2087]]",0,0,[],2,0,[],0,0,0,0,0,[],2021,0,0,[]
1,1,"[[776,2023]]",0,0,[],1,0,[],0,0,0,0,0,[],2023,0,0,[]
2,2,"[[1314,2024],[1955,2024]]",0,0,[],2,0,[],0,0,0,0,0,[],2024,0,0,[]
1,1,"[[2025,2613]]",0,0,[],1,0,[],0,0,0,0,0,[],2025,0,0,[]
2,2,"[[208,2026],[1863,2026]]",0,0,[],2,0,[],0,0,0,0,0,[],2026,0,0,[]
1,1,"[[2028,2419]]",0,0,[],1,0,[],0,0,0,0,0,[],2028,0,0,[]
1,1,"[[184,2033]]",0,0,[],1,0,[],0,0,0,0,0,[],2033,0,0,[]
1,1,"[[832,2034]]",0,0,[],1,0,[],0,0,0,0,0,[],2034,0,0,[]
2,2,"[[755,2035],[1880,2035]]",0,0,[],2,0,[],0,0,0,0,0,[],2035,0,0,[]
1,1,"[[1523,2036]]",0,0,[],1,0,[],0,0,0,0,0,[],2036,0,0,[]
2,2,"[[1558,2037],[2037,9671]]",0,0,[],2,0,[],0,0,0,0,0,[],2037,0,0,[]
1,1,"[[2039,2731]]",0,0,[],1,0,[],0,0,0,0,0,[],2039,0,0,[]
1,1,"[[2041,5532]]",0,0,[],1,0,[],0,0,0,0,0,[],2041,0,0,[]
2,2,"[[1267,2042],[2042,2273]]",0,0,[],2,0,[],0,0,0,0,0,[],2042,0,0,[]
1,1,"[[2043,2231]]",0,0,[],1,0,[],0,0,0,0,0,[],2043,0,0,[]
2,2,"[[2044,2093],[2044,3460]]",0,0,[],2,0,[],0,0,0,0,0,[],2044,0,0,[]
1,1,"[[2045,3245]]",0,0,[],1,0,[],0,0,0,0,0,[],2045,0,0,[]
1,1,"[[1563,2046]]",0,0,[],1,0,[],0,0,0,0,0,[],2046,0,0,[]
2,2,"[[2047,2068],[2047,3630]]",0,0,[],2,0,[],0,0,0,0,0,[],2047,0,0,[]
1,1,"[[873,2048]]",0,0,[],1,0,[],0,0,0,0,0,[],2048,0,0,[]
2,2,"[[882,2049],[1793,2049]]",0,0,[],2,0,[],0,0,0,0,0,[],2049,0,0,[]
1,1,"[[719,2051]]",0,0,[],1,0,[],0,0,0,0,0,[],2051,0,0,[]
1,1,"[[2052,7293]]",0,0,[],1,0,[],0,0,0,0,0,[],2052,0,0,[]
1,1,"[[2053,2077]]",0,0,[],1,0,[],0,0,0,0,0,[],2053,0,0,[]
2,2,"[[2055,3343],[2055,4640]]",0,0,[],2,0,[],0,0,0,0,0,[],2055,0,0,[]
2,2,"[[1351,2056],[2056,6034]]",0,0,[],2,0,[],0,0,0,0,0,[],2056,0,0,[]
2,2,"[[2059,11093],[2059,12436]]",0,0,[],2,0,[],0,0,0,0,0,[],2059,0,0,[]
2,2,"[[194,2060],[1524,2060]]",0,0,[],2,0,[],0,0,0,0,0,[],2060,0,0,[]
1,1,"[[2062,2962]]",0,0,[],1,0,[],0,0,0,0,0,[],2062,0,0,[]
1,1,"[[2063,2136]]",0,0,[],1,0,[],0,0,0,0,0,[],2063,0,0,[]
1,1,"[[1070,2064]]",0,0,[],1,0,[],0,0,0,0,0,[],2064,0,0,[]
2,2,"[[1483,2065],[2065,2311]]",0,0,[],2,0,[],0,0,0,0,0,[],2065,0,0,[]
2,2,"[[2066,4566],[2066,7941]]",0,0,[],2,0,[],0,0,0,0,0,[],2066,0,0,[]
1,1,"[[2067,2480]]",0,0,[],1,0,[],0,0,0,0,0,[],2067,0,0,[]
2,2,"[[323,2068],[2068,3419]]",0,0,[],2,0,[],0,0,0,0,0,[],2068,0,0,[]
2,2,"[[1763,2069],[2054,2069]]",0,0,[],2,0,[],0,0,0,0,0,[],2069,0,0,[]
2,2,"[[164,2070],[1920,2070]]",0,0,[],2,0,[],0,0,0,0,0,[],2070,0,0,[]
1,1,"[[76,2071]]",0,0,[],1,0,[],0,0,0,0,0,[],2071,0,0,[]
2,2,"[[784,2072],[2072,4005]]",0,0,[],2,0,[],0,0,0,0,0,[],2072,0,0,[]
1,1,"[[1674,2074]]",0,0,[],1,0,[],0,0,0,0,0,[],2074,0,0,[]
1,1,"[[264,2075]]",0,0,[],1,0,[],0,0,0,0,0,[],2075,0,0,[]
2,2,"[[2076,2153],[2076,4261]]",0,0,[],2,0,[],0,0,0,0,0,[],2076,0,0,[]
1,1,"[[2078,2452]]",0,0,[],1,0,[],0,0,0,0,0,[],2078,0,0,[]
1,1,"[[2079,3075]]",0,0,[],1,0,[],0,0,0,0,0,[],2079,0,0,[]
1,1,"[[757,2081]]",0,0,[],1,0,[],0,0,0,0,0,[],2081,0,0,[]
1,1,"[[2083,7300]]",0,0,[],1,0,[],0,0,0,0,0,[],2083,0,0,[]
1,1,"[[2084,2368]]",0,0,[],1,0,[],0,0,0,0,0,[],2084,0,0,[]
1,1,"[[2085,2240]]",0,0,[],1,0,[],0,0,0,0,0,[],2085,0,0,[]
1,1,"[[1107,2087]]",0,0,[],1,0,[],0,0,0,0,0,[],2087,0,0,[]
2,2,"[[1591,2088],[2088,3304]]",0,0,[],2,0,[],0,0,0,0,0,[],2088,0,0,[]
1,1,"[[2089,5524]]",0,0,[],1,0,[],0,0,0,0,0,[],2089,0,0,[]
2,2,"[[1211,2090],[1814,2090]]",0,0,[],2,0,[],0,0,0,0,0,[],2090,0,0,[]
1,1,"[[1286,2092]]",0,0,[],1,0,[],0,0,0,0,0,[],2092,0,0,[]
2,2,"[[2093,2526],[2093,2868]]",0,0,[],2,0,[],0,0,0,0,0,[],2093,0,0,[]
1,1,"[[1666,2095]]",0,0,[],1,0,[],0,0,0,0,0,[],2095,0,0,[]
1,1,"[[543,2096]]",0,0,[],1,0,[],0,0,0,0,0,[],2096,0,0,[]
2,2,"[[2097,3687],[2097,6202]]",0,0,[],2,0,[],0,0,0,0,0,[],2097,0,0,[]
2,2,"[[561,2099],[2099,2404]]",0,0,[],2,0,[],0,0,0,0,0,[],2099,0,0,[]
2,2,"[[2100,5901],[2100,7074]]",0,0,[],2,0,[],0,0,0,0,0,[],2100,0,0,[]
1,1,"[[2101,10966]]",0,0,[],1,0,[],0,0,0,0,0,[],2101,0,0,[]
1,1,"[[2104,9489]]",0,0,[],1,0,[],0,0,0,0,0,[],2104,0,0,[]
1,1,"[[1083,2105]]",0,0,[],1,0,[],0,0,0,0,0,[],2105,0,0,[]
2,2,"[[1632,2106],[2106,2732]]",0,0,[],2,0,[],0,0,0,0,0,[],2106,0,0,[]
1,1,"[[1452,2107]]",0,0,[],1,0,[],0,0,0,0,0,[],2107,0,0,[]
1,1,"[[1970,2108]]",0,0,[],1,0,[],0,0,0,0,0,[],2108,0,0,[]
2,2,"[[179,2109],[2081,2109]]",0,0,[],2,0,[],0,0,0,0,0,[],2109,0,0,[]
1,1,"[[2110,2671]]",0,0,[],1,0,[],0,0,0,0,0,[],2110,0,0,[]
2,2,"[[665,2111],[2111,12895]]",0,0,[],2,0,[],0,0,0,0,0,[],2111,0,0,[]
1,1,"[[2114,6338]]",0,0,[],1,0,[],0,0,0,0,0,[],2114,0,0,[]
1,1,"[[2116,2176]]",0,0,[],1,0,[],0,0,0,0,0,[],2116,0,0,[]
2,2,"[[1933,2117],[2117,11795]]",0,0,[],2,0,[],0,0,0,0,0,[],2117,0,0,[]
2,2,"[[1256,2118],[1313,2118]]",0,0,[],2,0,[],0,0,0,0,0,[],2118,0,0,[]
1,1,"[[1193,2119]]",0,0,[],1,0,[],0,0,0,0,0,[],2119,0,0,[]
1,1,"[[574,2120]]",0,0,[],1,0,[],0,0,0,0,0,[],2120,0,0,[]
1,1,"[[1927,2121]]",0,0,[],1,0,[],0,0,0,0,0,[],2121,0,0,[]
2,2,"[[2122,5842],[2122,6145]]",0,0,[],2,0,[],0,0,0,0,0,[],2122,0,0,[]
2,2,"[[2123,3078],[2123,4604]]",0,0,[],2,0,[],0,0,0,0,0,[],2123,0,0,[]
2,2,"[[886,2124],[2124,8124]]",0,0,[],2,0,[],0,0,0,0,0,[],2124,0,0,[]
1,1,"[[2125,6570]]",0,0,[],1,0,[],0,0,0,0,0,[],2125,0,0,[]
2,2,"[[2126,4547],[2126,10990]]",0,0,[],2,0,[],0,0,0,0,0,[],2126,0,0,[]
1,1,"[[455,2129]]",0,0,[],1,0,[],0,0,0,0,0,[],2129,0,0,[]
2,2,"[[2130,5363],[2130,6281]]",0,0,[],2,0,[],0,0,0,0,0,[],2130,0,0,[]
2,2,"[[1040,2131],[1330,2131]]",0,0,[],2,0,[],0,0,0,0,0,[],2131,0,0,[]
1,1,"[[2132,3169]]",0,0,[],1,0,[],0,0,0,0,0,[],2132,0,0,[]
1,1,"[[269,2133]]",0,0,[],1,0,[],0,0,0,0,0,[],2133,0,0,[]
1,1,"[[911,2134]]",0,0,[],1,0,[],0,0,0,0,0,[],2134,0,0,[]
2,2,"[[2114,2135],[2135,3905]]",0,0,[],2,0,[],0,0,0,0,0,[],2135,0,0,[]
1,1,"[[657,2136]]",0,0,[],1,0,[],0,0,0,0,0,[],2136,0,0,[]
2,2,"[[2137,2214],[2137,2632]]",0,0,[],2,0,[],0,0,0,0,0,[],2137,0,0,[]
2,2,"[[430,2138],[588,2138]]",0,0,[],2,0,[],0,0,0,0,0,[],2138,0,0,[]
1,1,"[[58,2139]]",0,0,[],1,0,[],0,0,0,0,0,[],2139,0,0,[]
2,2,"[[2032,2140],[2140,3237]]",0,0,[],2,0,[],0,0,0,0,0,[],2140,0,0,[]
1,1,"[[2142,4815]]",0,0,[],1,0,[],0,0,0,0,0,[],2142,0,0,[]
1,1,"[[2143,2207]]",0,0,[],1,0,[],0,0,0,0,0,[],2143,0,0,[]
2,2,"[[1033,2144],[2144,11412]]",0,0,[],2,0,[],0,0,0,0,0,[],2144,0,0,[]
2,2,"[[180,2145],[2145,3671]]",0,0,[],2,0,[],0,0,0,0,0,[],2145,0,0,[]
1,1,"[[2146,2374]]",0,0,[],1,0,[],0,0,0,0,0,[],2146,0,0,[]
2,2,"[[1235,2147],[2147,5079]]",0,0,[],2,0,[],0,0,0,0,0,[],2147,0,0,[]
2,2,"[[1467,2148],[2148,2586]]",0,0,[],2,0,[],0,0,0,0,0,[],2148,0,0,[]
2,2,"[[2149,3673],[2149,5705]]",0,0,[],2,0,[],0,0,0,0,0,[],2149,0,0,[]
1,1,"[[2150,2845]]",0,0,[],1,0,[],0,0,0,0,0,[],2150,0,0,[]
1,1,"[[1059,2151]]",0,0,[],1,0,[],0,0,0,0,0,[],2151,0,0,[]
1,1,"[[1297,2153]]",0,0,[],1,0,[],0,0,0,0,0,[],2153,0,0,[]
1,1,"[[182,2154]]",0,0,[],1,0,[],0,0,0,0,0,[],2154,0,0,[]
1,1,"[[1410,2156]]",0,0,[],1,0,[],0,0,0,0,0,[],2156,0,0,[]
2,2,"[[878,2157],[1828,2157]]",0,0,[],2,0,[],0,0,0,0,0,[],2157,0,0,[]
2,2,"[[2158,2539],[2158,3231]]",0,0,[],2,0,[],0,0,0,0,0,[],2158,0,0,[]
2,2,"[[1037,2159],[2159,3115]]",0,0,[],2,0,[],0,0,0,0,0,[],2159,0,0,[]
1,1,"[[2161,2588]]",0,0,[],1,0,[],0,0,0,0,0,[],2161,0,0,[]
1,1,"[[1998,2163]]",0,0,[],1,0,[],0,0,0,0,0,[],2163,0,0,[]
2,2,"[[2164,3477],[2164,5572]]",0,0,[],2,0,[],0,0,0,0,0,[],2164,0,0,[]
1,1,"[[2166,4589]]",0,0,[],1,0,[],0,0,0,0,0,[],2166,0,0,[]
2,2,"[[2168,2263],[2168,3858]]",0,0,[],2,0,[],0,0,0,0,0,[],2168,0,0,[]
2,2,"[[1127,2169],[1690,2169]]",0,0,[],2,0,[],0,0,0,0,0,[],2169,0,0,[]
1,1,"[[2063,2170]]",0,0,[],1,0,[],0,0,0,0,0,[],2170,0,0,[]
2,2,"[[2173,2953],[2173,4119]]",0,0,[],2,0,[],0,0,0,0,0,[],2173,0,0,[]
2,2,"[[1428,2174],[2174,2868]]",0,0,[],2,0,[],0,0,0,0,0,[],2174,0,0,[]
1,1,"[[2176,2187]]",0,0,[],1,0,[],0,0,0,0,0,[],2176,0,0,[]
2,2,"[[2177,4029],[2177,9314]]",0,0,[],2,0,[],0,0,0,0,0,[],2177,0,0,[]
1,1,"[[2178,5251]]",0,0,[],1,0,[],0,0,0,0,0,[],2178,0,0,[]
2,2,"[[485,2179],[2179,4899]]",0,0,[],2,0,[],0,0,0,0,0,[],2179,0,0,[]
1,1,"[[2180,3198]]",0,0,[],1,0,[],0,0,0,0,0,[],2180,0,0,[]
2,2,"[[129,2181],[1199,2181]]",0,0,[],2,0,[],0,0,0,0,0,[],2181,0,0,[]
2,2,"[[1106,2182],[2182,4039]]",0,0,[],2,0,[],0,0,0,0,0,[],2182,0,0,[]
2,2,"[[668,2183],[1224,2183]]",0,0,[],2,0,[],0,0,0,0,0,[],2183,0,0,[]
2,2,"[[2106,2184],[2184,3292]]",0,0,[],2,0,[],0,0,0,0,0,[],2184,0,0,[]
2,2,"[[2185,2821],[2185,3824]]",0,0,[],2,0,[],0,0,0,0,0,[],2185,0,0,[]
2,2,"[[1844,2186],[2186,6143]]",0,0,[],2,0,[],0,0,0,0,0,[],2186,0,0,[]
1,1,"[[2189,2607]]",0,0,[],1,0,[],0,0,0,0,0,[],2189,0,0,[]
2,2,"[[2190,4466],[2190,5556]]",0,0,[],2,0,[],0,0,0,0,0,[],2190,0,0,[]
1,1,"[[1029,2193]]",0,0,[],1,0,[],0,0,0,0,0,[],2193,0,0,[]
1,1,"[[135,2194]]",0,0,[],1,0,[],0,0,0,0,0,[],2194,0,0,[]
1,1,"[[1081,2195]]",0,0,[],1,0,[],0,0,0,0,0,[],2195,0,0,[]
1,1,"[[52,2196]]",0,0,[],1,0,[],0,0,0,0,0,[],2196,0,0,[]
1,1,"[[1888,2197]]",0,0,[],1,0,[],0,0,0,0,0,[],2197,0,0,[]
2,2,"[[2198,2286],[2198,2628]]",0,0,[],2,0,[],0,0,0,0,0,[],2198,0,0,[]
1,1,"[[1467,2199]]",0,0,[],1,0,[],0,0,0,0,0,[],2199,0,0,[]
2,2,"[[2201,2922],[2201,4150]]",0,0,[],2,0,[],0,0,0,0,0,[],2201,0,0,[]
1,1,"[[2202,8200]]",0,0,[],1,0,[],0,0,0,0,0,[],2202,0,0,[]
2,2,"[[2083,2203],[2203,6575]]",0,0,[],2,0,[],0,0,0,0,0,[],2203,0,0,[]
1,1,"[[1036,2204]]",0,0,[],1,0,[],0,0,0,0,0,[],2204,0,0,[]
2,2,"[[1198,2206],[2206,4457]]",0,0,[],2,0,[],0,0,0,0,0,[],2206,0,0,[]
1,1,"[[2207,3275]]",0,0,[],1,0,[],0,0,0,0,0,[],2207,0,0,[]
1,1,"[[623,2208]]",0,0,[],1,0,[],0,0,0,0,0,[],2208,0,0,[]
2,2,"[[696,2209],[1556,2209]]",0,0,[],2,0,[],0,0,0,0,0,[],2209,0,0,[]
2,2,"[[1054,2210],[2206,2210]]",0,0,[],2,0,[],0,0,0,0,0,[],2210,0,0,[]
1,1,"[[1059,2211]]",0,0,[],1,0,[],0,0,0,0,0,[],2211,0,0,[]
2,2,"[[457,2212],[702,2212]]",0,0,[],2,0,[],0,0,0,0,0,[],2212,0,0,[]
2,2,"[[2213,2246],[2213,4778]]",0,0,[],2,0,[],0,0,0,0,0,[],2213,0,0,[]
1,1,"[[2214,8132]]",0,0,[],1,0,[],0,0,0,0,0,[],2214,0,0,[]
1,1,"[[734,2215]]",0,0,[],1,0,[],0,0,0,0,0,[],2215,0,0,[]
1,1,"[[2216,2551]]",0,0,[],1,0,[],0,0,0,0,0,[],2216,0,0,[]
2,2,"[[248,2217],[2217,2264]]",0,0,[],2,0,[],0,0,0,0,0,[],2217,0,0,[]
1,1,"[[1695,2218]]",0,0,[],1,0,[],0,0,0,0,0,[],2218,0,0,[]
2,2,"[[2220,2519],[2220,10517]]",0,0,[],2,0,[],0,0,0,0,0,[],2220,0,0,[]
1,1,"[[1470,2221]]",0,0,[],1,0,[],0,0,0,0,0,[],2221,0,0,[]
2,2,"[[1832,2222],[1929,2222]]",0,0,[],2,0,[],0,0,0,0,0,[],2222,0,0,[]
1,1,"[[2225,3964]]",0,0,[],1,0,[],0,0,0,0,0,[],2225,0,0,[]
2,2,"[[973,2226],[2226,3048]]",0,0,[],2,0,[],0,0,0,0,0,[],2226,0,0,[]
2,2,"[[854,2227],[1034,2227]]",0,0,[],2,0,[],0,0,0,0,0,[],2227,0,0,[]
1,1,"[[1528,2229]]",0,0,[],1,0,[],0,0,0,0,0,[],2229,0,0,[]
1,1,"[[2230,2471]]",0,0,[],1,0,[],0,0,0,0,0,[],2230,0,0,[]
1,1,"[[2232,2802]]",0,0,[],1,0,[],0,0,0,0,0,[],2232,0,0,[]
1,1,"[[89,2233]]",0,0,[],1,0,[],0,0,0,0,0,[],2233,0,0,[]
2,2,"[[2234,4511],[2234,6281]]",0,0,[],2,0,[],0,0,0,0,0,[],2234,0,0,[]
2,2,"[[983,2236],[2236,6354]]",0,0,[],2,0,[],0,0,0,0,0,[],2236,0,0,[]
2,2,"[[1494,2237],[2237,8548]]",0,0,[],2,0,[],0,0,0,0,0,[],2237,0,0,[]
2,2,"[[2238,3137],[2238,3315]]",0,0,[],2,0,[],0,0,0,0,0,[],2238,0,0,[]
1,1,"[[2239,6063]]",0,0,[],1,0,[],0,0,0,0,0,[],2239,0,0,[]
2,2,"[[952,2240],[2240,2485]]",0,0,[],2,0,[],0,0,0,0,0,[],2240,0,0,[]
2,2,"[[1588,2241],[2241,12484]]",0,0,[],2,0,[],0,0,0,0,0,[],2241,0,0,[]
2,2,"[[1062,2242],[2242,2450]]",0,0,[],2,0,[],0,0,0,0,0,[],2242,0,0,[]
1,1,"[[2243,7051]]",0,0,[],1,0,[],0,0,0,0,0,[],2243,0,0,[]
1,1,"[[1341,2244]]",0,0,[],1,0,[],0,0,0,0,0,[],2244,0,0,[]
1,1,"[[1631,2245]]",0,0,[],1,0,[],0,0,0,0,0,[],2245,0,0,[]
1,1,"[[1067,2248]]",0,0,[],1,0,[],0,0,0,0,0,[],2248,0,0,[]
1,1,"[[2250,13055]]",0,0,[],1,0,[],0,0,0,0,0,[],2250,0,0,[]
2,2,"[[2251,4397],[2251,6501]]",0,0,[],2,0,[],0,0,0,0,0,[],2251,0,0,[]
1,1,"[[385,2252]]",0,0,[],1,0,[],0,0,0,0,0,[],2252,0,0,[]
2,2,"[[799,2253],[2253,4039]]",0,0,[],2,0,[],0,0,0,0,0,[],2253,0,0,[]
2,2,"[[2254,2622],[2254,2878]]",0,0,[],2,0,[],0,0,0,0,0,[],2254,0,0,[]
1,1,"[[744,2256]]",0,0,[],1,0,[],0,0,0,0,0,[],2256,0,0,[]
2,2,"[[1463,2257],[2257,9113]]",0,0,[],2,0,[],0,0,0,0,0,[],2257,0,0,[]
1,1,"[[1013,2258]]",0,0,[],1,0,[],0,0,0,0,0,[],2258,0,0,[]
1,1,"[[2259,2370]]",0,0,[],1,0,[],0,0,0,0,0,[],2259,0,0,[]
1,1,"[[1803,2260]]",0,0,[],1,0,[],0,0,0,0,0,[],2260,0,0,[]
1,1,"[[2261,9180]]",0,0,[],1,0,[],0,0,0,0,0,[],2261,0,0,[]
1,1,"[[2263,2530]]",0,0,[],1,0,[],0,0,0,0,0,[],2263,0,0,[]
2,2,"[[1986,2264],[2264,2434]]",0,0,[],2,0,[],0,0,0,0,0,[],2264,0,0,[]
1,1,"[[806,2265]]",0,0,[],1,0,[],0,0,0,0,0,[],2265,0,0,[]
1,1,"[[390,2266]]",0,0,[],1,0,[],0,0,0,0,0,[],2266,0,0,[]
2,2,"[[40,2267],[1085,2267]]",0,0,[],2,0,[],0,0,0,0,0,[],2267,0,0,[]
1,1,"[[1751,2268]]",0,0,[],1,0,[],0,0,0,0,0,[],2268,0,0,[]
1,1,"[[2269,5225]]",0,0,[],1,0,[],0,0,0,0,0,[],2269,0,0,[]
2,2,"[[1023,2271],[1174,2271]]",0,0,[],2,0,[],0,0,0,0,0,[],2271,0,0,[]
2,2,"[[1850,2272],[2272,4212]]",0,0,[],2,0,[],0,0,0,0,0,[],2272,0,0,[]
1,1,"[[1083,2273]]",0,0,[],1,0,[],0,0,0,0,0,[],2273,0,0,[]
2,2,"[[1786,2274],[2274,3907]]",0,0,[],2,0,[],0,0,0,0,0,[],2274,0,0,[]
2,2,"[[27,2275],[270,2275]]",0,0,[],2,0,[],0,0,0,0,0,[],2275,0,0,[]
2,2,"[[1350,2276],[2276,3099]]",0,0,[],2,0,[],0,0,0,0,0,[],2276,0,0,[]
2,2,"[[2152,2278],[2278,8044]]",0,0,[],2,0,[],0,0,0,0,0,[],2278,0,0,[]
2,2,"[[2279,2449],[2279,7213]]",0,0,[],2,0,[],0,0,0,0,0,[],2279,0,0,[]
1,1,"[[18,2280]]",0,0,[],1,0,[],0,0,0,0,0,[],2280,0,0,[]
1,1,"[[146,2281]]",0,0,[],1,0,[],0,0,0,0,0,[],2281,0,0,[]
1,1,"[[1635,2282]]",0,0,[],1,0,[],0,0,0,0,0,[],2282,0,0,[]
2,2,"[[706,2284],[2101,2284]]",0,0,[],2,0,[],0,0,0,0,0,[],2284,0,0,[]
1,1,"[[1718,2285]]",0,0,[],1,0,[],0,0,0,0,0,[],2285,0,0,[]
2,2,"[[212,2287],[548,2287]]",0,0,[],2,0,[],0,0,0,0,0,[],2287,0,0,[]
1,1,"[[1868,2288]]",0,0,[],1,0,[],0,0,0,0,0,[],2288,0,0,[]
1,1,"[[2289,11304]]",0,0,[],1,0,[],0,0,0,0,0,[],2289,0,0,[]
2,2,"[[1977,2291],[2291,2864]]",0,0,[],2,0,[],0,0,0,0,0,[],2291,0,0,[]
1,1,"[[2292,3228]]",0,0,[],1,0,[],0,0,0,0,0,[],2292,0,0,[]
1,1,"[[2293,11472]]",0,0,[],1,0,[],0,0,0,0,0,[],2293,0,0,[]
2,2,"[[1816,2294],[2294,8336]]",0,0,[],2,0,[],0,0,0,0,0,[],2294,0,0,[]
1,1,"[[2295,5655]]",0,0,[],1,0,[],0,0,0,0,0,[],2295,0,0,[]
1,1,"[[2150,2296]]",0,0,[],1,0,[],0,0,0,0,0,[],2296,0,0,[]
2,2,"[[2297,2735],[2297,3107]]",0,0,[],2,0,[],0,0,0,0,0,[],2297,0,0,[]
1,1,"[[886,2299]]",0,0,[],1,0,[],0,0,0,0,0,[],2299,0,0,[]
2,2,"[[2301,3361],[2301,3763]]",0,0,[],2,0,[],0,0,0,0,0,[],2301,0,0,[]
2,2,"[[1044,2302],[2302,3166]]",0,0,[],2,0,[],0,0,0,0,0,[],2302,0,0,[]
2,2,"[[133,2303],[1498,2303]]",0,0,[],2,0,[],0,0,0,0,0,[],2303,0,0,[]
1,1,"[[2304,4406]]",0,0,[],1,0,[],0,0,0,0,0,[],2304,0,0,[]
1,1,"[[1855,2305]]",0,0,[],1,0,[],0,0,0,0,0,[],2305,0,0,[]
1,1,"[[228,2306]]",0,0,[],1,0,[],0,0,0,0,0,[],2306,0,0,[]
1,1,"[[2307,6771]]",0,0,[],1,0,[],0,0,0,0,0,[],2307,0,0,[]
1,1,"[[2313,7911]]",0,0,[],1,0,[],0,0,0,0,0,[],2313,0,0,[]
2,2,"[[2177,2314],[2314,6185]]",0,0,[],2,0,[],0,0,0,0,0,[],2314,0,0,[]
2,2,"[[2315,3718],[2315,6954]]",0,0,[],2,0,[],0,0,0,0,0,[],2315,0,0,[]
2,2,"[[1247,2316],[2201,2316]]",0,0,[],2,0,[],0,0,0,0,0,[],2316,0,0,[]
1,1,"[[2318,3305]]",0,0,[],1,0,[],0,0,0,0,0,[],2318,0,0,[]
1,1,"[[2241,2319]]",0,0,[],1,0,[],0,0,0,0,0,[],2319,0,0,[]
1,1,"[[98,2320]]",0,0,[],1,0,[],0,0,0,0,0,[],2320,0,0,[]
2,2,"[[549,2323],[2323,3606]]",0,0,[],2,0,[],0,0,0,0,0,[],2323,0,0,[]
2,2,"[[905,2324],[1774,2324]]",0,0,[],2,0,[],0,0,0,0,0,[],2324,0,0,[]
2,2,"[[2325,5256],[2325,8713]]",0,0,[],2,0,[],0,0,0,0,0,[],2325,0,0,[]
1,1,"[[2169,2326]]",0,0,[],1,0,[],0,0,0,0,0,[],2326,0,0,[]
2,2,"[[340,2327],[2327,8068]]",0,0,[],2,0,[],0,0,0,0,0,[],2327,0,0,[]
1,1,"[[547,2328]]",0,0,[],1,0,[],0,0,0,0,0,[],2328,0,0,[]
2,2,"[[2329,4815],[2329,12998]]",0,0,[],2,0,[],0,0,0,0,0,[],2329,0,0,[]
2,2,"[[956,2330],[2330,3327]]",0,0,[],2,0,[],0,0,0,0,0,[],2330,0,0,[]
2,2,"[[997,2331],[2331,12979]]",0,0,[],2,0,[],0,0,0,0,0,[],2331,0,0,[]
1,1,"[[2332,4456]]",0,0,[],1,0,[],0,0,0,0,0,[],2332,0,0,[]
2,2,"[[253,2333],[661,2333]]",0,0,[],2,0,[],0,0,0,0,0,[],2333,0,0,[]
2,2,"[[2334,8281],[2334,10460]]",0,0,[],2,0,[],0,0,0,0,0,[],2334,0,0,[]
2,2,"[[2335,3577],[2335,5503]]",0,0,[],2,0,[],0,0,0,0,0,[],2335,0,0,[]
1,1,"[[2336,4100]]",0,0,[],1,0,[],0,0,0,0,0,[],2336,0,0,[]
1,1,"[[750,2337]]",0,0,[],1,0,[],0,0,0,0,0,[],2337,0,0,[]
2,2,"[[2339,3353],[2339,3748]]",0,0,[],2,0,[],0,0,0,0,0,[],2339,0,0,[]
2,2,"[[997,2340],[2331,2340]]",0,0,[],2,0,[],0,0,0,0,0,[],2340,0,0,[]
1,1,"[[853,2341]]",0,0,[],1,0,[],0,0,0,0,0,[],2341,0,0,[]
1,1,"[[346,2342]]",0,0,[],1,0,[],0,0,0,0,0,[],2342,0,0,[]
2,2,"[[1712,2343],[2343,5712]]",0,0,[],2,0,[],0,0,0,0,0,[],2343,0,0,[]
2,2,"[[544,2345],[1047,2345]]",0,0,[],2,0,[],0,0,0,0,0,[],2345,0,0,[]
1,1,"[[2346,3624]]",0,0,[],1,0,[],0,0,0,0,0,[],2346,0,0,[]
2,2,"[[2318,2347],[2347,4512]]",0,0,[],2,0,[],0,0,0,0,0,[],2347,0,0,[]
1,1,"[[2348,5178]]",0,0,[],1,0,[],0,0,0,0,0,[],2348,0,0,[]
2,2,"[[501,2350],[2350,2695]]",0,0,[],2,0,[],0,0,0,0,0,[],2350,0,0,[]
1,1,"[[2351,2679]]",0,0,[],1,0,[],0,0,0,0,0,[],2351,0,0,[]
1,1,"[[2352,2663]]",0,0,[],1,0,[],0,0,0,0,0,[],2352,0,0,[]
2,2,"[[2353,5214],[2353,8550]]",0,0,[],2,0,[],0,0,0,0,0,[],2353,0,0,[]
1,1,"[[1581,2355]]",0,0,[],1,0,[],0,0,0,0,0,[],2355,0,0,[]
2,2,"[[628,2356],[2356,5851]]",0,0,[],2,0,[],0,0,0,0,0,[],2356,0,0,[]
2,2,"[[1469,2357],[2357,3549]]",0,0,[],2,0,[],0,0,0,0,0,[],2357,0,0,[]
2,2,"[[1558,2358],[2358,3174]]",0,0,[],2,0,[],0,0,0,0,0,[],2358,0,0,[]
1,1,"[[1095,2360]]",0,0,[],1,0,[],0,0,0,0,0,[],2360,0,0,[]
2,2,"[[1660,2361],[2361,4303]]",0,0,[],2,0,[],0,0,0,0,0,[],2361,0,0,[]
2,2,"[[2362,4421],[2362,6891]]",0,0,[],2,0,[],0,0,0,0,0,[],2362,0,0,[]
1,1,"[[2363,2418]]",0,0,[],1,0,[],0,0,0,0,0,[],2363,0,0,[]
2,2,"[[2364,4996],[2364,7473]]",0,0,[],2,0,[],0,0,0,0,0,[],2364,0,0,[]
1,1,"[[2365,6290]]",0,0,[],1,0,[],0,0,0,0,0,[],2365,0,0,[]
1,1,"[[1998,2366]]",0,0,[],1,0,[],0,0,0,0,0,[],2366,0,0,[]
1,1,"[[2367,3568]]",0,0,[],1,0,[],0,0,0,0,0,[],2367,0,0,[]
1,1,"[[1993,2369]]",0,0,[],1,0,[],0,0,0,0,0,[],2369,0,0,[]
2,2,"[[1274,2371],[2371,5701]]",0,0,[],2,0,[],0,0,0,0,0,[],2371,0,0,[]
1,1,"[[2372,4367]]",0,0,[],1,0,[],0,0,0,0,0,[],2372,0,0,[]
2,2,"[[2373,4620],[2373,10460]]",0,0,[],2,0,[],0,0,0,0,0,[],2373,0,0,[]
1,1,"[[2374,9036]]",0,0,[],1,0,[],0,0,0,0,0,[],2374,0,0,[]
1,1,"[[207,2375]]",0,0,[],1,0,[],0,0,0,0,0,[],2375,0,0,[]
2,2,"[[2376,5911],[2376,9359]]",0,0,[],2,0,[],0,0,0,0,0,[],2376,0,0,[]
1,1,"[[2377,3525]]",0,0,[],1,0,[],0,0,0,0,0,[],2377,0,0,[]
1,1,"[[1402,2378]]",0,0,[],1,0,[],0,0,0,0,0,[],2378,0,0,[]
1,1,"[[2381,3675]]",0,0,[],1,0,[],0,0,0,0,0,[],2381,0,0,[]
2,2,"[[1759,2382],[2344,2382]]",0,0,[],2,0,[],0,0,0,0,0,[],2382,0,0,[]
1,1,"[[2383,2980]]",0,0,[],1,0,[],0,0,0,0,0,[],2383,0,0,[]
2,2,"[[403,2384],[732,2384]]",0,0,[],2,0,[],0,0,0,0,0,[],2384,0,0,[]
2,2,"[[634,2386],[2000,2386]]",0,0,[],2,0,[],0,0,0,0,0,[],2386,0,0,[]
2,2,"[[2388,5545],[2388,10200]]",0,0,[],2,0,[],0,0,0,0,0,[],2388,0,0,[]
1,1,"[[2389,3895]]",0,0,[],1,0,[],0,0,0,0,0,[],2389,0,0,[]
1,1,"[[2390,2500]]",0,0,[],1,0,[],0,0,0,0,0,[],2390,0,0,[]
2,2,"[[2392,2970],[2392,4054]]",0,0,[],2,0,[],0,0,0,0,0,[],2392,0,0,[]
2,2,"[[1658,2393],[2393,11886]]",0,0,[],2,0,[],0,0,0,0,0,[],2393,0,0,[]
1,1,"[[2395,2916]]",0,0,[],1,0,[],0,0,0,0,0,[],2395,0,0,[]
1,1,"[[524,2396]]",0,0,[],1,0,[],0,0,0,0,0,[],2396,0,0,[]
2,2,"[[1485,2398],[2398,5853]]",0,0,[],2,0,[],0,0,0,0,0,[],2398,0,0,[]
1,1,"[[20,2400]]",0,0,[],1,0,[],0,0,0,0,0,[],2400,0,0,[]
1,1,"[[2401,4417]]",0,0,[],1,0,[],0,0,0,0,0,[],2401,0,0,[]
1,1,"[[2402,4598]]",0,0,[],1,0,[],0,0,0,0,0,[],2402,0,0,[]
2,2,"[[605,2403],[2403,5735]]",0,0,[],2,0,[],0,0,0,0,0,[],2403,0,0,[]
1,1,"[[2404,4121]]",0,0,[],1,0,[],0,0,0,0,0,[],2404,0,0,[]
2,2,"[[2405,3186],[2405,4196]]",0,0,[],2,0,[],0,0,0,0,0,[],2405,0,0,[]
2,2,"[[1186,2406],[1519,2406]]",0,0,[],2,0,[],0,0,0,0,0,[],2406,0,0,[]
1,1,"[[2407,4818]]",0,0,[],1,0,[],0,0,0,0,0,[],2407,0,0,[]
2,2,"[[2408,3027],[2408,11173]]",0,0,[],2,0,[],0,0,0,0,0,[],2408,0,0,[]
1,1,"[[1725,2409]]",0,0,[],1,0,[],0,0,0,0,0,[],2409,0,0,[]
1,1,"[[2411,3040]]",0,0,[],1,0,[],0,0,0,0,0,[],2411,0,0,[]
2,2,"[[2321,2412],[2412,4873]]",0,0,[],2,0,[],0,0,0,0,0,[],2412,0,0,[]
2,2,"[[1459,2413],[2413,2438]]",0,0,[],2,0,[],0,0,0,0,0,[],2413,0,0,[]
2,2,"[[2227,2414],[2414,4847]]",0,0,[],2,0,[],0,0,0,0,0,[],2414,0,0,[]
2,2,"[[1644,2415],[2415,9935]]",0,0,[],2,0,[],0,0,0,0,0,[],2415,0,0,[]
2,2,"[[1028,2416],[2416,4319]]",0,0,[],2,0,[],0,0,0,0,0,[],2416,0,0,[]
1,1,"[[1764,2418]]",0,0,[],1,0,[],0,0,0,0,0,[],2418,0,0,[]
2,2,"[[67,2419],[2419,2713]]",0,0,[],2,0,[],0,0,0,0,0,[],2419,0,0,[]
2,2,"[[2420,2521],[2420,2707]]",0,0,[],2,0,[],0,0,0,0,0,[],2420,0,0,[]
2,2,"[[1173,2421],[1496,2421]]",0,0,[],2,0,[],0,0,0,0,0,[],2421,0,0,[]
2,2,"[[2422,3243],[2422,4728]]",0,0,[],2,0,[],0,0,0,0,0,[],2422,0,0,[]
2,2,"[[2423,2437],[2423,5642]]",0,0,[],2,0,[],0,0,0,0,0,[],2423,0,0,[]
1,1,"[[2425,8775]]",0,0,[],1,0,[],0,0,0,0,0,[],2425,0,0,[]
1,1,"[[262,2426]]",0,0,[],1,0,[],0,0,0,0,0,[],2426,0,0,[]
1,1,"[[202,2427]]",0,0,[],1,0,[],0,0,0,0,0,[],2427,0,0,[]
2,2,"[[499,2428],[2428,3128]]",0,0,[],2,0,[],0,0,0,0,0,[],2428,0,0,[]
2,2,"[[332,2429],[2429,3552]]",0,0,[],2,0,[],0,0,0,0,0,[],2429,0,0,[]
2,2,"[[504,2431],[1273,2431]]",0,0,[],2,0,[],0,0,0,0,0,[],2431,0,0,[]
1,1,"[[2432,2935]]",0,0,[],1,0,[],0,0,0,0,0,[],2432,0,0,[]
2,2,"[[568,2433],[2433,2758]]",0,0,[],2,0,[],0,0,0,0,0,[],2433,0,0,[]
1,1,"[[784,2435]]",0,0,[],1,0,[],0,0,0,0,0,[],2435,0,0,[]
1,1,"[[1429,2438]]",0,0,[],1,0,[],0,0,0,0,0,[],2438,0,0,[]
2,2,"[[1558,2439],[2439,2889]]",0,0,[],2,0,[],0,0,0,0,0,[],2439,0,0,[]
2,2,"[[2440,2899],[2440,7282]]",0,0,[],2,0,[],0,0,0,0,0,[],2440,0,0,[]
1,1,"[[1366,2441]]",0,0,[],1,0,[],0,0,0,0,0,[],2441,0,0,[]
2,2,"[[2443,2516],[2443,3611]]",0,0,[],2,0,[],0,0,0,0,0,[],2443,0,0,[]
2,2,"[[2444,2758],[2444,7308]]",0,0,[],2,0,[],0,0,0,0,0,[],2444,0,0,[]
2,2,"[[1884,2446],[2446,7023]]",0,0,[],2,0,[],0,0,0,0,0,[],2446,0,0,[]
1,1,"[[744,2447]]",0,0,[],1,0,[],0,0,0,0,0,[],2447,0,0,[]
2,2,"[[2448,2977],[2448,3890]]",0,0,[],2,0,[],0,0,0,0,0,[],2448,0,0,[]
1,1,"[[2104,2449]]",0,0,[],1,0,[],0,0,0,0,0,[],2449,0,0,[]
2,2,"[[292,2450],[1026,2450]]",0,0,[],2,0,[],0,0,0,0,0,[],2450,0,0,[]
1,1,"[[198,2451]]",0,0,[],1,0,[],0,0,0,0,0,[],2451,0,0,[]
2,2,"[[2455,2818],[2455,8107]]",0,0,[],2,0,[],0,0,0,0,0,[],2455,0,0,[]
1,1,"[[139,2456]]",0,0,[],1,0,[],0,0,0,0,0,[],2456,0,0,[]
2,2,"[[2457,3077],[2457,5449]]",0,0,[],2,0,[],0,0,0,0,0,[],2457,0,0,[]
1,1,"[[2458,7533]]",0,0,[],1,0,[],0,0,0,0,0,[],2458,0,0,[]
1,1,"[[2459,3995]]",0,0,[],1,0,[],0,0,0,0,0,[],2459,0,0,[]
2,2,"[[1795,2461],[2238,2461]]",0,0,[],2,0,[],0,0,0,0,0,[],2461,0,0,[]
1,1,"[[2462,6084]]",0,0,[],1,0,[],0,0,0,0,0,[],2462,0,0,[]
2,2,"[[1969,2463],[2463,3870]]",0,0,[],2,0,[],0,0,0,0,0,[],2463,0,0,[]
2,2,"[[2136,2464],[2464,2615]]",0,0,[],2,0,[],0,0,0,0,0,[],2464,0,0,[]
1,1,"[[955,2465]]",0,0,[],1,0,[],0,0,0,0,0,[],2465,0,0,[]
2,2,"[[2466,4741],[2466,11563]]",0,0,[],2,0,[],0,0,0,0,0,[],2466,0,0,[]
1,1,"[[2467,3855]]",0,0,[],1,0,[],0,0,0,0,0,[],2467,0,0,[]
1,1,"[[2468,4965]]",0,0,[],1,0,[],0,0,0,0,0,[],2468,0,0,[]
1,1,"[[446,2469]]",0,0,[],1,0,[],0,0,0,0,0,[],2469,0,0,[]
1,1,"[[1737,2473]]",0,0,[],1,0,[],0,0,0,0,0,[],2473,0,0,[]
1,1,"[[2474,4010]]",0,0,[],1,0,[],0,0,0,0,0,[],2474,0,0,[]
2,2,"[[1520,2475],[2475,3231]]",0,0,[],2,0,[],0,0,0,0,0,[],2475,0,0,[]
1,1,"[[2477,5293]]",0,0,[],1,0,[],0,0,0,0,0,[],2477,0,0,[]
2,2,"[[628,2478],[2356,2478]]",0,0,[],2,0,[],0,0,0,0,0,[],2478,0,0,[]
1,1,"[[2479,4993]]",0,0,[],1,0,[],0,0,0,0,0,[],2479,0,0,[]
1,1,"[[2480,2769]]",0,0,[],1,0,[],0,0,0,0,0,[],2480,0,0,[]
2,2,"[[633,2481],[764,2481]]",0,0,[],2,0,[],0,0,0,0,0,[],2481,0,0,[]
2,2,"[[1270,2482],[2473,2482]]",0,0,[],2,0,[],0,0,0,0,0,[],2482,0,0,[]
2,2,"[[2142,2483],[2483,2680]]",0,0,[],2,0,[],0,0,0,0,0,[],2483,0,0,[]
1,1,"[[2387,2484]]",0,0,[],1,0,[],0,0,0,0,0,[],2484,0,0,[]
1,1,"[[2486,4875]]",0,0,[],1,0,[],0,0,0,0,0,[],2486,0,0,[]
1,1,"[[2487,5421]]",0,0,[],1,0,[],0,0,0,0,0,[],2487,0,0,[]
2,2,"[[2488,7444],[2488,7924]]",0,0,[],2,0,[],0,0,0,0,0,[],2488,0,0,[]
1,1,"[[2035,2490]]",0,0,[],1,0,[],0,0,0,0,0,[],2490,0,0,[]
1,1,"[[652,2491]]",0,0,[],1,0,[],0,0,0,0,0,[],2491,0,0,[]
2,2,"[[2492,8599],[2492,12247]]",0,0,[],2,0,[],0,0,0,0,0,[],2492,0,0,[]
1,1,"[[2317,2493]]",0,0,[],1,0,[],0,0,0,0,0,[],2493,0,0,[]
2,2,"[[1306,2494],[1787,2494]]",0,0,[],2,0,[],0,0,0,0,0,[],2494,0,0,[]
2,2,"[[925,2495],[1891,2495]]",0,0,[],2,0,[],0,0,0,0,0,[],2495,0,0,[]
1,1,"[[1050,2497]]",0,0,[],1,0,[],0,0,0,0,0,[],2497,0,0,[]
2,2,"[[2498,2720],[2498,3881]]",0,0,[],2,0,[],0,0,0,0,0,[],2498,0,0,[]
1,1,"[[2126,2499]]",0,0,[],1,0,[],0,0,0,0,0,[],2499,0,0,[]
2,2,"[[1150,2502],[1323,2502]]",0,0,[],2,0,[],0,0,0,0,0,[],2502,0,0,[]
2,2,"[[366,2503],[2503,3187]]",0,0,[],2,0,[],0,0,0,0,0,[],2503,0,0,[]
1,1,"[[266,2504]]",0,0,[],1,0,[],0,0,0,0,0,[],2504,0,0,[]
2,2,"[[228,2505],[746,2505]]",0,0,[],2,0,[],0,0,0,0,0,[],2505,0,0,[]
2,2,"[[2508,2625],[2508,3320]]",0,0,[],2,0,[],0,0,0,0,0,[],2508,0,0,[]
2,2,"[[1448,2509],[1695,2509]]",0,0,[],2,0,[],0,0,0,0,0,[],2509,0,0,[]
2,2,"[[1760,2511],[2511,4283]]",0,0,[],2,0,[],0,0,0,0,0,[],2511,0,0,[]
1,1,"[[440,2512]]",0,0,[],1,0,[],0,0,0,0,0,[],2512,0,0,[]
1,1,"[[1355,2513]]",0,0,[],1,0,[],0,0,0,0,0,[],2513,0,0,[]
2,2,"[[1756,2514],[2514,9448]]",0,0,[],2,0,[],0,0,0,0,0,[],2514,0,0,[]
2,2,"[[529,2515],[817,2515]]",0,0,[],2,0,[],0,0,0,0,0,[],2515,0,0,[]
2,2,"[[2516,2543],[2516,2843]]",0,0,[],2,0,[],0,0,0,0,0,[],2516,0,0,[]
1,1,"[[2517,7768]]",0,0,[],1,0,[],0,0,0,0,0,[],2517,0,0,[]
1,1,"[[2518,5230]]",0,0,[],1,0,[],0,0,0,0,0,[],2518,0,0,[]
2,2,"[[2516,2519],[2519,5741]]",0,0,[],2,0,[],0,0,0,0,0,[],2519,0,0,[]
2,2,"[[2520,3511],[2520,4416]]",0,0,[],2,0,[],0,0,0,0,0,[],2520,0,0,[]
1,1,"[[1648,2521]]",0,0,[],1,0,[],0,0,0,0,0,[],2521,0,0,[]
1,1,"[[2522,6427]]",0,0,[],1,0,[],0,0,0,0,0,[],2522,0,0,[]
1,1,"[[2523,2740]]",0,0,[],1,0,[],0,0,0,0,0,[],2523,0,0,[]
1,1,"[[2524,8368]]",0,0,[],1,0,[],0,0,0,0,0,[],2524,0,0,[]
2,2,"[[6,2526],[1182,2526]]",0,0,[],2,0,[],0,0,0,0,0,[],2526,0,0,[]
2,2,"[[2527,2695],[2527,8249]]",0,0,[],2,0,[],0,0,0,0,0,[],2527,0,0,[]
2,2,"[[648,2528],[2526,2528]]",0,0,[],2,0,[],0,0,0,0,0,[],2528,0,0,[]
2,2,"[[601,2529],[2450,2529]]",0,0,[],2,0,[],0,0,0,0,0,[],2529,0,0,[]
2,2,"[[2530,5384],[2530,7752]]",0,0,[],2,0,[],0,0,0,0,0,[],2530,0,0,[]
2,2,"[[1055,2531],[2531,4775]]",0,0,[],2,0,[],0,0,0,0,0,[],2531,0,0,[]
2,2,"[[2532,6240],[2532,8089]]",0,0,[],2,0,[],0,0,0,0,0,[],2532,0,0,[]
2,2,"[[1287,2533],[1718,2533]]",0,0,[],2,0,[],0,0,0,0,0,[],2533,0,0,[]
1,1,"[[1246,2534]]",0,0,[],1,0,[],0,0,0,0,0,[],2534,0,0,[]
2,2,"[[111,2535],[391,2535]]",0,0,[],2,0,[],0,0,0,0,0,[],2535,0,0,[]
2,2,"[[1156,2536],[2187,2536]]",0,0,[],2,0,[],0,0,0,0,0,[],2536,0,0,[]
2,2,"[[2008,2537],[2025,2537]]",0,0,[],2,0,[],0,0,0,0,0,[],2537,0,0,[]
2,2,"[[2538,4227],[2538,6375]]",0,0,[],2,0,[],0,0,0,0,0,[],2538,0,0,[]
1,1,"[[2541,4491]]",0,0,[],1,0,[],0,0,0,0,0,[],2541,0,0,[]
2,2,"[[745,2542],[2542,12128]]",0,0,[],2,0,[],0,0,0,0,0,[],2542,0,0,[]
1,1,"[[2543,10865]]",0,0,[],1,0,[],0,0,0,0,0,[],2543,0,0,[]
1,1,"[[2544,2753]]",0,0,[],1,0,[],0,0,0,0,0,[],2544,0,0,[]
1,1,"[[2263,2545]]",0,0,[],1,0,[],0,0,0,0,0,[],2545,0,0,[]
2,2,"[[1323,2546],[2240,2546]]",0,0,[],2,0,[],0,0,0,0,0,[],2546,0,0,[]
2,2,"[[2548,5146],[2548,7560]]",0,0,[],2,0,[],0,0,0,0,0,[],2548,0,0,[]
2,2,"[[2549,2860],[2549,10173]]",0,0,[],2,0,[],0,0,0,0,0,[],2549,0,0,[]
2,2,"[[2550,3249],[2550,3411]]",0,0,[],2,0,[],0,0,0,0,0,[],2550,0,0,[]
1,1,"[[431,2551]]",0,0,[],1,0,[],0,0,0,0,0,[],2551,0,0,[]
2,2,"[[828,2552],[2256,2552]]",0,0,[],2,0,[],0,0,0,0,0,[],2552,0,0,[]
1,1,"[[2553,4448]]",0,0,[],1,0,[],0,0,0,0,0,[],2553,0,0,[]
1,1,"[[2554,3490]]",0,0,[],1,0,[],0,0,0,0,0,[],2554,0,0,[]
2,2,"[[1622,2555],[2555,4375]]",0,0,[],2,0,[],0,0,0,0,0,[],2555,0,0,[]
2,2,"[[110,2556],[1391,2556]]",0,0,[],2,0,[],0,0,0,0,0,[],2556,0,0,[]
2,2,"[[76,2557],[2557,5870]]",0,0,[],2,0,[],0,0,0,0,0,[],2557,0,0,[]
1,1,"[[1399,2559]]",0,0,[],1,0,[],0,0,0,0,0,[],2559,0,0,[]
2,2,"[[2560,2840],[2560,7690]]",0,0,[],2,0,[],0,0,0,0,0,[],2560,0,0,[]
2,2,"[[2561,2563],[2561,4090]]",0,0,[],2,0,[],0,0,0,0,0,[],2561,0,0,[]
2,2,"[[159,2562],[846,2562]]",0,0,[],2,0,[],0,0,0,0,0,[],2562,0,0,[]
1,1,"[[1671,2564]]",0,0,[],1,0,[],0,0,0,0,0,[],2564,0,0,[]
2,2,"[[2565,6275],[2565,7675]]",0,0,[],2,0,[],0,0,0,0,0,[],2565,0,0,[]
1,1,"[[2566,3238]]",0,0,[],1,0,[],0,0,0,0,0,[],2566,0,0,[]
1,1,"[[25,2567]]",0,0,[],1,0,[],0,0,0,0,0,[],2567,0,0,[]
1,1,"[[2570,8007]]",0,0,[],1,0,[],0,0,0,0,0,[],2570,0,0,[]
1,1,"[[147,2571]]",0,0,[],1,0,[],0,0,0,0,0,[],2571,0,0,[]
1,1,"[[2572,2881]]",0,0,[],1,0,[],0,0,0,0,0,[],2572,0,0,[]
1,1,"[[2573,3392]]",0,0,[],1,0,[],0,0,0,0,0,[],2573,0,0,[]
1,1,"[[453,2574]]",0,0,[],1,0,[],0,0,0,0,0,[],2574,0,0,[]
1,1,"[[1674,2576]]",0,0,[],1,0,[],0,0,0,0,0,[],2576,0,0,[]
2,2,"[[781,2577],[2577,2697]]",0,0,[],2,0,[],0,0,0,0,0,[],2577,0,0,[]
1,1,"[[2578,8780]]",0,0,[],1,0,[],0,0,0,0,0,[],2578,0,0,[]
2,2,"[[1327,2579],[2579,3406]]",0,0,[],2,0,[],0,0,0,0,0,[],2579,0,0,[]
1,1,"[[7,2580]]",0,0,[],1,0,[],0,0,0,0,0,[],2580,0,0,[]
2,2,"[[1590,2581],[2581,4375]]",0,0,[],2,0,[],0,0,0,0,0,[],2581,0,0,[]
2,2,"[[1833,2582],[1901,2582]]",0,0,[],2,0,[],0,0,0,0,0,[],2582,0,0,[]
1,1,"[[2583,2976]]",0,0,[],1,0,[],0,0,0,0,0,[],2583,0,0,[]
2,2,"[[1474,2584],[1683,2584]]",0,0,[],2,0,[],0,0,0,0,0,[],2584,0,0,[]
1,1,"[[1951,2586]]",0,0,[],1,0,[],0,0,0,0,0,[],2586,0,0,[]
2,2,"[[1695,2587],[2587,4088]]",0,0,[],2,0,[],0,0,0,0,0,[],2587,0,0,[]
2,2,"[[177,2588],[285,2588]]",0,0,[],2,0,[],0,0,0,0,0,[],2588,0,0,[]
1,1,"[[2589,3054]]",0,0,[],1,0,[],0,0,0,0,0,[],2589,0,0,[]
2,2,"[[1181,2590],[1954,2590]]",0,0,[],2,0,[],0,0,0,0,0,[],2590,0,0,[]
1,1,"[[1519,2591]]",0,0,[],1,0,[],0,0,0,0,0,[],2591,0,0,[]
1,1,"[[2593,4990]]",0,0,[],1,0,[],0,0,0,0,0,[],2593,0,0,[]
2,2,"[[2594,7579],[2594,10360]]",0,0,[],2,0,[],0,0,0,0,0,[],2594,0,0,[]
2,2,"[[186,2595],[2002,2595]]",0,0,[],2,0,[],0,0,0,0,0,[],2595,0,0,[]
1,1,"[[935,2598]]",0,0,[],1,0,[],0,0,0,0,0,[],2598,0,0,[]
2,2,"[[1154,2599],[2599,8123]]",0,0,[],2,0,[],0,0,0,0,0,[],2599,0,0,[]
1,1,"[[2600,4261]]",0,0,[],1,0,[],0,0,0,0,0,[],2600,0,0,[]
2,2,"[[2601,4590],[2601,7863]]",0,0,[],2,0,[],0,0,0,0,0,[],2601,0,0,[]
2,2,"[[17,2602],[2602,3267]]",0,0,[],2,0,[],0,0,0,0,0,[],2602,0,0,[]
1,1,"[[1202,2605]]",0,0,[],1,0,[],0,0,0,0,0,[],2605,0,0,[]
1,1,"[[2606,4531]]",0,0,[],1,0,[],0,0,0,0,0,[],2606,0,0,[]
2,2,"[[2607,3363],[2607,3545]]",0,0,[],2,0,[],0,0,0,0,0,[],2607,0,0,[]
1,1,"[[2561,2608]]",0,0,[],1,0,[],0,0,0,0,0,[],2608,0,0,[]
2,2,"[[2609,3004],[2609,3326]]",0,0,[],2,0,[],0,0,0,0,0,[],2609,0,0,[]
2,2,"[[1128,2612],[2612,2707]]",0,0,[],2,0,[],0,0,0,0,0,[],2612,0,0,[]
1,1,"[[612,2614]]",0,0,[],1,0,[],0,0,0,0,0,[],2614,0,0,[]
2,2,"[[2406,2615],[2615,7441]]",0,0,[],2,0,[],0,0,0,0,0,[],2615,0,0,[]
1,1,"[[2060,2616]]",0,0,[],1,0,[],0,0,0,0,0,[],2616,0,0,[]
1,1,"[[2617,5849]]",0,0,[],1,0,[],0,0,0,0,0,[],2617,0,0,[]
2,2,"[[2619,4417],[2619,5838]]",0,0,[],2,0,[],0,0,0,0,0,[],2619,0,0,[]
1,1,"[[2620,3279]]",0,0,[],1,0,[],0,0,0,0,0,[],2620,0,0,[]
1,1,"[[2215,2621]]",0,0,[],1,0,[],0,0,0,0,0,[],2621,0,0,[]
1,1,"[[796,2622]]",0,0,[],1,0,[],0,0,0,0,0,[],2622,0,0,[]
2,2,"[[612,2623],[2623,3350]]",0,0,[],2,0,[],0,0,0,0,0,[],2623,0,0,[]
1,1,"[[2624,3970]]",0,0,[],1,0,[],0,0,0,0,0,[],2624,0,0,[]
1,1,"[[2625,2720]]",0,0,[],1,0,[],0,0,0,0,0,[],2625,0,0,[]
1,1,"[[1711,2626]]",0,0,[],1,0,[],0,0,0,0,0,[],2626,0,0,[]
2,2,"[[974,2627],[2627,2947]]",0,0,[],2,0,[],0,0,0,0,0,[],2627,0,0,[]
2,2,"[[2629,3430],[2629,4551]]",0,0,[],2,0,[],0,0,0,0,0,[],2629,0,0,[]
2,2,"[[2630,10145],[2630,11599]]",0,0,[],2,0,[],0,0,0,0,0,[],2630,0,0,[]
1,1,"[[227,2631]]",0,0,[],1,0,[],0,0,0,0,0,[],2631,0,0,[]
1,1,"[[272,2632]]",0,0,[],1,0,[],0,0,0,0,0,[],2632,0,0,[]
1,1,"[[680,2633]]",0,0,[],1,0,[],0,0,0,0,0,[],2633,0,0,[]
1,1,"[[1142,2634]]",0,0,[],1,0,[],0,0,0,0,0,[],2634,0,0,[]
1,1,"[[2636,9972]]",0,0,[],1,0,[],0,0,0,0,0,[],2636,0,0,[]
2,2,"[[2640,9399],[2640,12858]]",0,0,[],2,0,[],0,0,0,0,0,[],2640,0,0,[]
2,2,"[[2641,2888],[2641,2976]]",0,0,[],2,0,[],0,0,0,0,0,[],2641,0,0,[]
1,1,"[[2618,2643]]",0,0,[],1,0,[],0,0,0,0,0,[],2643,0,0,[]
2,2,"[[2093,2644],[2175,2644]]",0,0,[],2,0,[],0,0,0,0,0,[],2644,0,0,[]
2,2,"[[1000,2646],[2646,6079]]",0,0,[],2,0,[],0,0,0,0,0,[],2646,0,0,[]
2,2,"[[2647,3605],[2647,5112]]",0,0,[],2,0,[],0,0,0,0,0,[],2647,0,0,[]
2,2,"[[2102,2648],[2132,2648]]",0,0,[],2,0,[],0,0,0,0,0,[],2648,0,0,[]
1,1,"[[2649,3848]]",0,0,[],1,0,[],0,0,0,0,0,[],2649,0,0,[]
1,1,"[[2500,2653]]",0,0,[],1,0,[],0,0,0,0,0,[],2653,0,0,[]
1,1,"[[2655,4214]]",0,0,[],1,0,[],0,0,0,0,0,[],2655,0,0,[]
1,1,"[[2658,2810]]",0,0,[],1,0,[],0,0,0,0,0,[],2658,0,0,[]
1,1,"[[1260,2660]]",0,0,[],1,0,[],0,0,0,0,0,[],2660,0,0,[]
2,2,"[[2661,3798],[2661,8854]]",0,0,[],2,0,[],0,0,0,0,0,[],2661,0,0,[]
2,2,"[[2662,7007],[2662,10852]]",0,0,[],2,0,[],0,0,0,0,0,[],2662,0,0,[]
1,1,"[[2402,2665]]",0,0,[],1,0,[],0,0,0,0,0,[],2665,0,0,[]
2,2,"[[2666,7168],[2666,10773]]",0,0,[],2,0,[],0,0,0,0,0,[],2666,0,0,[]
1,1,"[[2667,2726]]",0,0,[],1,0,[],0,0,0,0,0,[],2667,0,0,[]
2,2,"[[2510,2668],[2668,2762]]",0,0,[],2,0,[],0,0,0,0,0,[],2668,0,0,[]
1,1,"[[2669,5232]]",0,0,[],1,0,[],0,0,0,0,0,[],2669,0,0,[]
2,2,"[[2670,4011],[2670,10426]]",0,0,[],2,0,[],0,0,0,0,0,[],2670,0,0,[]
1,1,"[[301,2671]]",0,0,[],1,0,[],0,0,0,0,0,[],2671,0,0,[]
2,2,"[[2528,2672],[2672,3966]]",0,0,[],2,0,[],0,0,0,0,0,[],2672,0,0,[]
2,2,"[[2673,6330],[2673,10691]]",0,0,[],2,0,[],0,0,0,0,0,[],2673,0,0,[]
2,2,"[[1334,2674],[2674,6540]]",0,0,[],2,0,[],0,0,0,0,0,[],2674,0,0,[]
1,1,"[[2675,7674]]",0,0,[],1,0,[],0,0,0,0,0,[],2675,0,0,[]
1,1,"[[2676,4110]]",0,0,[],1,0,[],0,0,0,0,0,[],2676,0,0,[]
2,2,"[[1386,2677],[1613,2677]]",0,0,[],2,0,[],0,0,0,0,0,[],2677,0,0,[]
1,1,"[[266,2678]]",0,0,[],1,0,[],0,0,0,0,0,[],2678,0,0,[]
1,1,"[[2193,2679]]",0,0,[],1,0,[],0,0,0,0,0,[],2679,0,0,[]
2,2,"[[570,2682],[755,2682]]",0,0,[],2,0,[],0,0,0,0,0,[],2682,0,0,[]
2,2,"[[2052,2683],[2683,5886]]",0,0,[],2,0,[],0,0,0,0,0,[],2683,0,0,[]
1,1,"[[1709,2685]]",0,0,[],1,0,[],0,0,0,0,0,[],2685,0,0,[]
2,2,"[[2686,4816],[2686,5673]]",0,0,[],2,0,[],0,0,0,0,0,[],2686,0,0,[]
1,1,"[[2687,5524]]",0,0,[],1,0,[],0,0,0,0,0,[],2687,0,0,[]
1,1,"[[2688,4017]]",0,0,[],1,0,[],0,0,0,0,0,[],2688,0,0,[]
2,2,"[[2633,2689],[2689,4691]]",0,0,[],2,0,[],0,0,0,0,0,[],2689,0,0,[]
2,2,"[[1466,2691],[2691,6765]]",0,0,[],2,0,[],0,0,0,0,0,[],2691,0,0,[]
1,1,"[[2399,2692]]",0,0,[],1,0,[],0,0,0,0,0,[],2692,0,0,[]
2,2,"[[2693,2757],[2693,3062]]",0,0,[],2,0,[],0,0,0,0,0,[],2693,0,0,[]
2,2,"[[1088,2694],[2694,2988]]",0,0,[],2,0,[],0,0,0,0,0,[],2694,0,0,[]
1,1,"[[2695,2821]]",0,0,[],1,0,[],0,0,0,0,0,[],2695,0,0,[]
2,2,"[[2696,7946],[2696,8093]]",0,0,[],2,0,[],0,0,0,0,0,[],2696,0,0,[]
1,1,"[[849,2697]]",0,0,[],1,0,[],0,0,0,0,0,[],2697,0,0,[]
2,2,"[[1114,2698],[2698,2900]]",0,0,[],2,0,[],0,0,0,0,0,[],2698,0,0,[]
2,2,"[[1482,2700],[2700,10162]]",0,0,[],2,0,[],0,0,0,0,0,[],2700,0,0,[]
1,1,"[[2701,7151]]",0,0,[],1,0,[],0,0,0,0,0,[],2701,0,0,[]
2,2,"[[1341,2702],[2702,3675]]",0,0,[],2,0,[],0,0,0,0,0,[],2702,0,0,[]
2,2,"[[2703,4508],[2703,8532]]",0,0,[],2,0,[],0,0,0,0,0,[],2703,0,0,[]
2,2,"[[821,2704],[2404,2704]]",0,0,[],2,0,[],0,0,0,0,0,[],2704,0,0,[]
1,1,"[[2705,3650]]",0,0,[],1,0,[],0,0,0,0,0,[],2705,0,0,[]
2,2,"[[1017,2706],[2706,6769]]",0,0,[],2,0,[],0,0,0,0,0,[],2706,0,0,[]
2,2,"[[2707,3149],[2707,5450]]",0,0,[],2,0,[],0,0,0,0,0,[],2707,0,0,[]
2,2,"[[2245,2709],[2709,10644]]",0,0,[],2,0,[],0,0,0,0,0,[],2709,0,0,[]
1,1,"[[2430,2710]]",0,0,[],1,0,[],0,0,0,0,0,[],2710,0,0,[]
1,1,"[[1316,2711]]",0,0,[],1,0,[],0,0,0,0,0,[],2711,0,0,[]
1,1,"[[2712,3201]]",0,0,[],1,0,[],0,0,0,0,0,[],2712,0,0,[]
1,1,"[[1261,2713]]",0,0,[],1,0,[],0,0,0,0,0,[],2713,0,0,[]
2,2,"[[738,2714],[2714,9319]]",0,0,[],2,0,[],0,0,0,0,0,[],2714,0,0,[]
1,1,"[[2715,3227]]",0,0,[],1,0,[],0,0,0,0,0,[],2715,0,0,[]
1,1,"[[2716,5064]]",0,0,[],1,0,[],0,0,0,0,0,[],2716,0,0,[]
1,1,"[[2717,8892]]",0,0,[],1,0,[],0,0,0,0,0,[],2717,0,0,[]
2,2,"[[2718,2772],[2718,3870]]",0,0,[],2,0,[],0,0,0,0,0,[],2718,0,0,[]
1,1,"[[2719,5340]]",0,0,[],1,0,[],0,0,0,0,0,[],2719,0,0,[]
2,2,"[[31,2722],[2456,2722]]",0,0,[],2,0,[],0,0,0,0,0,[],2722,0,0,[]
2,2,"[[2723,3401],[2723,3521]]",0,0,[],2,0,[],0,0,0,0,0,[],2723,0,0,[]
1,1,"[[2724,4645]]",0,0,[],1,0,[],0,0,0,0,0,[],2724,0,0,[]
2,2,"[[2725,3598],[2725,4420]]",0,0,[],2,0,[],0,0,0,0,0,[],2725,0,0,[]
1,1,"[[1316,2726]]",0,0,[],1,0,[],0,0,0,0,0,[],2726,0,0,[]
1,1,"[[884,2728]]",0,0,[],1,0,[],0,0,0,0,0,[],2728,0,0,[]
2,2,"[[2729,2869],[2729,5000]]",0,0,[],2,0,[],0,0,0,0,0,[],2729,0,0,[]
2,2,"[[271,2730],[1071,2730]]",0,0,[],2,0,[],0,0,0,0,0,[],2730,0,0,[]
1,1,"[[2184,2732]]",0,0,[],1,0,[],0,0,0,0,0,[],2732,0,0,[]
2,2,"[[2734,3272],[2734,3376]]",0,0,[],2,0,[],0,0,0,0,0,[],2734,0,0,[]
2,2,"[[2006,2735],[2735,4236]]",0,0,[],2,0,[],0,0,0,0,0,[],2735,0,0,[]
2,2,"[[2224,2736],[2736,3377]]",0,0,[],2,0,[],0,0,0,0,0,[],2736,0,0,[]
2,2,"[[2737,4903],[2737,8994]]",0,0,[],2,0,[],0,0,0,0,0,[],2737,0,0,[]
2,2,"[[2289,2738],[2738,9020]]",0,0,[],2,0,[],0,0,0,0,0,[],2738,0,0,[]
1,1,"[[2739,5060]]",0,0,[],1,0,[],0,0,0,0,0,[],2739,0,0,[]
1,1,"[[2222,2740]]",0,0,[],1,0,[],0,0,0,0,0,[],2740,0,0,[]
1,1,"[[2741,7079]]",0,0,[],1,0,[],0,0,0,0,0,[],2741,0,0,[]
1,1,"[[1088,2742]]",0,0,[],1,0,[],0,0,0,0,0,[],2742,0,0,[]
2,2,"[[2743,3195],[2743,4946]]",0,0,[],2,0,[],0,0,0,0,0,[],2743,0,0,[]
1,1,"[[2745,9178]]",0,0,[],1,0,[],0,0,0,0,0,[],2745,0,0,[]
1,1,"[[2431,2746]]",0,0,[],1,0,[],0,0,0,0,0,[],2746,0,0,[]
1,1,"[[2747,3253]]",0,0,[],1,0,[],0,0,0,0,0,[],2747,0,0,[]
1,1,"[[7,2748]]",0,0,[],1,0,[],0,0,0,0,0,[],2748,0,0,[]
1,1,"[[2749,5862]]",0,0,[],1,0,[],0,0,0,0,0,[],2749,0,0,[]
1,1,"[[908,2750]]",0,0,[],1,0,[],0,0,0,0,0,[],2750,0,0,[]
2,2,"[[2751,5319],[2751,7870]]",0,0,[],2,0,[],0,0,0,0,0,[],2751,0,0,[]
2,2,"[[382,2752],[2752,6287]]",0,0,[],2,0,[],0,0,0,0,0,[],2752,0,0,[]
2,2,"[[870,2753],[1367,2753]]",0,0,[],2,0,[],0,0,0,0,0,[],2753,0,0,[]
1,1,"[[1812,2755]]",0,0,[],1,0,[],0,0,0,0,0,[],2755,0,0,[]
2,2,"[[2756,4019],[2756,6901]]",0,0,[],2,0,[],0,0,0,0,0,[],2756,0,0,[]
2,2,"[[1674,2757],[2757,2933]]",0,0,[],2,0,[],0,0,0,0,0,[],2757,0,0,[]
2,2,"[[50,2759],[2759,5289]]",0,0,[],2,0,[],0,0,0,0,0,[],2759,0,0,[]
1,1,"[[2760,8169]]",0,0,[],1,0,[],0,0,0,0,0,[],2760,0,0,[]
2,2,"[[810,2761],[2761,4701]]",0,0,[],2,0,[],0,0,0,0,0,[],2761,0,0,[]
1,1,"[[26,2762]]",0,0,[],1,0,[],0,0,0,0,0,[],2762,0,0,[]
1,1,"[[1583,2763]]",0,0,[],1,0,[],0,0,0,0,0,[],2763,0,0,[]
2,2,"[[2300,2765],[2765,3205]]",0,0,[],2,0,[],0,0,0,0,0,[],2765,0,0,[]
2,2,"[[2044,2766],[2766,5992]]",0,0,[],2,0,[],0,0,0,0,0,[],2766,0,0,[]
1,1,"[[2767,3872]]",0,0,[],1,0,[],0,0,0,0,0,[],2767,0,0,[]
1,1,"[[2769,5786]]",0,0,[],1,0,[],0,0,0,0,0,[],2769,0,0,[]
1,1,"[[2770,2898]]",0,0,[],1,0,[],0,0,0,0,0,[],2770,0,0,[]
1,1,"[[581,2771]]",0,0,[],1,0,[],0,0,0,0,0,[],2771,0,0,[]
2,2,"[[1180,2773],[2141,2773]]",0,0,[],2,0,[],0,0,0,0,0,[],2773,0,0,[]
2,2,"[[2775,2961],[2775,4368]]",0,0,[],2,0,[],0,0,0,0,0,[],2775,0,0,[]
2,2,"[[1326,2776],[2776,7514]]",0,0,[],2,0,[],0,0,0,0,0,[],2776,0,0,[]
1,1,"[[2777,8814]]",0,0,[],1,0,[],0,0,0,0,0,[],2777,0,0,[]
1,1,"[[114,2779]]",0,0,[],1,0,[],0,0,0,0,0,[],2779,0,0,[]
1,1,"[[1052,2780]]",0,0,[],1,0,[],0,0,0,0,0,[],2780,0,0,[]
1,1,"[[2781,3314]]",0,0,[],1,0,[],0,0,0,0,0,[],2781,0,0,[]
1,1,"[[35,2783]]",0,0,[],1,0,[],0,0,0,0,0,[],2783,0,0,[]
1,1,"[[2785,6662]]",0,0,[],1,0,[],0,0,0,0,0,[],2785,0,0,[]
1,1,"[[2786,4643]]",0,0,[],1,0,[],0,0,0,0,0,[],2786,0,0,[]
2,2,"[[1157,2788],[1815,2788]]",0,0,[],2,0,[],0,0,0,0,0,[],2788,0,0,[]
2,2,"[[458,2790],[1024,2790]]",0,0,[],2,0,[],0,0,0,0,0,[],2790,0,0,[]
2,2,"[[2791,4581],[2791,7172]]",0,0,[],2,0,[],0,0,0,0,0,[],2791,0,0,[]
2,2,"[[855,2792],[2792,2796]]",0,0,[],2,0,[],0,0,0,0,0,[],2792,0,0,[]
1,1,"[[2793,8348]]",0,0,[],1,0,[],0,0,0,0,0,[],2793,0,0,[]
1,1,"[[2561,2795]]",0,0,[],1,0,[],0,0,0,0,0,[],2795,0,0,[]
2,2,"[[2797,3256],[2797,5745]]",0,0,[],2,0,[],0,0,0,0,0,[],2797,0,0,[]
1,1,"[[2798,11043]]",0,0,[],1,0,[],0,0,0,0,0,[],2798,0,0,[]
1,1,"[[2801,3533]]",0,0,[],1,0,[],0,0,0,0,0,[],2801,0,0,[]
1,1,"[[546,2803]]",0,0,[],1,0,[],0,0,0,0,0,[],2803,0,0,[]
2,2,"[[1497,2804],[2106,2804]]",0,0,[],2,0,[],0,0,0,0,0,[],2804,0,0,[]
2,2,"[[2805,4386],[2805,7413]]",0,0,[],2,0,[],0,0,0,0,0,[],2805,0,0,[]
1,1,"[[2806,11413]]",0,0,[],1,0,[],0,0,0,0,0,[],2806,0,0,[]
2,2,"[[1301,2807],[2807,4633]]",0,0,[],2,0,[],0,0,0,0,0,[],2807,0,0,[]
2,2,"[[1652,2808],[2808,6238]]",0,0,[],2,0,[],0,0,0,0,0,[],2808,0,0,[]
2,2,"[[2014,2809],[2809,3249]]",0,0,[],2,0,[],0,0,0,0,0,[],2809,0,0,[]
1,1,"[[2810,7312]]",0,0,[],1,0,[],0,0,0,0,0,[],2810,0,0,[]
2,2,"[[2811,3582],[2811,3705]]",0,0,[],2,0,[],0,0,0,0,0,[],2811,0,0,[]
1,1,"[[2815,7379]]",0,0,[],1,0,[],0,0,0,0,0,[],2815,0,0,[]
1,1,"[[2816,5932]]",0,0,[],1,0,[],0,0,0,0,0,[],2816,0,0,[]
2,2,"[[1157,2817],[2817,4635]]",0,0,[],2,0,[],0,0,0,0,0,[],2817,0,0,[]
2,2,"[[2818,3733],[2818,9930]]",0,0,[],2,0,[],0,0,0,0,0,[],2818,0,0,[]
2,2,"[[2819,7045],[2819,10869]]",0,0,[],2,0,[],0,0,0,0,0,[],2819,0,0,[]
2,2,"[[537,2820],[2820,4215]]",0,0,[],2,0,[],0,0,0,0,0,[],2820,0,0,[]
2,2,"[[2822,3869],[2822,7013]]",0,0,[],2,0,[],0,0,0,0,0,[],2822,0,0,[]
2,2,"[[2806,2823],[2823,8665]]",0,0,[],2,0,[],0,0,0,0,0,[],2823,0,0,[]
2,2,"[[2824,6769],[2824,11673]]",0,0,[],2,0,[],0,0,0,0,0,[],2824,0,0,[]
1,1,"[[2825,5219]]",0,0,[],1,0,[],0,0,0,0,0,[],2825,0,0,[]
1,1,"[[2829,3576]]",0,0,[],1,0,[],0,0,0,0,0,[],2829,0,0,[]
2,2,"[[2831,3554],[2831,4230]]",0,0,[],2,0,[],0,0,0,0,0,[],2831,0,0,[]
1,1,"[[2832,4758]]",0,0,[],1,0,[],0,0,0,0,0,[],2832,0,0,[]
1,1,"[[2198,2833]]",0,0,[],1,0,[],0,0,0,0,0,[],2833,0,0,[]
2,2,"[[1911,2834],[2834,7292]]",0,0,[],2,0,[],0,0,0,0,0,[],2834,0,0,[]
1,1,"[[222,2836]]",0,0,[],1,0,[],0,0,0,0,0,[],2836,0,0,[]
2,2,"[[630,2837],[2685,2837]]",0,0,[],2,0,[],0,0,0,0,0,[],2837,0,0,[]
2,2,"[[1007,2838],[2838,3354]]",0,0,[],2,0,[],0,0,0,0,0,[],2838,0,0,[]
2,2,"[[2839,5408],[2839,7404]]",0,0,[],2,0,[],0,0,0,0,0,[],2839,0,0,[]
1,1,"[[2840,6386]]",0,0,[],1,0,[],0,0,0,0,0,[],2840,0,0,[]
2,2,"[[2842,3159],[2842,7880]]",0,0,[],2,0,[],0,0,0,0,0,[],2842,0,0,[]
2,2,"[[2395,2843],[2843,9372]]",0,0,[],2,0,[],0,0,0,0,0,[],2843,0,0,[]
2,2,"[[358,2846],[1640,2846]]",0,0,[],2,0,[],0,0,0,0,0,[],2846,0,0,[]
1,1,"[[2847,5980]]",0,0,[],1,0,[],0,0,0,0,0,[],2847,0,0,[]
1,1,"[[2849,4036]]",0,0,[],1,0,[],0,0,0,0,0,[],2849,0,0,[]
1,1,"[[1745,2850]]",0,0,[],1,0,[],0,0,0,0,0,[],2850,0,0,[]
2,2,"[[112,2851],[2851,3180]]",0,0,[],2,0,[],0,0,0,0,0,[],2851,0,0,[]
2,2,"[[1634,2853],[2853,6983]]",0,0,[],2,0,[],0,0,0,0,0,[],2853,0,0,[]
1,1,"[[2854,6895]]",0,0,[],1,0,[],0,0,0,0,0,[],2854,0,0,[]
1,1,"[[2855,11883]]",0,0,[],1,0,[],0,0,0,0,0,[],2855,0,0,[]
2,2,"[[230,2856],[2856,4848]]",0,0,[],2,0,[],0,0,0,0,0,[],2856,0,0,[]
2,2,"[[2857,3631],[2857,6345]]",0,0,[],2,0,[],0,0,0,0,0,[],2857,0,0,[]
1,1,"[[2858,4284]]",0,0,[],1,0,[],0,0,0,0,0,[],2858,0,0,[]
2,2,"[[1405,2859],[1720,2859]]",0,0,[],2,0,[],0,0,0,0,0,[],2859,0,0,[]
2,2,"[[2860,5174],[2860,9898]]",0,0,[],2,0,[],0,0,0,0,0,[],2860,0,0,[]
1,1,"[[2319,2861]]",0,0,[],1,0,[],0,0,0,0,0,[],2861,0,0,[]
1,1,"[[2863,9322]]",0,0,[],1,0,[],0,0,0,0,0,[],2863,0,0,[]
2,2,"[[1287,2865],[2865,10740]]",0,0,[],2,0,[],0,0,0,0,0,[],2865,0,0,[]
1,1,"[[1651,2866]]",0,0,[],1,0,[],0,0,0,0,0,[],2866,0,0,[]
2,2,"[[2867,3541],[2867,5255]]",0,0,[],2,0,[],0,0,0,0,0,[],2867,0,0,[]
1,1,"[[1804,2868]]",0,0,[],1,0,[],0,0,0,0,0,[],2868,0,0,[]
1,1,"[[22,2869]]",0,0,[],1,0,[],0,0,0,0,0,[],2869,0,0,[]
1,1,"[[2870,4799]]",0,0,[],1,0,[],0,0,0,0,0,[],2870,0,0,[]
1,1,"[[501,2871]]",0,0,[],1,0,[],0,0,0,0,0,[],2871,0,0,[]
2,2,"[[951,2872],[2872,6340]]",0,0,[],2,0,[],0,0,0,0,0,[],2872,0,0,[]
1,1,"[[2875,3361]]",0,0,[],1,0,[],0,0,0,0,0,[],2875,0,0,[]
1,1,"[[72,2876]]",0,0,[],1,0,[],0,0,0,0,0,[],2876,0,0,[]
1,1,"[[2877,3295]]",0,0,[],1,0,[],0,0,0,0,0,[],2877,0,0,[]
1,1,"[[2622,2878]]",0,0,[],1,0,[],0,0,0,0,0,[],2878,0,0,[]
1,1,"[[1134,2880]]",0,0,[],1,0,[],0,0,0,0,0,[],2880,0,0,[]
1,1,"[[383,2881]]",0,0,[],1,0,[],0,0,0,0,0,[],2881,0,0,[]
1,1,"[[2882,3853]]",0,0,[],1,0,[],0,0,0,0,0,[],2882,0,0,[]
1,1,"[[2526,2884]]",0,0,[],1,0,[],0,0,0,0,0,[],2884,0,0,[]
2,2,"[[2885,3057],[2885,10714]]",0,0,[],2,0,[],0,0,0,0,0,[],2885,0,0,[]
2,2,"[[2074,2886],[2573,2886]]",0,0,[],2,0,[],0,0,0,0,0,[],2886,0,0,[]
1,1,"[[90,2887]]",0,0,[],1,0,[],0,0,0,0,0,[],2887,0,0,[]
1,1,"[[2888,5602]]",0,0,[],1,0,[],0,0,0,0,0,[],2888,0,0,[]
1,1,"[[1558,2889]]",0,0,[],1,0,[],0,0,0,0,0,[],2889,0,0,[]
1,1,"[[1682,2890]]",0,0,[],1,0,[],0,0,0,0,0,[],2890,0,0,[]
2,2,"[[2891,3342],[2891,4941]]",0,0,[],2,0,[],0,0,0,0,0,[],2891,0,0,[]
1,1,"[[428,2892]]",0,0,[],1,0,[],0,0,0,0,0,[],2892,0,0,[]
1,1,"[[2863,2894]]",0,0,[],1,0,[],0,0,0,0,0,[],2894,0,0,[]
1,1,"[[2895,2910]]",0,0,[],1,0,[],0,0,0,0,0,[],2895,0,0,[]
2,2,"[[2896,9165],[2896,9687]]",0,0,[],2,0,[],0,0,0,0,0,[],2896,0,0,[]
1,1,"[[2898,6281]]",0,0,[],1,0,[],0,0,0,0,0,[],2898,0,0,[]
1,1,"[[2874,2899]]",0,0,[],1,0,[],0,0,0,0,0,[],2899,0,0,[]
1,1,"[[2900,4036]]",0,0,[],1,0,[],0,0,0,0,0,[],2900,0,0,[]
1,1,"[[2901,6747]]",0,0,[],1,0,[],0,0,0,0,0,[],2901,0,0,[]
1,1,"[[2902,3346]]",0,0,[],1,0,[],0,0,0,0,0,[],2902,0,0,[]
2,2,"[[1809,2903],[2903,4945]]",0,0,[],2,0,[],0,0,0,0,0,[],2903,0,0,[]
1,1,"[[2191,2904]]",0,0,[],1,0,[],0,0,0,0,0,[],2904,0,0,[]
1,1,"[[2905,8595]]",0,0,[],1,0,[],0,0,0,0,0,[],2905,0,0,[]
1,1,"[[2907,2991]]",0,0,[],1,0,[],0,0,0,0,0,[],2907,0,0,[]
1,1,"[[2908,3454]]",0,0,[],1,0,[],0,0,0,0,0,[],2908,0,0,[]
1,1,"[[743,2909]]",0,0,[],1,0,[],0,0,0,0,0,[],2909,0,0,[]
1,1,"[[1558,2910]]",0,0,[],1,0,[],0,0,0,0,0,[],2910,0,0,[]
1,1,"[[2911,3963]]",0,0,[],1,0,[],0,0,0,0,0,[],2911,0,0,[]
1,1,"[[2912,3628]]",0,0,[],1,0,[],0,0,0,0,0,[],2912,0,0,[]
2,2,"[[2913,3231],[2913,4185]]",0,0,[],2,0,[],0,0,0,0,0,[],2913,0,0,[]
1,1,"[[2914,10044]]",0,0,[],1,0,[],0,0,0,0,0,[],2914,0,0,[]
2,2,"[[1296,2916],[2916,8824]]",0,0,[],2,0,[],0,0,0,0,0,[],2916,0,0,[]
1,1,"[[2917,12927]]",0,0,[],1,0,[],0,0,0,0,0,[],2917,0,0,[]
1,1,"[[1232,2918]]",0,0,[],1,0,[],0,0,0,0,0,[],2918,0,0,[]
2,2,"[[2545,2919],[2919,6201]]",0,0,[],2,0,[],0,0,0,0,0,[],2919,0,0,[]
1,1,"[[2427,2920]]",0,0,[],1,0,[],0,0,0,0,0,[],2920,0,0,[]
2,2,"[[2921,3844],[2921,12432]]",0,0,[],2,0,[],0,0,0,0,0,[],2921,0,0,[]
2,2,"[[2922,3878],[2922,4828]]",0,0,[],2,0,[],0,0,0,0,0,[],2922,0,0,[]
2,2,"[[2333,2924],[2924,7220]]",0,0,[],2,0,[],0,0,0,0,0,[],2924,0,0,[]
1,1,"[[2925,8266]]",0,0,[],1,0,[],0,0,0,0,0,[],2925,0,0,[]
2,2,"[[2585,2926],[2926,5549]]",0,0,[],2,0,[],0,0,0,0,0,[],2926,0,0,[]
1,1,"[[755,2927]]",0,0,[],1,0,[],0,0,0,0,0,[],2927,0,0,[]
2,2,"[[2928,5420],[2928,6338]]",0,0,[],2,0,[],0,0,0,0,0,[],2928,0,0,[]
1,1,"[[2930,4500]]",0,0,[],1,0,[],0,0,0,0,0,[],2930,0,0,[]
1,1,"[[2202,2931]]",0,0,[],1,0,[],0,0,0,0,0,[],2931,0,0,[]
2,2,"[[2932,3871],[2932,11238]]",0,0,[],2,0,[],0,0,0,0,0,[],2932,0,0,[]
2,2,"[[1183,2933],[1471,2933]]",0,0,[],2,0,[],0,0,0,0,0,[],2933,0,0,[]
2,2,"[[454,2935],[2827,2935]]",0,0,[],2,0,[],0,0,0,0,0,[],2935,0,0,[]
2,2,"[[724,2936],[965,2936]]",0,0,[],2,0,[],0,0,0,0,0,[],2936,0,0,[]
1,1,"[[2937,3090]]",0,0,[],1,0,[],0,0,0,0,0,[],2937,0,0,[]
2,2,"[[404,2938],[1813,2938]]",0,0,[],2,0,[],0,0,0,0,0,[],2938,0,0,[]
1,1,"[[1030,2939]]",0,0,[],1,0,[],0,0,0,0,0,[],2939,0,0,[]
1,1,"[[2940,4557]]",0,0,[],1,0,[],0,0,0,0,0,[],2940,0,0,[]
2,2,"[[1156,2941],[2941,4006]]",0,0,[],2,0,[],0,0,0,0,0,[],2941,0,0,[]
1,1,"[[2233,2942]]",0,0,[],1,0,[],0,0,0,0,0,[],2942,0,0,[]
2,2,"[[584,2943],[2943,4303]]",0,0,[],2,0,[],0,0,0,0,0,[],2943,0,0,[]
2,2,"[[3,2945],[2945,4769]]",0,0,[],2,0,[],0,0,0,0,0,[],2945,0,0,[]
1,1,"[[1043,2946]]",0,0,[],1,0,[],0,0,0,0,0,[],2946,0,0,[]
2,2,"[[2870,2947],[2947,4754]]",0,0,[],2,0,[],0,0,0,0,0,[],2947,0,0,[]
1,1,"[[2948,9006]]",0,0,[],1,0,[],0,0,0,0,0,[],2948,0,0,[]
2,2,"[[30,2949],[2949,7266]]",0,0,[],2,0,[],0,0,0,0,0,[],2949,0,0,[]
2,2,"[[2950,4278],[2950,9190]]",0,0,[],2,0,[],0,0,0,0,0,[],2950,0,0,[]
1,1,"[[2951,3616]]",0,0,[],1,0,[],0,0,0,0,0,[],2951,0,0,[]
2,2,"[[1201,2952],[2415,2952]]",0,0,[],2,0,[],0,0,0,0,0,[],2952,0,0,[]
1,1,"[[2060,2953]]",0,0,[],1,0,[],0,0,0,0,0,[],2953,0,0,[]
1,1,"[[2954,3211]]",0,0,[],1,0,[],0,0,0,0,0,[],2954,0,0,[]
2,2,"[[2955,4220],[2955,8530]]",0,0,[],2,0,[],0,0,0,0,0,[],2955,0,0,[]
2,2,"[[1796,2956],[2467,2956]]",0,0,[],2,0,[],0,0,0,0,0,[],2956,0,0,[]
2,2,"[[2318,2957],[2957,5735]]",0,0,[],2,0,[],0,0,0,0,0,[],2957,0,0,[]
2,2,"[[353,2958],[2958,3758]]",0,0,[],2,0,[],0,0,0,0,0,[],2958,0,0,[]
2,2,"[[2959,4286],[2959,5118]]",0,0,[],2,0,[],0,0,0,0,0,[],2959,0,0,[]
2,2,"[[2960,7535],[2960,8119]]",0,0,[],2,0,[],0,0,0,0,0,[],2960,0,0,[]
2,2,"[[596,2961],[800,2961]]",0,0,[],2,0,[],0,0,0,0,0,[],2961,0,0,[]
2,2,"[[1505,2963],[2963,4579]]",0,0,[],2,0,[],0,0,0,0,0,[],2963,0,0,[]
2,2,"[[1968,2964],[2964,3870]]",0,0,[],2,0,[],0,0,0,0,0,[],2964,0,0,[]
2,2,"[[2965,3232],[2965,9692]]",0,0,[],2,0,[],0,0,0,0,0,[],2965,0,0,[]
1,1,"[[1523,2969]]",0,0,[],1,0,[],0,0,0,0,0,[],2969,0,0,[]
2,2,"[[2971,7320],[2971,12797]]",0,0,[],2,0,[],0,0,0,0,0,[],2971,0,0,[]
2,2,"[[2972,7390],[2972,10643]]",0,0,[],2,0,[],0,0,0,0,0,[],2972,0,0,[]
2,2,"[[16,2973],[2973,4268]]",0,0,[],2,0,[],0,0,0,0,0,[],2973,0,0,[]
2,2,"[[194,2974],[2974,5003]]",0,0,[],2,0,[],0,0,0,0,0,[],2974,0,0,[]
1,1,"[[2888,2976]]",0,0,[],1,0,[],0,0,0,0,0,[],2976,0,0,[]
1,1,"[[45,2977]]",0,0,[],1,0,[],0,0,0,0,0,[],2977,0,0,[]
2,2,"[[2645,2978],[2978,3173]]",0,0,[],2,0,[],0,0,0,0,0,[],2978,0,0,[]
2,2,"[[708,2980],[2055,2980]]",0,0,[],2,0,[],0,0,0,0,0,[],2980,0,0,[]
1,1,"[[583,2983]]",0,0,[],1,0,[],0,0,0,0,0,[],2983,0,0,[]
1,1,"[[88,2984]]",0,0,[],1,0,[],0,0,0,0,0,[],2984,0,0,[]
1,1,"[[2985,6031]]",0,0,[],1,0,[],0,0,0,0,0,[],2985,0,0,[]
2,2,"[[1221,2986],[2648,2986]]",0,0,[],2,0,[],0,0,0,0,0,[],2986,0,0,[]
1,1,"[[2989,3315]]",0,0,[],1,0,[],0,0,0,0,0,[],2989,0,0,[]
1,1,"[[2990,6670]]",0,0,[],1,0,[],0,0,0,0,0,[],2990,0,0,[]
2,2,"[[1724,2991],[2991,3370]]",0,0,[],2,0,[],0,0,0,0,0,[],2991,0,0,[]
1,1,"[[2691,2994]]",0,0,[],1,0,[],0,0,0,0,0,[],2994,0,0,[]
1,1,"[[2862,2995]]",0,0,[],1,0,[],0,0,0,0,0,[],2995,0,0,[]
1,1,"[[2996,10866]]",0,0,[],1,0,[],0,0,0,0,0,[],2996,0,0,[]
2,2,"[[2997,3482],[2997,7055]]",0,0,[],2,0,[],0,0,0,0,0,[],2997,0,0,[]
1,1,"[[1397,2999]]",0,0,[],1,0,[],0,0,0,0,0,[],2999,0,0,[]
2,2,"[[2166,3000],[3000,10305]]",0,0,[],2,0,[],0,0,0,0,0,[],3000,0,0,[]
1,1,"[[2204,3002]]",0,0,[],1,0,[],0,0,0,0,0,[],3002,0,0,[]
2,2,"[[3003,3689],[3003,6993]]",0,0,[],2,0,[],0,0,0,0,0,[],3003,0,0,[]
2,2,"[[651,3004],[3004,3618]]",0,0,[],2,0,[],0,0,0,0,0,[],3004,0,0,[]
2,2,"[[2910,3005],[3005,6437]]",0,0,[],2,0,[],0,0,0,0,0,[],3005,0,0,[]
2,2,"[[3006,3341],[3006,3885]]",0,0,[],2,0,[],0,0,0,0,0,[],3006,0,0,[]
2,2,"[[2489,3008],[3008,6749]]",0,0,[],2,0,[],0,0,0,0,0,[],3008,0,0,[]
1,1,"[[1243,3009]]",0,0,[],1,0,[],0,0,0,0,0,[],3009,0,0,[]
1,1,"[[3010,11796]]",0,0,[],1,0,[],0,0,0,0,0,[],3010,0,0,[]
1,1,"[[401,3011]]",0,0,[],1,0,[],0,0,0,0,0,[],3011,0,0,[]
2,2,"[[3012,6883],[3012,8059]]",0,0,[],2,0,[],0,0,0,0,0,[],3012,0,0,[]
2,2,"[[2791,3013],[3013,3638]]",0,0,[],2,0,[],0,0,0,0,0,[],3013,0,0,[]
2,2,"[[1186,3014],[2464,3014]]",0,0,[],2,0,[],0,0,0,0,0,[],3014,0,0,[]
1,1,"[[94,3015]]",0,0,[],1,0,[],0,0,0,0,0,[],3015,0,0,[]
1,1,"[[1944,3016]]",0,0,[],1,0,[],0,0,0,0,0,[],3016,0,0,[]
1,1,"[[2530,3017]]",0,0,[],1,0,[],0,0,0,0,0,[],3017,0,0,[]
2,2,"[[2609,3018],[3018,5733]]",0,0,[],2,0,[],0,0,0,0,0,[],3018,0,0,[]
2,2,"[[3019,4460],[3019,9716]]",0,0,[],2,0,[],0,0,0,0,0,[],3019,0,0,[]
1,1,"[[2196,3020]]",0,0,[],1,0,[],0,0,0,0,0,[],3020,0,0,[]
2,2,"[[1027,3022],[3022,5246]]",0,0,[],2,0,[],0,0,0,0,0,[],3022,0,0,[]
2,2,"[[3023,6245],[3023,6262]]",0,0,[],2,0,[],0,0,0,0,0,[],3023,0,0,[]
1,1,"[[3024,4727]]",0,0,[],1,0,[],0,0,0,0,0,[],3024,0,0,[]
2,2,"[[3025,6101],[3025,6902]]",0,0,[],2,0,[],0,0,0,0,0,[],3025,0,0,[]
2,2,"[[2793,3026],[3026,4709]]",0,0,[],2,0,[],0,0,0,0,0,[],3026,0,0,[]
2,2,"[[0,3027],[3027,7052]]",0,0,[],2,0,[],0,0,0,0,0,[],3027,0,0,[]
2,2,"[[2744,3028],[3028,4559]]",0,0,[],2,0,[],0,0,0,0,0,[],3028,0,0,[]
1,1,"[[3029,5655]]",0,0,[],1,0,[],0,0,0,0,0,[],3029,0,0,[]
2,2,"[[3031,4249],[3031,10717]]",0,0,[],2,0,[],0,0,0,0,0,[],3031,0,0,[]
1,1,"[[3032,3898]]",0,0,[],1,0,[],0,0,0,0,0,[],3032,0,0,[]
2,2,"[[3033,5095],[3033,7539]]",0,0,[],2,0,[],0,0,0,0,0,[],3033,0,0,[]
1,1,"[[1481,3034]]",0,0,[],1,0,[],0,0,0,0,0,[],3034,0,0,[]
2,2,"[[374,3036],[3036,6645]]",0,0,[],2,0,[],0,0,0,0,0,[],3036,0,0,[]
2,2,"[[3037,4010],[3037,4068]]",0,0,[],2,0,[],0,0,0,0,0,[],3037,0,0,[]
1,1,"[[270,3039]]",0,0,[],1,0,[],0,0,0,0,0,[],3039,0,0,[]
2,2,"[[3040,8991],[3040,9626]]",0,0,[],2,0,[],0,0,0,0,0,[],3040,0,0,[]
2,2,"[[3041,4424],[3041,11473]]",0,0,[],2,0,[],0,0,0,0,0,[],3041,0,0,[]
2,2,"[[1357,3043],[1446,3043]]",0,0,[],2,0,[],0,0,0,0,0,[],3043,0,0,[]
2,2,"[[3044,5897],[3044,6485]]",0,0,[],2,0,[],0,0,0,0,0,[],3044,0,0,[]
2,2,"[[2956,3045],[3045,7474]]",0,0,[],2,0,[],0,0,0,0,0,[],3045,0,0,[]
2,2,"[[3046,6320],[3046,7605]]",0,0,[],2,0,[],0,0,0,0,0,[],3046,0,0,[]
2,2,"[[3047,3523],[3047,8421]]",0,0,[],2,0,[],0,0,0,0,0,[],3047,0,0,[]
1,1,"[[3048,8101]]",0,0,[],1,0,[],0,0,0,0,0,[],3048,0,0,[]
1,1,"[[880,3049]]",0,0,[],1,0,[],0,0,0,0,0,[],3049,0,0,[]
2,2,"[[190,3050],[3050,3765]]",0,0,[],2,0,[],0,0,0,0,0,[],3050,0,0,[]
1,1,"[[275,3051]]",0,0,[],1,0,[],0,0,0,0,0,[],3051,0,0,[]
2,2,"[[3054,3156],[3054,3388]]",0,0,[],2,0,[],0,0,0,0,0,[],3054,0,0,[]
1,1,"[[3055,3725]]",0,0,[],1,0,[],0,0,0,0,0,[],3055,0,0,[]
2,2,"[[3058,4424],[3058,7703]]",0,0,[],2,0,[],0,0,0,0,0,[],3058,0,0,[]
2,2,"[[738,3061],[1080,3061]]",0,0,[],2,0,[],0,0,0,0,0,[],3061,0,0,[]
1,1,"[[3062,3638]]",0,0,[],1,0,[],0,0,0,0,0,[],3062,0,0,[]
2,2,"[[2863,3063],[2894,3063]]",0,0,[],2,0,[],0,0,0,0,0,[],3063,0,0,[]
2,2,"[[190,3064],[3064,6841]]",0,0,[],2,0,[],0,0,0,0,0,[],3064,0,0,[]
1,1,"[[1843,3065]]",0,0,[],1,0,[],0,0,0,0,0,[],3065,0,0,[]
1,1,"[[3066,3844]]",0,0,[],1,0,[],0,0,0,0,0,[],3066,0,0,[]
1,1,"[[105,3067]]",0,0,[],1,0,[],0,0,0,0,0,[],3067,0,0,[]
1,1,"[[244,3068]]",0,0,[],1,0,[],0,0,0,0,0,[],3068,0,0,[]
2,2,"[[3069,3843],[3069,9067]]",0,0,[],2,0,[],0,0,0,0,0,[],3069,0,0,[]
1,1,"[[2446,3070]]",0,0,[],1,0,[],0,0,0,0,0,[],3070,0,0,[]
1,1,"[[1113,3071]]",0,0,[],1,0,[],0,0,0,0,0,[],3071,0,0,[]
1,1,"[[3072,4228]]",0,0,[],1,0,[],0,0,0,0,0,[],3072,0,0,[]
1,1,"[[2007,3073]]",0,0,[],1,0,[],0,0,0,0,0,[],3073,0,0,[]
1,1,"[[459,3074]]",0,0,[],1,0,[],0,0,0,0,0,[],3074,0,0,[]
1,1,"[[3075,3753]]",0,0,[],1,0,[],0,0,0,0,0,[],3075,0,0,[]
2,2,"[[3076,3949],[3076,4153]]",0,0,[],2,0,[],0,0,0,0,0,[],3076,0,0,[]
2,2,"[[3078,3398],[3078,3795]]",0,0,[],2,0,[],0,0,0,0,0,[],3078,0,0,[]
2,2,"[[1799,3079],[3079,5582]]",0,0,[],2,0,[],0,0,0,0,0,[],3079,0,0,[]
2,2,"[[612,3080],[3080,4999]]",0,0,[],2,0,[],0,0,0,0,0,[],3080,0,0,[]
1,1,"[[3081,6252]]",0,0,[],1,0,[],0,0,0,0,0,[],3081,0,0,[]
1,1,"[[3082,3285]]",0,0,[],1,0,[],0,0,0,0,0,[],3082,0,0,[]
2,2,"[[3083,4390],[3083,6422]]",0,0,[],2,0,[],0,0,0,0,0,[],3083,0,0,[]
1,1,"[[1059,3084]]",0,0,[],1,0,[],0,0,0,0,0,[],3084,0,0,[]
1,1,"[[986,3085]]",0,0,[],1,0,[],0,0,0,0,0,[],3085,0,0,[]
2,2,"[[1228,3086],[3086,5921]]",0,0,[],2,0,[],0,0,0,0,0,[],3086,0,0,[]
2,2,"[[3087,3147],[3087,3864]]",0,0,[],2,0,[],0,0,0,0,0,[],3087,0,0,[]
1,1,"[[1559,3088]]",0,0,[],1,0,[],0,0,0,0,0,[],3088,0,0,[]
1,1,"[[3089,12819]]",0,0,[],1,0,[],0,0,0,0,0,[],3089,0,0,[]
1,1,"[[50,3090]]",0,0,[],1,0,[],0,0,0,0,0,[],3090,0,0,[]
1,1,"[[3091,7800]]",0,0,[],1,0,[],0,0,0,0,0,[],3091,0,0,[]
2,2,"[[3092,8061],[3092,8347]]",0,0,[],2,0,[],0,0,0,0,0,[],3092,0,0,[]
2,2,"[[446,3094],[1380,3094]]",0,0,[],2,0,[],0,0,0,0,0,[],3094,0,0,[]
2,2,"[[1647,3095],[2276,3095]]",0,0,[],2,0,[],0,0,0,0,0,[],3095,0,0,[]
2,2,"[[1148,3097],[2278,3097]]",0,0,[],2,0,[],0,0,0,0,0,[],3097,0,0,[]
1,1,"[[1101,3098]]",0,0,[],1,0,[],0,0,0,0,0,[],3098,0,0,[]
2,2,"[[1513,3099],[3095,3099]]",0,0,[],2,0,[],0,0,0,0,0,[],3099,0,0,[]
2,2,"[[3101,3951],[3101,5457]]",0,0,[],2,0,[],0,0,0,0,0,[],3101,0,0,[]
2,2,"[[3103,4695],[3103,4992]]",0,0,[],2,0,[],0,0,0,0,0,[],3103,0,0,[]
2,2,"[[537,3105],[2820,3105]]",0,0,[],2,0,[],0,0,0,0,0,[],3105,0,0,[]
1,1,"[[1408,3106]]",0,0,[],1,0,[],0,0,0,0,0,[],3106,0,0,[]
1,1,"[[3108,4414]]",0,0,[],1,0,[],0,0,0,0,0,[],3108,0,0,[]
1,1,"[[3109,3529]]",0,0,[],1,0,[],0,0,0,0,0,[],3109,0,0,[]
2,2,"[[1298,3110],[2022,3110]]",0,0,[],2,0,[],0,0,0,0,0,[],3110,0,0,[]
1,1,"[[3113,9628]]",0,0,[],1,0,[],0,0,0,0,0,[],3113,0,0,[]
2,2,"[[3116,7055],[3116,7503]]",0,0,[],2,0,[],0,0,0,0,0,[],3116,0,0,[]
2,2,"[[2232,3117],[2802,3117]]",0,0,[],2,0,[],0,0,0,0,0,[],3117,0,0,[]
2,2,"[[3118,3402],[3118,4471]]",0,0,[],2,0,[],0,0,0,0,0,[],3118,0,0,[]
2,2,"[[297,3119],[3119,5494]]",0,0,[],2,0,[],0,0,0,0,0,[],3119,0,0,[]
1,1,"[[3121,4546]]",0,0,[],1,0,[],0,0,0,0,0,[],3121,0,0,[]
2,2,"[[517,3122],[3122,5996]]",0,0,[],2,0,[],0,0,0,0,0,[],3122,0,0,[]
1,1,"[[1290,3124]]",0,0,[],1,0,[],0,0,0,0,0,[],3124,0,0,[]
1,1,"[[3125,3623]]",0,0,[],1,0,[],0,0,0,0,0,[],3125,0,0,[]
2,2,"[[3126,4245],[3126,7296]]",0,0,[],2,0,[],0,0,0,0,0,[],3126,0,0,[]
2,2,"[[621,3127],[3127,4324]]",0,0,[],2,0,[],0,0,0,0,0,[],3127,0,0,[]
1,1,"[[781,3128]]",0,0,[],1,0,[],0,0,0,0,0,[],3128,0,0,[]
2,2,"[[2158,3129],[3129,3820]]",0,0,[],2,0,[],0,0,0,0,0,[],3129,0,0,[]
2,2,"[[1086,3131],[3131,3335]]",0,0,[],2,0,[],0,0,0,0,0,[],3131,0,0,[]
1,1,"[[557,3132]]",0,0,[],1,0,[],0,0,0,0,0,[],3132,0,0,[]
2,2,"[[3133,6074],[3133,8800]]",0,0,[],2,0,[],0,0,0,0,0,[],3133,0,0,[]
2,2,"[[819,3134],[3134,3644]]",0,0,[],2,0,[],0,0,0,0,0,[],3134,0,0,[]
1,1,"[[3038,3136]]",0,0,[],1,0,[],0,0,0,0,0,[],3136,0,0,[]
1,1,"[[2461,3137]]",0,0,[],1,0,[],0,0,0,0,0,[],3137,0,0,[]
1,1,"[[1521,3138]]",0,0,[],1,0,[],0,0,0,0,0,[],3138,0,0,[]
1,1,"[[103,3139]]",0,0,[],1,0,[],0,0,0,0,0,[],3139,0,0,[]
2,2,"[[993,3140],[1544,3140]]",0,0,[],2,0,[],0,0,0,0,0,[],3140,0,0,[]
1,1,"[[3141,5887]]",0,0,[],1,0,[],0,0,0,0,0,[],3141,0,0,[]
2,2,"[[346,3142],[3080,3142]]",0,0,[],2,0,[],0,0,0,0,0,[],3142,0,0,[]
1,1,"[[3143,5291]]",0,0,[],1,0,[],0,0,0,0,0,[],3143,0,0,[]
2,2,"[[1607,3144],[1869,3144]]",0,0,[],2,0,[],0,0,0,0,0,[],3144,0,0,[]
2,2,"[[3145,3366],[3145,4331]]",0,0,[],2,0,[],0,0,0,0,0,[],3145,0,0,[]
2,2,"[[2066,3146],[3146,10766]]",0,0,[],2,0,[],0,0,0,0,0,[],3146,0,0,[]
1,1,"[[3148,5590]]",0,0,[],1,0,[],0,0,0,0,0,[],3148,0,0,[]
2,2,"[[3150,4291],[3150,6011]]",0,0,[],2,0,[],0,0,0,0,0,[],3150,0,0,[]
1,1,"[[3151,7977]]",0,0,[],1,0,[],0,0,0,0,0,[],3151,0,0,[]
2,2,"[[2628,3152],[3152,4507]]",0,0,[],2,0,[],0,0,0,0,0,[],3152,0,0,[]
1,1,"[[3153,3615]]",0,0,[],1,0,[],0,0,0,0,0,[],3153,0,0,[]
1,1,"[[2920,3154]]",0,0,[],1,0,[],0,0,0,0,0,[],3154,0,0,[]
2,2,"[[3155,3897],[3155,5135]]",0,0,[],2,0,[],0,0,0,0,0,[],3155,0,0,[]
1,1,"[[1629,3156]]",0,0,[],1,0,[],0,0,0,0,0,[],3156,0,0,[]
2,2,"[[3051,3157],[3157,7062]]",0,0,[],2,0,[],0,0,0,0,0,[],3157,0,0,[]
1,1,"[[2569,3158]]",0,0,[],1,0,[],0,0,0,0,0,[],3158,0,0,[]
2,2,"[[1554,3160],[3160,6666]]",0,0,[],2,0,[],0,0,0,0,0,[],3160,0,0,[]
1,1,"[[3161,3175]]",0,0,[],1,0,[],0,0,0,0,0,[],3161,0,0,[]
2,2,"[[991,3162],[1599,3162]]",0,0,[],2,0,[],0,0,0,0,0,[],3162,0,0,[]
1,1,"[[3163,3329]]",0,0,[],1,0,[],0,0,0,0,0,[],3163,0,0,[]
2,2,"[[3164,3908],[3164,7488]]",0,0,[],2,0,[],0,0,0,0,0,[],3164,0,0,[]
2,2,"[[1516,3165],[3165,4266]]",0,0,[],2,0,[],0,0,0,0,0,[],3165,0,0,[]
1,1,"[[3166,3489]]",0,0,[],1,0,[],0,0,0,0,0,[],3166,0,0,[]
1,1,"[[3167,6128]]",0,0,[],1,0,[],0,0,0,0,0,[],3167,0,0,[]
1,1,"[[3168,4604]]",0,0,[],1,0,[],0,0,0,0,0,[],3168,0,0,[]
2,2,"[[742,3169],[3169,4250]]",0,0,[],2,0,[],0,0,0,0,0,[],3169,0,0,[]
2,2,"[[1847,3170],[3170,4235]]",0,0,[],2,0,[],0,0,0,0,0,[],3170,0,0,[]
2,2,"[[3171,3872],[3171,6000]]",0,0,[],2,0,[],0,0,0,0,0,[],3171,0,0,[]
1,1,"[[3172,7848]]",0,0,[],1,0,[],0,0,0,0,0,[],3172,0,0,[]
1,1,"[[2552,3173]]",0,0,[],1,0,[],0,0,0,0,0,[],3173,0,0,[]
1,1,"[[3176,3998]]",0,0,[],1,0,[],0,0,0,0,0,[],3176,0,0,[]
1,1,"[[3177,12550]]",0,0,[],1,0,[],0,0,0,0,0,[],3177,0,0,[]
1,1,"[[3178,8256]]",0,0,[],1,0,[],0,0,0,0,0,[],3178,0,0,[]
2,2,"[[3179,12140],[3179,13386]]",0,0,[],2,0,[],0,0,0,0,0,[],3179,0,0,[]
2,2,"[[3180,4643],[3180,5367]]",0,0,[],2,0,[],0,0,0,0,0,[],3180,0,0,[]
2,2,"[[3181,3938],[3181,6885]]",0,0,[],2,0,[],0,0,0,0,0,[],3181,0,0,[]
1,1,"[[2604,3182]]",0,0,[],1,0,[],0,0,0,0,0,[],3182,0,0,[]
2,2,"[[408,3183],[3183,8455]]",0,0,[],2,0,[],0,0,0,0,0,[],3183,0,0,[]
2,2,"[[379,3184],[1770,3184]]",0,0,[],2,0,[],0,0,0,0,0,[],3184,0,0,[]
1,1,"[[3185,8229]]",0,0,[],1,0,[],0,0,0,0,0,[],3185,0,0,[]
1,1,"[[3186,5802]]",0,0,[],1,0,[],0,0,0,0,0,[],3186,0,0,[]
1,1,"[[771,3187]]",0,0,[],1,0,[],0,0,0,0,0,[],3187,0,0,[]
2,2,"[[3188,5824],[3188,6948]]",0,0,[],2,0,[],0,0,0,0,0,[],3188,0,0,[]
2,2,"[[1389,3189],[3189,11696]]",0,0,[],2,0,[],0,0,0,0,0,[],3189,0,0,[]
2,2,"[[696,3190],[3190,3782]]",0,0,[],2,0,[],0,0,0,0,0,[],3190,0,0,[]
2,2,"[[1064,3191],[1794,3191]]",0,0,[],2,0,[],0,0,0,0,0,[],3191,0,0,[]
2,2,"[[3192,3511],[3192,6281]]",0,0,[],2,0,[],0,0,0,0,0,[],3192,0,0,[]
2,2,"[[169,3193],[3193,8238]]",0,0,[],2,0,[],0,0,0,0,0,[],3193,0,0,[]
2,2,"[[3194,3705],[3194,5554]]",0,0,[],2,0,[],0,0,0,0,0,[],3194,0,0,[]
2,2,"[[3196,5457],[3196,8688]]",0,0,[],2,0,[],0,0,0,0,0,[],3196,0,0,[]
2,2,"[[3197,5124],[3197,5809]]",0,0,[],2,0,[],0,0,0,0,0,[],3197,0,0,[]
2,2,"[[2552,3198],[3198,6454]]",0,0,[],2,0,[],0,0,0,0,0,[],3198,0,0,[]
1,1,"[[3199,9744]]",0,0,[],1,0,[],0,0,0,0,0,[],3199,0,0,[]
2,2,"[[3200,4387],[3200,10644]]",0,0,[],2,0,[],0,0,0,0,0,[],3200,0,0,[]
2,2,"[[2907,3202],[3202,4679]]",0,0,[],2,0,[],0,0,0,0,0,[],3202,0,0,[]
2,2,"[[2583,3203],[2976,3203]]",0,0,[],2,0,[],0,0,0,0,0,[],3203,0,0,[]
2,2,"[[3204,10410],[3204,13436]]",0,0,[],2,0,[],0,0,0,0,0,[],3204,0,0,[]
1,1,"[[2305,3205]]",0,0,[],1,0,[],0,0,0,0,0,[],3205,0,0,[]
2,2,"[[2154,3206],[2242,3206]]",0,0,[],2,0,[],0,0,0,0,0,[],3206,0,0,[]
2,2,"[[2245,3207],[3077,3207]]",0,0,[],2,0,[],0,0,0,0,0,[],3207,0,0,[]
1,1,"[[3208,3770]]",0,0,[],1,0,[],0,0,0,0,0,[],3208,0,0,[]
2,2,"[[3209,4941],[3209,5368]]",0,0,[],2,0,[],0,0,0,0,0,[],3209,0,0,[]
2,2,"[[3210,4982],[3210,5972]]",0,0,[],2,0,[],0,0,0,0,0,[],3210,0,0,[]
1,1,"[[3201,3211]]",0,0,[],1,0,[],0,0,0,0,0,[],3211,0,0,[]
2,2,"[[3212,5127],[3212,7278]]",0,0,[],2,0,[],0,0,0,0,0,[],3212,0,0,[]
1,1,"[[1052,3213]]",0,0,[],1,0,[],0,0,0,0,0,[],3213,0,0,[]
2,2,"[[1638,3214],[3214,4835]]",0,0,[],2,0,[],0,0,0,0,0,[],3214,0,0,[]
1,1,"[[1838,3215]]",0,0,[],1,0,[],0,0,0,0,0,[],3215,0,0,[]
1,1,"[[3216,5610]]",0,0,[],1,0,[],0,0,0,0,0,[],3216,0,0,[]
1,1,"[[110,3217]]",0,0,[],1,0,[],0,0,0,0,0,[],3217,0,0,[]
2,2,"[[3218,3921],[3218,5938]]",0,0,[],2,0,[],0,0,0,0,0,[],3218,0,0,[]
1,1,"[[3220,7598]]",0,0,[],1,0,[],0,0,0,0,0,[],3220,0,0,[]
1,1,"[[3222,4138]]",0,0,[],1,0,[],0,0,0,0,0,[],3222,0,0,[]
1,1,"[[684,3223]]",0,0,[],1,0,[],0,0,0,0,0,[],3223,0,0,[]
2,2,"[[742,3224],[2098,3224]]",0,0,[],2,0,[],0,0,0,0,0,[],3224,0,0,[]
2,2,"[[1033,3225],[3225,8200]]",0,0,[],2,0,[],0,0,0,0,0,[],3225,0,0,[]
1,1,"[[1621,3226]]",0,0,[],1,0,[],0,0,0,0,0,[],3226,0,0,[]
1,1,"[[3227,4673]]",0,0,[],1,0,[],0,0,0,0,0,[],3227,0,0,[]
1,1,"[[389,3228]]",0,0,[],1,0,[],0,0,0,0,0,[],3228,0,0,[]
1,1,"[[3229,9330]]",0,0,[],1,0,[],0,0,0,0,0,[],3229,0,0,[]
1,1,"[[3230,7756]]",0,0,[],1,0,[],0,0,0,0,0,[],3230,0,0,[]
1,1,"[[3232,6903]]",0,0,[],1,0,[],0,0,0,0,0,[],3232,0,0,[]
1,1,"[[1718,3233]]",0,0,[],1,0,[],0,0,0,0,0,[],3233,0,0,[]
2,2,"[[3234,10674],[3234,12517]]",0,0,[],2,0,[],0,0,0,0,0,[],3234,0,0,[]
2,2,"[[2060,3235],[3235,3405]]",0,0,[],2,0,[],0,0,0,0,0,[],3235,0,0,[]
1,1,"[[1450,3237]]",0,0,[],1,0,[],0,0,0,0,0,[],3237,0,0,[]
1,1,"[[1585,3238]]",0,0,[],1,0,[],0,0,0,0,0,[],3238,0,0,[]
2,2,"[[3239,4213],[3239,7145]]",0,0,[],2,0,[],0,0,0,0,0,[],3239,0,0,[]
2,2,"[[2528,3242],[3242,3966]]",0,0,[],2,0,[],0,0,0,0,0,[],3242,0,0,[]
2,2,"[[1525,3244],[3244,4032]]",0,0,[],2,0,[],0,0,0,0,0,[],3244,0,0,[]
1,1,"[[3245,3689]]",0,0,[],1,0,[],0,0,0,0,0,[],3245,0,0,[]
1,1,"[[2417,3246]]",0,0,[],1,0,[],0,0,0,0,0,[],3246,0,0,[]
2,2,"[[1783,3247],[2171,3247]]",0,0,[],2,0,[],0,0,0,0,0,[],3247,0,0,[]
1,1,"[[2341,3249]]",0,0,[],1,0,[],0,0,0,0,0,[],3249,0,0,[]
2,2,"[[2238,3250],[2786,3250]]",0,0,[],2,0,[],0,0,0,0,0,[],3250,0,0,[]
1,1,"[[3251,9040]]",0,0,[],1,0,[],0,0,0,0,0,[],3251,0,0,[]
2,2,"[[3252,7690],[3252,13424]]",0,0,[],2,0,[],0,0,0,0,0,[],3252,0,0,[]
2,2,"[[2177,3254],[3254,6917]]",0,0,[],2,0,[],0,0,0,0,0,[],3254,0,0,[]
2,2,"[[2324,3255],[3255,3418]]",0,0,[],2,0,[],0,0,0,0,0,[],3255,0,0,[]
1,1,"[[3256,4749]]",0,0,[],1,0,[],0,0,0,0,0,[],3256,0,0,[]
2,2,"[[3257,4010],[3257,4017]]",0,0,[],2,0,[],0,0,0,0,0,[],3257,0,0,[]
1,1,"[[2881,3258]]",0,0,[],1,0,[],0,0,0,0,0,[],3258,0,0,[]
1,1,"[[1984,3260]]",0,0,[],1,0,[],0,0,0,0,0,[],3260,0,0,[]
2,2,"[[2445,3261],[3261,7860]]",0,0,[],2,0,[],0,0,0,0,0,[],3261,0,0,[]
2,2,"[[186,3262],[612,3262]]",0,0,[],2,0,[],0,0,0,0,0,[],3262,0,0,[]
1,1,"[[1349,3263]]",0,0,[],1,0,[],0,0,0,0,0,[],3263,0,0,[]
2,2,"[[3264,9105],[3264,11230]]",0,0,[],2,0,[],0,0,0,0,0,[],3264,0,0,[]
2,2,"[[2964,3265],[3265,3870]]",0,0,[],2,0,[],0,0,0,0,0,[],3265,0,0,[]
2,2,"[[3266,4636],[3266,5156]]",0,0,[],2,0,[],0,0,0,0,0,[],3266,0,0,[]
1,1,"[[3267,4698]]",0,0,[],1,0,[],0,0,0,0,0,[],3267,0,0,[]
1,1,"[[3269,3281]]",0,0,[],1,0,[],0,0,0,0,0,[],3269,0,0,[]
1,1,"[[3270,6561]]",0,0,[],1,0,[],0,0,0,0,0,[],3270,0,0,[]
2,2,"[[3271,3430],[3271,5252]]",0,0,[],2,0,[],0,0,0,0,0,[],3271,0,0,[]
1,1,"[[3272,5789]]",0,0,[],1,0,[],0,0,0,0,0,[],3272,0,0,[]
2,2,"[[2783,3273],[3273,5191]]",0,0,[],2,0,[],0,0,0,0,0,[],3273,0,0,[]
2,2,"[[3274,4487],[3274,9397]]",0,0,[],2,0,[],0,0,0,0,0,[],3274,0,0,[]
1,1,"[[2009,3275]]",0,0,[],1,0,[],0,0,0,0,0,[],3275,0,0,[]
2,2,"[[454,3277],[3277,12056]]",0,0,[],2,0,[],0,0,0,0,0,[],3277,0,0,[]
1,1,"[[3278,7301]]",0,0,[],1,0,[],0,0,0,0,0,[],3278,0,0,[]
1,1,"[[3279,5920]]",0,0,[],1,0,[],0,0,0,0,0,[],3279,0,0,[]
1,1,"[[2767,3280]]",0,0,[],1,0,[],0,0,0,0,0,[],3280,0,0,[]
1,1,"[[358,3281]]",0,0,[],1,0,[],0,0,0,0,0,[],3281,0,0,[]
2,2,"[[1929,3282],[3134,3282]]",0,0,[],2,0,[],0,0,0,0,0,[],3282,0,0,[]
1,1,"[[960,3283]]",0,0,[],1,0,[],0,0,0,0,0,[],3283,0,0,[]
1,1,"[[3284,10518]]",0,0,[],1,0,[],0,0,0,0,0,[],3284,0,0,[]
2,2,"[[622,3286],[3286,3620]]",0,0,[],2,0,[],0,0,0,0,0,[],3286,0,0,[]
2,2,"[[3177,3287],[3287,5884]]",0,0,[],2,0,[],0,0,0,0,0,[],3287,0,0,[]
2,2,"[[978,3288],[3288,4195]]",0,0,[],2,0,[],0,0,0,0,0,[],3288,0,0,[]
1,1,"[[2729,3290]]",0,0,[],1,0,[],0,0,0,0,0,[],3290,0,0,[]
2,2,"[[2381,3291],[3291,4818]]",0,0,[],2,0,[],0,0,0,0,0,[],3291,0,0,[]
2,2,"[[1540,3294],[2538,3294]]",0,0,[],2,0,[],0,0,0,0,0,[],3294,0,0,[]
1,1,"[[885,3295]]",0,0,[],1,0,[],0,0,0,0,0,[],3295,0,0,[]
2,2,"[[1148,3296],[1692,3296]]",0,0,[],2,0,[],0,0,0,0,0,[],3296,0,0,[]
2,2,"[[1411,3298],[2410,3298]]",0,0,[],2,0,[],0,0,0,0,0,[],3298,0,0,[]
1,1,"[[2685,3299]]",0,0,[],1,0,[],0,0,0,0,0,[],3299,0,0,[]
2,2,"[[3300,3645],[3300,13217]]",0,0,[],2,0,[],0,0,0,0,0,[],3300,0,0,[]
2,2,"[[1502,3301],[1572,3301]]",0,0,[],2,0,[],0,0,0,0,0,[],3301,0,0,[]
2,2,"[[2615,3302],[3302,12012]]",0,0,[],2,0,[],0,0,0,0,0,[],3302,0,0,[]
1,1,"[[3303,10086]]",0,0,[],1,0,[],0,0,0,0,0,[],3303,0,0,[]
1,1,"[[1016,3304]]",0,0,[],1,0,[],0,0,0,0,0,[],3304,0,0,[]
1,1,"[[3306,5156]]",0,0,[],1,0,[],0,0,0,0,0,[],3306,0,0,[]
2,2,"[[3307,8909],[3307,9625]]",0,0,[],2,0,[],0,0,0,0,0,[],3307,0,0,[]
1,1,"[[1105,3308]]",0,0,[],1,0,[],0,0,0,0,0,[],3308,0,0,[]
2,2,"[[3309,3605],[3309,7568]]",0,0,[],2,0,[],0,0,0,0,0,[],3309,0,0,[]
2,2,"[[1034,3310],[2227,3310]]",0,0,[],2,0,[],0,0,0,0,0,[],3310,0,0,[]
1,1,"[[3311,4464]]",0,0,[],1,0,[],0,0,0,0,0,[],3311,0,0,[]
2,2,"[[3312,3387],[3312,6313]]",0,0,[],2,0,[],0,0,0,0,0,[],3312,0,0,[]
2,2,"[[1328,3313],[3313,4168]]",0,0,[],2,0,[],0,0,0,0,0,[],3313,0,0,[]
1,1,"[[3314,6865]]",0,0,[],1,0,[],0,0,0,0,0,[],3314,0,0,[]
1,1,"[[3315,4406]]",0,0,[],1,0,[],0,0,0,0,0,[],3315,0,0,[]
2,2,"[[2219,3317],[3317,6594]]",0,0,[],2,0,[],0,0,0,0,0,[],3317,0,0,[]
1,1,"[[3319,9022]]",0,0,[],1,0,[],0,0,0,0,0,[],3319,0,0,[]
2,2,"[[3320,3861],[3320,7852]]",0,0,[],2,0,[],0,0,0,0,0,[],3320,0,0,[]
2,2,"[[2941,3321],[3321,3730]]",0,0,[],2,0,[],0,0,0,0,0,[],3321,0,0,[]
2,2,"[[3322,4278],[3322,6262]]",0,0,[],2,0,[],0,0,0,0,0,[],3322,0,0,[]
1,1,"[[2385,3324]]",0,0,[],1,0,[],0,0,0,0,0,[],3324,0,0,[]
2,2,"[[3325,12363],[3325,12655]]",0,0,[],2,0,[],0,0,0,0,0,[],3325,0,0,[]
2,2,"[[370,3326],[1312,3326]]",0,0,[],2,0,[],0,0,0,0,0,[],3326,0,0,[]
2,2,"[[3328,3807],[3328,4732]]",0,0,[],2,0,[],0,0,0,0,0,[],3328,0,0,[]
1,1,"[[157,3329]]",0,0,[],1,0,[],0,0,0,0,0,[],3329,0,0,[]
2,2,"[[2025,3330],[3330,3432]]",0,0,[],2,0,[],0,0,0,0,0,[],3330,0,0,[]
2,2,"[[3331,10705],[3331,10772]]",0,0,[],2,0,[],0,0,0,0,0,[],3331,0,0,[]
2,2,"[[715,3332],[3332,5067]]",0,0,[],2,0,[],0,0,0,0,0,[],3332,0,0,[]
2,2,"[[3333,6720],[3333,12774]]",0,0,[],2,0,[],0,0,0,0,0,[],3333,0,0,[]
2,2,"[[1760,3335],[3335,5595]]",0,0,[],2,0,[],0,0,0,0,0,[],3335,0,0,[]
1,1,"[[2256,3336]]",0,0,[],1,0,[],0,0,0,0,0,[],3336,0,0,[]
2,2,"[[2886,3337],[3337,3963]]",0,0,[],2,0,[],0,0,0,0,0,[],3337,0,0,[]
1,1,"[[3338,4773]]",0,0,[],1,0,[],0,0,0,0,0,[],3338,0,0,[]
1,1,"[[3339,4129]]",0,0,[],1,0,[],0,0,0,0,0,[],3339,0,0,[]
2,2,"[[4,3340],[3340,4339]]",0,0,[],2,0,[],0,0,0,0,0,[],3340,0,0,[]
1,1,"[[3341,4117]]",0,0,[],1,0,[],0,0,0,0,0,[],3341,0,0,[]
2,2,"[[580,3342],[2910,3342]]",0,0,[],2,0,[],0,0,0,0,0,[],3342,0,0,[]
2,2,"[[2354,3343],[3343,4724]]",0,0,[],2,0,[],0,0,0,0,0,[],3343,0,0,[]
1,1,"[[3344,6951]]",0,0,[],1,0,[],0,0,0,0,0,[],3344,0,0,[]
1,1,"[[3345,4414]]",0,0,[],1,0,[],0,0,0,0,0,[],3345,0,0,[]
1,1,"[[3346,6508]]",0,0,[],1,0,[],0,0,0,0,0,[],3346,0,0,[]
1,1,"[[1406,3347]]",0,0,[],1,0,[],0,0,0,0,0,[],3347,0,0,[]
1,1,"[[3349,6724]]",0,0,[],1,0,[],0,0,0,0,0,[],3349,0,0,[]
2,2,"[[3351,5323],[3351,5910]]",0,0,[],2,0,[],0,0,0,0,0,[],3351,0,0,[]
2,2,"[[3352,4270],[3352,12222]]",0,0,[],2,0,[],0,0,0,0,0,[],3352,0,0,[]
1,1,"[[3353,5635]]",0,0,[],1,0,[],0,0,0,0,0,[],3353,0,0,[]
2,2,"[[3356,7395],[3356,8098]]",0,0,[],2,0,[],0,0,0,0,0,[],3356,0,0,[]
2,2,"[[3357,3363],[3357,4854]]",0,0,[],2,0,[],0,0,0,0,0,[],3357,0,0,[]
2,2,"[[2771,3358],[3358,4082]]",0,0,[],2,0,[],0,0,0,0,0,[],3358,0,0,[]
1,1,"[[1786,3359]]",0,0,[],1,0,[],0,0,0,0,0,[],3359,0,0,[]
2,2,"[[3360,8524],[3360,13066]]",0,0,[],2,0,[],0,0,0,0,0,[],3360,0,0,[]
1,1,"[[1673,3362]]",0,0,[],1,0,[],0,0,0,0,0,[],3362,0,0,[]
2,2,"[[306,3364],[2352,3364]]",0,0,[],2,0,[],0,0,0,0,0,[],3364,0,0,[]
2,2,"[[3108,3365],[3156,3365]]",0,0,[],2,0,[],0,0,0,0,0,[],3365,0,0,[]
2,2,"[[2238,3366],[3366,4805]]",0,0,[],2,0,[],0,0,0,0,0,[],3366,0,0,[]
1,1,"[[3367,4784]]",0,0,[],1,0,[],0,0,0,0,0,[],3367,0,0,[]
2,2,"[[2567,3368],[3368,10644]]",0,0,[],2,0,[],0,0,0,0,0,[],3368,0,0,[]
1,1,"[[3369,3805]]",0,0,[],1,0,[],0,0,0,0,0,[],3369,0,0,[]
1,1,"[[3372,5293]]",0,0,[],1,0,[],0,0,0,0,0,[],3372,0,0,[]
1,1,"[[3373,5695]]",0,0,[],1,0,[],0,0,0,0,0,[],3373,0,0,[]
1,1,"[[3374,6032]]",0,0,[],1,0,[],0,0,0,0,0,[],3374,0,0,[]
1,1,"[[3108,3376]]",0,0,[],1,0,[],0,0,0,0,0,[],3376,0,0,[]
1,1,"[[2224,3377]]",0,0,[],1,0,[],0,0,0,0,0,[],3377,0,0,[]
1,1,"[[1836,3378]]",0,0,[],1,0,[],0,0,0,0,0,[],3378,0,0,[]
1,1,"[[2848,3379]]",0,0,[],1,0,[],0,0,0,0,0,[],3379,0,0,[]
1,1,"[[3380,4433]]",0,0,[],1,0,[],0,0,0,0,0,[],3380,0,0,[]
1,1,"[[1111,3381]]",0,0,[],1,0,[],0,0,0,0,0,[],3381,0,0,[]
1,1,"[[3382,3783]]",0,0,[],1,0,[],0,0,0,0,0,[],3382,0,0,[]
2,2,"[[3383,4554],[3383,5097]]",0,0,[],2,0,[],0,0,0,0,0,[],3383,0,0,[]
1,1,"[[3384,6003]]",0,0,[],1,0,[],0,0,0,0,0,[],3384,0,0,[]
2,2,"[[122,3385],[686,3385]]",0,0,[],2,0,[],0,0,0,0,0,[],3385,0,0,[]
2,2,"[[3386,3606],[3386,5650]]",0,0,[],2,0,[],0,0,0,0,0,[],3386,0,0,[]
1,1,"[[2438,3387]]",0,0,[],1,0,[],0,0,0,0,0,[],3387,0,0,[]
2,2,"[[1111,3388],[3388,5656]]",0,0,[],2,0,[],0,0,0,0,0,[],3388,0,0,[]
1,1,"[[2879,3389]]",0,0,[],1,0,[],0,0,0,0,0,[],3389,0,0,[]
1,1,"[[3390,4979]]",0,0,[],1,0,[],0,0,0,0,0,[],3390,0,0,[]
1,1,"[[88,3391]]",0,0,[],1,0,[],0,0,0,0,0,[],3391,0,0,[]
2,2,"[[1128,3392],[3392,5441]]",0,0,[],2,0,[],0,0,0,0,0,[],3392,0,0,[]
1,1,"[[3393,7307]]",0,0,[],1,0,[],0,0,0,0,0,[],3393,0,0,[]
2,2,"[[3246,3395],[3395,11331]]",0,0,[],2,0,[],0,0,0,0,0,[],3395,0,0,[]
1,1,"[[3396,4980]]",0,0,[],1,0,[],0,0,0,0,0,[],3396,0,0,[]
2,2,"[[3397,3896],[3397,8012]]",0,0,[],2,0,[],0,0,0,0,0,[],3397,0,0,[]
2,2,"[[2910,3398],[3257,3398]]",0,0,[],2,0,[],0,0,0,0,0,[],3398,0,0,[]
1,1,"[[3376,3399]]",0,0,[],1,0,[],0,0,0,0,0,[],3399,0,0,[]
2,2,"[[3400,3818],[3400,6400]]",0,0,[],2,0,[],0,0,0,0,0,[],3400,0,0,[]
1,1,"[[791,3401]]",0,0,[],1,0,[],0,0,0,0,0,[],3401,0,0,[]
2,2,"[[3295,3403],[3403,3521]]",0,0,[],2,0,[],0,0,0,0,0,[],3403,0,0,[]
1,1,"[[3404,12983]]",0,0,[],1,0,[],0,0,0,0,0,[],3404,0,0,[]
2,2,"[[204,3405],[3405,7153]]",0,0,[],2,0,[],0,0,0,0,0,[],3405,0,0,[]
1,1,"[[1441,3407]]",0,0,[],1,0,[],0,0,0,0,0,[],3407,0,0,[]
2,2,"[[2454,3408],[3408,9891]]",0,0,[],2,0,[],0,0,0,0,0,[],3408,0,0,[]
2,2,"[[3409,4527],[3409,5750]]",0,0,[],2,0,[],0,0,0,0,0,[],3409,0,0,[]
1,1,"[[2985,3410]]",0,0,[],1,0,[],0,0,0,0,0,[],3410,0,0,[]
1,1,"[[867,3411]]",0,0,[],1,0,[],0,0,0,0,0,[],3411,0,0,[]
2,2,"[[3413,4182],[3413,4583]]",0,0,[],2,0,[],0,0,0,0,0,[],3413,0,0,[]
2,2,"[[657,3414],[3414,4099]]",0,0,[],2,0,[],0,0,0,0,0,[],3414,0,0,[]
2,2,"[[782,3417],[3022,3417]]",0,0,[],2,0,[],0,0,0,0,0,[],3417,0,0,[]
1,1,"[[3418,4779]]",0,0,[],1,0,[],0,0,0,0,0,[],3418,0,0,[]
2,2,"[[3420,4569],[3420,5500]]",0,0,[],2,0,[],0,0,0,0,0,[],3420,0,0,[]
2,2,"[[1567,3422],[1807,3422]]",0,0,[],2,0,[],0,0,0,0,0,[],3422,0,0,[]
2,2,"[[3423,3487],[3423,9229]]",0,0,[],2,0,[],0,0,0,0,0,[],3423,0,0,[]
2,2,"[[955,3424],[3424,8373]]",0,0,[],2,0,[],0,0,0,0,0,[],3424,0,0,[]
1,1,"[[3425,11237]]",0,0,[],1,0,[],0,0,0,0,0,[],3425,0,0,[]
1,1,"[[3427,10520]]",0,0,[],1,0,[],0,0,0,0,0,[],3427,0,0,[]
1,1,"[[3428,4364]]",0,0,[],1,0,[],0,0,0,0,0,[],3428,0,0,[]
2,2,"[[454,3429],[2935,3429]]",0,0,[],2,0,[],0,0,0,0,0,[],3429,0,0,[]
2,2,"[[3431,3845],[3431,11074]]",0,0,[],2,0,[],0,0,0,0,0,[],3431,0,0,[]
1,1,"[[3432,9054]]",0,0,[],1,0,[],0,0,0,0,0,[],3432,0,0,[]
2,2,"[[3434,10439],[3434,11881]]",0,0,[],2,0,[],0,0,0,0,0,[],3434,0,0,[]
2,2,"[[2783,3435],[3435,8762]]",0,0,[],2,0,[],0,0,0,0,0,[],3435,0,0,[]
2,2,"[[3015,3436],[3436,5825]]",0,0,[],2,0,[],0,0,0,0,0,[],3436,0,0,[]
1,1,"[[3437,5799]]",0,0,[],1,0,[],0,0,0,0,0,[],3437,0,0,[]
1,1,"[[2153,3438]]",0,0,[],1,0,[],0,0,0,0,0,[],3438,0,0,[]
2,2,"[[3439,5133],[3439,5167]]",0,0,[],2,0,[],0,0,0,0,0,[],3439,0,0,[]
1,1,"[[3440,5585]]",0,0,[],1,0,[],0,0,0,0,0,[],3440,0,0,[]
2,2,"[[3441,6320],[3441,9724]]",0,0,[],2,0,[],0,0,0,0,0,[],3441,0,0,[]
2,2,"[[536,3443],[3443,6682]]",0,0,[],2,0,[],0,0,0,0,0,[],3443,0,0,[]
2,2,"[[3444,5696],[3444,6772]]",0,0,[],2,0,[],0,0,0,0,0,[],3444,0,0,[]
1,1,"[[3445,4899]]",0,0,[],1,0,[],0,0,0,0,0,[],3445,0,0,[]
1,1,"[[2491,3446]]",0,0,[],1,0,[],0,0,0,0,0,[],3446,0,0,[]
1,1,"[[3447,6381]]",0,0,[],1,0,[],0,0,0,0,0,[],3447,0,0,[]
1,1,"[[251,3448]]",0,0,[],1,0,[],0,0,0,0,0,[],3448,0,0,[]
2,2,"[[2412,3450],[3450,8505]]",0,0,[],2,0,[],0,0,0,0,0,[],3450,0,0,[]
2,2,"[[3090,3451],[3451,5571]]",0,0,[],2,0,[],0,0,0,0,0,[],3451,0,0,[]
2,2,"[[96,3452],[3452,3918]]",0,0,[],2,0,[],0,0,0,0,0,[],3452,0,0,[]
2,2,"[[3453,4085],[3453,9222]]",0,0,[],2,0,[],0,0,0,0,0,[],3453,0,0,[]
2,2,"[[2277,3454],[3454,3455]]",0,0,[],2,0,[],0,0,0,0,0,[],3454,0,0,[]
2,2,"[[3042,3456],[3456,3615]]",0,0,[],2,0,[],0,0,0,0,0,[],3456,0,0,[]
2,2,"[[1502,3457],[3269,3457]]",0,0,[],2,0,[],0,0,0,0,0,[],3457,0,0,[]
2,2,"[[60,3458],[3458,4257]]",0,0,[],2,0,[],0,0,0,0,0,[],3458,0,0,[]
2,2,"[[971,3459],[1418,3459]]",0,0,[],2,0,[],0,0,0,0,0,[],3459,0,0,[]
1,1,"[[2014,3460]]",0,0,[],1,0,[],0,0,0,0,0,[],3460,0,0,[]
2,2,"[[3461,3795],[3461,5835]]",0,0,[],2,0,[],0,0,0,0,0,[],3461,0,0,[]
2,2,"[[3462,4804],[3462,5227]]",0,0,[],2,0,[],0,0,0,0,0,[],3462,0,0,[]
2,2,"[[2348,3463],[3463,9987]]",0,0,[],2,0,[],0,0,0,0,0,[],3463,0,0,[]
1,1,"[[3464,4557]]",0,0,[],1,0,[],0,0,0,0,0,[],3464,0,0,[]
2,2,"[[1308,3465],[3305,3465]]",0,0,[],2,0,[],0,0,0,0,0,[],3465,0,0,[]
1,1,"[[3466,10439]]",0,0,[],1,0,[],0,0,0,0,0,[],3466,0,0,[]
2,2,"[[2395,3467],[3467,10052]]",0,0,[],2,0,[],0,0,0,0,0,[],3467,0,0,[]
1,1,"[[3468,5138]]",0,0,[],1,0,[],0,0,0,0,0,[],3468,0,0,[]
1,1,"[[950,3469]]",0,0,[],1,0,[],0,0,0,0,0,[],3469,0,0,[]
2,2,"[[1532,3470],[3100,3470]]",0,0,[],2,0,[],0,0,0,0,0,[],3470,0,0,[]
2,2,"[[3471,4829],[3471,5843]]",0,0,[],2,0,[],0,0,0,0,0,[],3471,0,0,[]
2,2,"[[3472,6910],[3472,10265]]",0,0,[],2,0,[],0,0,0,0,0,[],3472,0,0,[]
1,1,"[[902,3473]]",0,0,[],1,0,[],0,0,0,0,0,[],3473,0,0,[]
1,1,"[[312,3474]]",0,0,[],1,0,[],0,0,0,0,0,[],3474,0,0,[]
1,1,"[[3475,9149]]",0,0,[],1,0,[],0,0,0,0,0,[],3475,0,0,[]
1,1,"[[3476,7623]]",0,0,[],1,0,[],0,0,0,0,0,[],3476,0,0,[]
2,2,"[[2434,3478],[3478,3568]]",0,0,[],2,0,[],0,0,0,0,0,[],3478,0,0,[]
1,1,"[[3479,4185]]",0,0,[],1,0,[],0,0,0,0,0,[],3479,0,0,[]
2,2,"[[3480,10064],[3480,10201]]",0,0,[],2,0,[],0,0,0,0,0,[],3480,0,0,[]
2,2,"[[3481,9203],[3481,11522]]",0,0,[],2,0,[],0,0,0,0,0,[],3481,0,0,[]
1,1,"[[2891,3482]]",0,0,[],1,0,[],0,0,0,0,0,[],3482,0,0,[]
2,2,"[[408,3483],[3483,10456]]",0,0,[],2,0,[],0,0,0,0,0,[],3483,0,0,[]
2,2,"[[3484,9179],[3484,12342]]",0,0,[],2,0,[],0,0,0,0,0,[],3484,0,0,[]
1,1,"[[3443,3485]]",0,0,[],1,0,[],0,0,0,0,0,[],3485,0,0,[]
1,1,"[[3486,5562]]",0,0,[],1,0,[],0,0,0,0,0,[],3486,0,0,[]
2,2,"[[3487,5346],[3487,8397]]",0,0,[],2,0,[],0,0,0,0,0,[],3487,0,0,[]
1,1,"[[866,3488]]",0,0,[],1,0,[],0,0,0,0,0,[],3488,0,0,[]
2,2,"[[1653,3490],[3490,8239]]",0,0,[],2,0,[],0,0,0,0,0,[],3490,0,0,[]
1,1,"[[1170,3491]]",0,0,[],1,0,[],0,0,0,0,0,[],3491,0,0,[]
1,1,"[[3153,3492]]",0,0,[],1,0,[],0,0,0,0,0,[],3492,0,0,[]
1,1,"[[3494,4744]]",0,0,[],1,0,[],0,0,0,0,0,[],3494,0,0,[]
1,1,"[[2219,3495]]",0,0,[],1,0,[],0,0,0,0,0,[],3495,0,0,[]
1,1,"[[3496,4666]]",0,0,[],1,0,[],0,0,0,0,0,[],3496,0,0,[]
2,2,"[[3497,5210],[3497,6033]]",0,0,[],2,0,[],0,0,0,0,0,[],3497,0,0,[]
2,2,"[[3498,3610],[3498,5583]]",0,0,[],2,0,[],0,0,0,0,0,[],3498,0,0,[]
1,1,"[[3499,7308]]",0,0,[],1,0,[],0,0,0,0,0,[],3499,0,0,[]
2,2,"[[3350,3500],[3366,3500]]",0,0,[],2,0,[],0,0,0,0,0,[],3500,0,0,[]
2,2,"[[1606,3501],[3501,8870]]",0,0,[],2,0,[],0,0,0,0,0,[],3501,0,0,[]
1,1,"[[3502,6870]]",0,0,[],1,0,[],0,0,0,0,0,[],3502,0,0,[]
2,2,"[[1034,3503],[1633,3503]]",0,0,[],2,0,[],0,0,0,0,0,[],3503,0,0,[]
2,2,"[[3504,5075],[3504,5117]]",0,0,[],2,0,[],0,0,0,0,0,[],3504,0,0,[]
2,2,"[[1023,3505],[3505,3836]]",0,0,[],2,0,[],0,0,0,0,0,[],3505,0,0,[]
2,2,"[[1286,3506],[2053,3506]]",0,0,[],2,0,[],0,0,0,0,0,[],3506,0,0,[]
1,1,"[[2701,3507]]",0,0,[],1,0,[],0,0,0,0,0,[],3507,0,0,[]
1,1,"[[3508,3656]]",0,0,[],1,0,[],0,0,0,0,0,[],3508,0,0,[]
2,2,"[[1932,3509],[3509,10510]]",0,0,[],2,0,[],0,0,0,0,0,[],3509,0,0,[]
1,1,"[[3229,3510]]",0,0,[],1,0,[],0,0,0,0,0,[],3510,0,0,[]
2,2,"[[41,3511],[3511,3518]]",0,0,[],2,0,[],0,0,0,0,0,[],3511,0,0,[]
2,2,"[[1822,3512],[2648,3512]]",0,0,[],2,0,[],0,0,0,0,0,[],3512,0,0,[]
2,2,"[[2828,3513],[3009,3513]]",0,0,[],2,0,[],0,0,0,0,0,[],3513,0,0,[]
1,1,"[[1141,3514]]",0,0,[],1,0,[],0,0,0,0,0,[],3514,0,0,[]
1,1,"[[979,3515]]",0,0,[],1,0,[],0,0,0,0,0,[],3515,0,0,[]
2,2,"[[100,3516],[3516,3832]]",0,0,[],2,0,[],0,0,0,0,0,[],3516,0,0,[]
1,1,"[[3517,9055]]",0,0,[],1,0,[],0,0,0,0,0,[],3517,0,0,[]
2,2,"[[3518,4321],[3518,5763]]",0,0,[],2,0,[],0,0,0,0,0,[],3518,0,0,[]
2,2,"[[3519,6369],[3519,9186]]",0,0,[],2,0,[],0,0,0,0,0,[],3519,0,0,[]
1,1,"[[741,3520]]",0,0,[],1,0,[],0,0,0,0,0,[],3520,0,0,[]
1,1,"[[736,3521]]",0,0,[],1,0,[],0,0,0,0,0,[],3521,0,0,[]
2,2,"[[1258,3522],[2619,3522]]",0,0,[],2,0,[],0,0,0,0,0,[],3522,0,0,[]
1,1,"[[3523,5369]]",0,0,[],1,0,[],0,0,0,0,0,[],3523,0,0,[]
1,1,"[[615,3524]]",0,0,[],1,0,[],0,0,0,0,0,[],3524,0,0,[]
2,2,"[[3525,4977],[3525,5592]]",0,0,[],2,0,[],0,0,0,0,0,[],3525,0,0,[]
2,2,"[[3526,3973],[3526,6909]]",0,0,[],2,0,[],0,0,0,0,0,[],3526,0,0,[]
2,2,"[[2900,3530],[3530,4922]]",0,0,[],2,0,[],0,0,0,0,0,[],3530,0,0,[]
1,1,"[[3531,4919]]",0,0,[],1,0,[],0,0,0,0,0,[],3531,0,0,[]
1,1,"[[3533,4832]]",0,0,[],1,0,[],0,0,0,0,0,[],3533,0,0,[]
2,2,"[[3534,3885],[3534,8063]]",0,0,[],2,0,[],0,0,0,0,0,[],3534,0,0,[]
2,2,"[[3536,8402],[3536,9188]]",0,0,[],2,0,[],0,0,0,0,0,[],3536,0,0,[]
2,2,"[[494,3537],[1160,3537]]",0,0,[],2,0,[],0,0,0,0,0,[],3537,0,0,[]
1,1,"[[2806,3538]]",0,0,[],1,0,[],0,0,0,0,0,[],3538,0,0,[]
2,2,"[[3051,3539],[3539,8107]]",0,0,[],2,0,[],0,0,0,0,0,[],3539,0,0,[]
2,2,"[[3228,3540],[3540,8573]]",0,0,[],2,0,[],0,0,0,0,0,[],3540,0,0,[]
2,2,"[[2254,3541],[2500,3541]]",0,0,[],2,0,[],0,0,0,0,0,[],3541,0,0,[]
1,1,"[[3545,5162]]",0,0,[],1,0,[],0,0,0,0,0,[],3545,0,0,[]
1,1,"[[1094,3547]]",0,0,[],1,0,[],0,0,0,0,0,[],3547,0,0,[]
2,2,"[[3484,3548],[3548,9179]]",0,0,[],2,0,[],0,0,0,0,0,[],3548,0,0,[]
2,2,"[[3550,9931],[3550,12250]]",0,0,[],2,0,[],0,0,0,0,0,[],3550,0,0,[]
1,1,"[[2760,3551]]",0,0,[],1,0,[],0,0,0,0,0,[],3551,0,0,[]
2,2,"[[3552,4208],[3552,5798]]",0,0,[],2,0,[],0,0,0,0,0,[],3552,0,0,[]
2,2,"[[1062,3553],[1943,3553]]",0,0,[],2,0,[],0,0,0,0,0,[],3553,0,0,[]
1,1,"[[3554,4230]]",0,0,[],1,0,[],0,0,0,0,0,[],3554,0,0,[]
1,1,"[[108,3555]]",0,0,[],1,0,[],0,0,0,0,0,[],3555,0,0,[]
2,2,"[[1633,3556],[3556,5342]]",0,0,[],2,0,[],0,0,0,0,0,[],3556,0,0,[]
2,2,"[[3557,10621],[3557,12564]]",0,0,[],2,0,[],0,0,0,0,0,[],3557,0,0,[]
1,1,"[[3558,5524]]",0,0,[],1,0,[],0,0,0,0,0,[],3558,0,0,[]
1,1,"[[1630,3559]]",0,0,[],1,0,[],0,0,0,0,0,[],3559,0,0,[]
2,2,"[[3561,9231],[3561,12094]]",0,0,[],2,0,[],0,0,0,0,0,[],3561,0,0,[]
2,2,"[[3562,6915],[3562,8191]]",0,0,[],2,0,[],0,0,0,0,0,[],3562,0,0,[]
1,1,"[[3405,3563]]",0,0,[],1,0,[],0,0,0,0,0,[],3563,0,0,[]
1,1,"[[3032,3565]]",0,0,[],1,0,[],0,0,0,0,0,[],3565,0,0,[]
2,2,"[[3566,5039],[3566,5229]]",0,0,[],2,0,[],0,0,0,0,0,[],3566,0,0,[]
2,2,"[[3567,3769],[3567,6599]]",0,0,[],2,0,[],0,0,0,0,0,[],3567,0,0,[]
2,2,"[[2047,3569],[2160,3569]]",0,0,[],2,0,[],0,0,0,0,0,[],3569,0,0,[]
1,1,"[[1362,3570]]",0,0,[],1,0,[],0,0,0,0,0,[],3570,0,0,[]
2,2,"[[3571,3877],[3571,4483]]",0,0,[],2,0,[],0,0,0,0,0,[],3571,0,0,[]
1,1,"[[1891,3572]]",0,0,[],1,0,[],0,0,0,0,0,[],3572,0,0,[]
2,2,"[[2205,3574],[3574,3621]]",0,0,[],2,0,[],0,0,0,0,0,[],3574,0,0,[]
2,2,"[[1621,3575],[1696,3575]]",0,0,[],2,0,[],0,0,0,0,0,[],3575,0,0,[]
1,1,"[[754,3576]]",0,0,[],1,0,[],0,0,0,0,0,[],3576,0,0,[]
2,2,"[[2900,3579],[3579,5430]]",0,0,[],2,0,[],0,0,0,0,0,[],3579,0,0,[]
2,2,"[[758,3580],[3580,4168]]",0,0,[],2,0,[],0,0,0,0,0,[],3580,0,0,[]
1,1,"[[3581,5441]]",0,0,[],1,0,[],0,0,0,0,0,[],3581,0,0,[]
1,1,"[[2773,3583]]",0,0,[],1,0,[],0,0,0,0,0,[],3583,0,0,[]
1,1,"[[3584,4363]]",0,0,[],1,0,[],0,0,0,0,0,[],3584,0,0,[]
2,2,"[[3586,7527],[3586,10170]]",0,0,[],2,0,[],0,0,0,0,0,[],3586,0,0,[]
2,2,"[[3145,3587],[3587,5813]]",0,0,[],2,0,[],0,0,0,0,0,[],3587,0,0,[]
1,1,"[[3588,9449]]",0,0,[],1,0,[],0,0,0,0,0,[],3588,0,0,[]
2,2,"[[3590,7442],[3590,7472]]",0,0,[],2,0,[],0,0,0,0,0,[],3590,0,0,[]
2,2,"[[1269,3592],[1352,3592]]",0,0,[],2,0,[],0,0,0,0,0,[],3592,0,0,[]
1,1,"[[3594,9380]]",0,0,[],1,0,[],0,0,0,0,0,[],3594,0,0,[]
2,2,"[[613,3595],[3595,7545]]",0,0,[],2,0,[],0,0,0,0,0,[],3595,0,0,[]
2,2,"[[3597,4287],[3597,9628]]",0,0,[],2,0,[],0,0,0,0,0,[],3597,0,0,[]
2,2,"[[28,3598],[3598,4572]]",0,0,[],2,0,[],0,0,0,0,0,[],3598,0,0,[]
1,1,"[[3599,4284]]",0,0,[],1,0,[],0,0,0,0,0,[],3599,0,0,[]
1,1,"[[3601,5762]]",0,0,[],1,0,[],0,0,0,0,0,[],3601,0,0,[]
2,2,"[[2275,3602],[3249,3602]]",0,0,[],2,0,[],0,0,0,0,0,[],3602,0,0,[]
2,2,"[[3132,3603],[3603,10185]]",0,0,[],2,0,[],0,0,0,0,0,[],3603,0,0,[]
1,1,"[[2800,3604]]",0,0,[],1,0,[],0,0,0,0,0,[],3604,0,0,[]
1,1,"[[2721,3606]]",0,0,[],1,0,[],0,0,0,0,0,[],3606,0,0,[]
2,2,"[[1430,3607],[3607,4170]]",0,0,[],2,0,[],0,0,0,0,0,[],3607,0,0,[]
1,1,"[[718,3608]]",0,0,[],1,0,[],0,0,0,0,0,[],3608,0,0,[]
1,1,"[[3238,3609]]",0,0,[],1,0,[],0,0,0,0,0,[],3609,0,0,[]
1,1,"[[3610,5616]]",0,0,[],1,0,[],0,0,0,0,0,[],3610,0,0,[]
1,1,"[[3611,5359]]",0,0,[],1,0,[],0,0,0,0,0,[],3611,0,0,[]
2,2,"[[3613,3677],[3613,5865]]",0,0,[],2,0,[],0,0,0,0,0,[],3613,0,0,[]
1,1,"[[3222,3614]]",0,0,[],1,0,[],0,0,0,0,0,[],3614,0,0,[]
1,1,"[[3492,3615]]",0,0,[],1,0,[],0,0,0,0,0,[],3615,0,0,[]
1,1,"[[3616,5735]]",0,0,[],1,0,[],0,0,0,0,0,[],3616,0,0,[]
2,2,"[[3617,6351],[3617,6874]]",0,0,[],2,0,[],0,0,0,0,0,[],3617,0,0,[]
2,2,"[[887,3618],[1312,3618]]",0,0,[],2,0,[],0,0,0,0,0,[],3618,0,0,[]
2,2,"[[1122,3619],[3176,3619]]",0,0,[],2,0,[],0,0,0,0,0,[],3619,0,0,[]
1,1,"[[3620,11040]]",0,0,[],1,0,[],0,0,0,0,0,[],3620,0,0,[]
1,1,"[[1408,3621]]",0,0,[],1,0,[],0,0,0,0,0,[],3621,0,0,[]
1,1,"[[3622,3934]]",0,0,[],1,0,[],0,0,0,0,0,[],3622,0,0,[]
1,1,"[[2451,3624]]",0,0,[],1,0,[],0,0,0,0,0,[],3624,0,0,[]
2,2,"[[3625,4871],[3625,9039]]",0,0,[],2,0,[],0,0,0,0,0,[],3625,0,0,[]
1,1,"[[3626,5370]]",0,0,[],1,0,[],0,0,0,0,0,[],3626,0,0,[]
1,1,"[[3229,3627]]",0,0,[],1,0,[],0,0,0,0,0,[],3627,0,0,[]
1,1,"[[3628,4773]]",0,0,[],1,0,[],0,0,0,0,0,[],3628,0,0,[]
2,2,"[[3629,5046],[3629,7067]]",0,0,[],2,0,[],0,0,0,0,0,[],3629,0,0,[]
1,1,"[[1157,3630]]",0,0,[],1,0,[],0,0,0,0,0,[],3630,0,0,[]
2,2,"[[3477,3631],[3631,6380]]",0,0,[],2,0,[],0,0,0,0,0,[],3631,0,0,[]
2,2,"[[3633,6996],[3633,8199]]",0,0,[],2,0,[],0,0,0,0,0,[],3633,0,0,[]
1,1,"[[3634,12342]]",0,0,[],1,0,[],0,0,0,0,0,[],3634,0,0,[]
2,2,"[[2742,3635],[3635,9123]]",0,0,[],2,0,[],0,0,0,0,0,[],3635,0,0,[]
2,2,"[[373,3636],[3636,6824]]",0,0,[],2,0,[],0,0,0,0,0,[],3636,0,0,[]
1,1,"[[3637,4287]]",0,0,[],1,0,[],0,0,0,0,0,[],3637,0,0,[]
2,2,"[[2716,3638],[3638,6659]]",0,0,[],2,0,[],0,0,0,0,0,[],3638,0,0,[]
2,2,"[[3529,3639],[3639,10338]]",0,0,[],2,0,[],0,0,0,0,0,[],3639,0,0,[]
2,2,"[[35,3640],[3640,4601]]",0,0,[],2,0,[],0,0,0,0,0,[],3640,0,0,[]
2,2,"[[987,3642],[3642,3974]]",0,0,[],2,0,[],0,0,0,0,0,[],3642,0,0,[]
1,1,"[[3015,3644]]",0,0,[],1,0,[],0,0,0,0,0,[],3644,0,0,[]
1,1,"[[3645,3954]]",0,0,[],1,0,[],0,0,0,0,0,[],3645,0,0,[]
2,2,"[[3646,6320],[3646,9724]]",0,0,[],2,0,[],0,0,0,0,0,[],3646,0,0,[]
2,2,"[[3647,5168],[3647,6466]]",0,0,[],2,0,[],0,0,0,0,0,[],3647,0,0,[]
2,2,"[[3648,5984],[3648,8732]]",0,0,[],2,0,[],0,0,0,0,0,[],3648,0,0,[]
2,2,"[[3649,6168],[3649,7078]]",0,0,[],2,0,[],0,0,0,0,0,[],3649,0,0,[]
1,1,"[[3651,5381]]",0,0,[],1,0,[],0,0,0,0,0,[],3651,0,0,[]
1,1,"[[3652,4033]]",0,0,[],1,0,[],0,0,0,0,0,[],3652,0,0,[]
2,2,"[[3654,6535],[3654,12521]]",0,0,[],2,0,[],0,0,0,0,0,[],3654,0,0,[]
2,2,"[[3655,5080],[3655,7418]]",0,0,[],2,0,[],0,0,0,0,0,[],3655,0,0,[]
1,1,"[[3657,9993]]",0,0,[],1,0,[],0,0,0,0,0,[],3657,0,0,[]
2,2,"[[588,3658],[1703,3658]]",0,0,[],2,0,[],0,0,0,0,0,[],3658,0,0,[]
2,2,"[[3659,4581],[3659,5460]]",0,0,[],2,0,[],0,0,0,0,0,[],3659,0,0,[]
1,1,"[[3660,4213]]",0,0,[],1,0,[],0,0,0,0,0,[],3660,0,0,[]
1,1,"[[941,3661]]",0,0,[],1,0,[],0,0,0,0,0,[],3661,0,0,[]
1,1,"[[329,3664]]",0,0,[],1,0,[],0,0,0,0,0,[],3664,0,0,[]
1,1,"[[1276,3665]]",0,0,[],1,0,[],0,0,0,0,0,[],3665,0,0,[]
1,1,"[[3666,4997]]",0,0,[],1,0,[],0,0,0,0,0,[],3666,0,0,[]
2,2,"[[1746,3667],[3667,7225]]",0,0,[],2,0,[],0,0,0,0,0,[],3667,0,0,[]
2,2,"[[3312,3668],[3668,10475]]",0,0,[],2,0,[],0,0,0,0,0,[],3668,0,0,[]
1,1,"[[3669,9340]]",0,0,[],1,0,[],0,0,0,0,0,[],3669,0,0,[]
2,2,"[[3656,3670],[3670,5616]]",0,0,[],2,0,[],0,0,0,0,0,[],3670,0,0,[]
2,2,"[[1039,3671],[1666,3671]]",0,0,[],2,0,[],0,0,0,0,0,[],3671,0,0,[]
2,2,"[[3672,3997],[3672,13696]]",0,0,[],2,0,[],0,0,0,0,0,[],3672,0,0,[]
1,1,"[[3673,7758]]",0,0,[],1,0,[],0,0,0,0,0,[],3673,0,0,[]
2,2,"[[1424,3674],[2939,3674]]",0,0,[],2,0,[],0,0,0,0,0,[],3674,0,0,[]
1,1,"[[3016,3675]]",0,0,[],1,0,[],0,0,0,0,0,[],3675,0,0,[]
1,1,"[[1792,3676]]",0,0,[],1,0,[],0,0,0,0,0,[],3676,0,0,[]
1,1,"[[2797,3677]]",0,0,[],1,0,[],0,0,0,0,0,[],3677,0,0,[]
2,2,"[[3678,11621],[3678,11856]]",0,0,[],2,0,[],0,0,0,0,0,[],3678,0,0,[]
1,1,"[[3679,7212]]",0,0,[],1,0,[],0,0,0,0,0,[],3679,0,0,[]
2,2,"[[776,3680],[1947,3680]]",0,0,[],2,0,[],0,0,0,0,0,[],3680,0,0,[]
1,1,"[[3681,5208]]",0,0,[],1,0,[],0,0,0,0,0,[],3681,0,0,[]
2,2,"[[2891,3682],[3682,9828]]",0,0,[],2,0,[],0,0,0,0,0,[],3682,0,0,[]
2,2,"[[1121,3683],[3683,4098]]",0,0,[],2,0,[],0,0,0,0,0,[],3683,0,0,[]
1,1,"[[2291,3684]]",0,0,[],1,0,[],0,0,0,0,0,[],3684,0,0,[]
2,2,"[[3159,3685],[3685,4465]]",0,0,[],2,0,[],0,0,0,0,0,[],3685,0,0,[]
2,2,"[[3686,6332],[3686,6340]]",0,0,[],2,0,[],0,0,0,0,0,[],3686,0,0,[]
1,1,"[[3687,7237]]",0,0,[],1,0,[],0,0,0,0,0,[],3687,0,0,[]
2,2,"[[110,3689],[2556,3689]]",0,0,[],2,0,[],0,0,0,0,0,[],3689,0,0,[]
2,2,"[[2961,3690],[3690,6386]]",0,0,[],2,0,[],0,0,0,0,0,[],3690,0,0,[]
2,2,"[[3691,5663],[3691,5903]]",0,0,[],2,0,[],0,0,0,0,0,[],3691,0,0,[]
2,2,"[[124,3692],[3692,3769]]",0,0,[],2,0,[],0,0,0,0,0,[],3692,0,0,[]
2,2,"[[1500,3693],[2058,3693]]",0,0,[],2,0,[],0,0,0,0,0,[],3693,0,0,[]
2,2,"[[3695,4141],[3695,6620]]",0,0,[],2,0,[],0,0,0,0,0,[],3695,0,0,[]
2,2,"[[3696,6110],[3696,7782]]",0,0,[],2,0,[],0,0,0,0,0,[],3696,0,0,[]
2,2,"[[3697,5738],[3697,7540]]",0,0,[],2,0,[],0,0,0,0,0,[],3697,0,0,[]
2,2,"[[1932,3698],[3698,9060]]",0,0,[],2,0,[],0,0,0,0,0,[],3698,0,0,[]
1,1,"[[2097,3700]]",0,0,[],1,0,[],0,0,0,0,0,[],3700,0,0,[]
2,2,"[[3701,3945],[3701,7309]]",0,0,[],2,0,[],0,0,0,0,0,[],3701,0,0,[]
2,2,"[[1622,3702],[2555,3702]]",0,0,[],2,0,[],0,0,0,0,0,[],3702,0,0,[]
2,2,"[[3412,3703],[3703,4315]]",0,0,[],2,0,[],0,0,0,0,0,[],3703,0,0,[]
1,1,"[[3704,4185]]",0,0,[],1,0,[],0,0,0,0,0,[],3704,0,0,[]
2,2,"[[3705,4481],[3705,7152]]",0,0,[],2,0,[],0,0,0,0,0,[],3705,0,0,[]
1,1,"[[2234,3706]]",0,0,[],1,0,[],0,0,0,0,0,[],3706,0,0,[]
2,2,"[[1761,3707],[2080,3707]]",0,0,[],2,0,[],0,0,0,0,0,[],3707,0,0,[]
2,2,"[[3708,10252],[3708,12629]]",0,0,[],2,0,[],0,0,0,0,0,[],3708,0,0,[]
1,1,"[[1897,3709]]",0,0,[],1,0,[],0,0,0,0,0,[],3709,0,0,[]
2,2,"[[3145,3710],[3350,3710]]",0,0,[],2,0,[],0,0,0,0,0,[],3710,0,0,[]
1,1,"[[3711,7646]]",0,0,[],1,0,[],0,0,0,0,0,[],3711,0,0,[]
2,2,"[[533,3712],[2628,3712]]",0,0,[],2,0,[],0,0,0,0,0,[],3712,0,0,[]
1,1,"[[1215,3713]]",0,0,[],1,0,[],0,0,0,0,0,[],3713,0,0,[]
1,1,"[[3714,7459]]",0,0,[],1,0,[],0,0,0,0,0,[],3714,0,0,[]
1,1,"[[3715,4393]]",0,0,[],1,0,[],0,0,0,0,0,[],3715,0,0,[]
2,2,"[[697,3716],[1687,3716]]",0,0,[],2,0,[],0,0,0,0,0,[],3716,0,0,[]
2,2,"[[3719,4276],[3719,9024]]",0,0,[],2,0,[],0,0,0,0,0,[],3719,0,0,[]
1,1,"[[3720,4763]]",0,0,[],1,0,[],0,0,0,0,0,[],3720,0,0,[]
1,1,"[[2987,3721]]",0,0,[],1,0,[],0,0,0,0,0,[],3721,0,0,[]
2,2,"[[3722,7192],[3722,9398]]",0,0,[],2,0,[],0,0,0,0,0,[],3722,0,0,[]
1,1,"[[3442,3724]]",0,0,[],1,0,[],0,0,0,0,0,[],3724,0,0,[]
2,2,"[[3725,6317],[3725,6782]]",0,0,[],2,0,[],0,0,0,0,0,[],3725,0,0,[]
2,2,"[[3625,3726],[3726,13238]]",0,0,[],2,0,[],0,0,0,0,0,[],3726,0,0,[]
1,1,"[[2678,3727]]",0,0,[],1,0,[],0,0,0,0,0,[],3727,0,0,[]
2,2,"[[3129,3728],[3479,3728]]",0,0,[],2,0,[],0,0,0,0,0,[],3728,0,0,[]
2,2,"[[3729,5132],[3729,6459]]",0,0,[],2,0,[],0,0,0,0,0,[],3729,0,0,[]
2,2,"[[3731,11185],[3731,11765]]",0,0,[],2,0,[],0,0,0,0,0,[],3731,0,0,[]
1,1,"[[1893,3732]]",0,0,[],1,0,[],0,0,0,0,0,[],3732,0,0,[]
2,2,"[[3539,3733],[3733,6741]]",0,0,[],2,0,[],0,0,0,0,0,[],3733,0,0,[]
1,1,"[[1155,3734]]",0,0,[],1,0,[],0,0,0,0,0,[],3734,0,0,[]
1,1,"[[2101,3735]]",0,0,[],1,0,[],0,0,0,0,0,[],3735,0,0,[]
1,1,"[[3736,9036]]",0,0,[],1,0,[],0,0,0,0,0,[],3736,0,0,[]
2,2,"[[3737,4117],[3737,4458]]",0,0,[],2,0,[],0,0,0,0,0,[],3737,0,0,[]
1,1,"[[3738,5849]]",0,0,[],1,0,[],0,0,0,0,0,[],3738,0,0,[]
2,2,"[[3739,6585],[3739,8132]]",0,0,[],2,0,[],0,0,0,0,0,[],3739,0,0,[]
1,1,"[[3295,3741]]",0,0,[],1,0,[],0,0,0,0,0,[],3741,0,0,[]
1,1,"[[2401,3743]]",0,0,[],1,0,[],0,0,0,0,0,[],3743,0,0,[]
1,1,"[[1345,3744]]",0,0,[],1,0,[],0,0,0,0,0,[],3744,0,0,[]
2,2,"[[1214,3746],[3746,4835]]",0,0,[],2,0,[],0,0,0,0,0,[],3746,0,0,[]
2,2,"[[3749,10301],[3749,10452]]",0,0,[],2,0,[],0,0,0,0,0,[],3749,0,0,[]
1,1,"[[3750,4041]]",0,0,[],1,0,[],0,0,0,0,0,[],3750,0,0,[]
2,2,"[[3751,4462],[3751,6714]]",0,0,[],2,0,[],0,0,0,0,0,[],3751,0,0,[]
2,2,"[[1595,3752],[3752,6865]]",0,0,[],2,0,[],0,0,0,0,0,[],3752,0,0,[]
2,2,"[[3753,7782],[3753,13408]]",0,0,[],2,0,[],0,0,0,0,0,[],3753,0,0,[]
2,2,"[[1873,3754],[3492,3754]]",0,0,[],2,0,[],0,0,0,0,0,[],3754,0,0,[]
2,2,"[[2666,3755],[3755,6151]]",0,0,[],2,0,[],0,0,0,0,0,[],3755,0,0,[]
1,1,"[[3756,6652]]",0,0,[],1,0,[],0,0,0,0,0,[],3756,0,0,[]
2,2,"[[3757,8764],[3757,10611]]",0,0,[],2,0,[],0,0,0,0,0,[],3757,0,0,[]
1,1,"[[329,3758]]",0,0,[],1,0,[],0,0,0,0,0,[],3758,0,0,[]
1,1,"[[1906,3759]]",0,0,[],1,0,[],0,0,0,0,0,[],3759,0,0,[]
1,1,"[[3425,3760]]",0,0,[],1,0,[],0,0,0,0,0,[],3760,0,0,[]
2,2,"[[1971,3761],[3221,3761]]",0,0,[],2,0,[],0,0,0,0,0,[],3761,0,0,[]
2,2,"[[3362,3762],[3762,6805]]",0,0,[],2,0,[],0,0,0,0,0,[],3762,0,0,[]
2,2,"[[1736,3764],[3764,7731]]",0,0,[],2,0,[],0,0,0,0,0,[],3764,0,0,[]
1,1,"[[381,3765]]",0,0,[],1,0,[],0,0,0,0,0,[],3765,0,0,[]
2,2,"[[2961,3766],[3766,5013]]",0,0,[],2,0,[],0,0,0,0,0,[],3766,0,0,[]
2,2,"[[3767,7203],[3767,11523]]",0,0,[],2,0,[],0,0,0,0,0,[],3767,0,0,[]
2,2,"[[2887,3769],[3769,3983]]",0,0,[],2,0,[],0,0,0,0,0,[],3769,0,0,[]
1,1,"[[3771,3911]]",0,0,[],1,0,[],0,0,0,0,0,[],3771,0,0,[]
1,1,"[[350,3773]]",0,0,[],1,0,[],0,0,0,0,0,[],3773,0,0,[]
1,1,"[[246,3774]]",0,0,[],1,0,[],0,0,0,0,0,[],3774,0,0,[]
2,2,"[[3775,9003],[3775,9500]]",0,0,[],2,0,[],0,0,0,0,0,[],3775,0,0,[]
1,1,"[[1289,3778]]",0,0,[],1,0,[],0,0,0,0,0,[],3778,0,0,[]
2,2,"[[3207,3779],[3779,5154]]",0,0,[],2,0,[],0,0,0,0,0,[],3779,0,0,[]
1,1,"[[3780,9739]]",0,0,[],1,0,[],0,0,0,0,0,[],3780,0,0,[]
1,1,"[[3781,5936]]",0,0,[],1,0,[],0,0,0,0,0,[],3781,0,0,[]
2,2,"[[245,3782],[435,3782]]",0,0,[],2,0,[],0,0,0,0,0,[],3782,0,0,[]
2,2,"[[3667,3783],[3783,6055]]",0,0,[],2,0,[],0,0,0,0,0,[],3783,0,0,[]
1,1,"[[3784,5657]]",0,0,[],1,0,[],0,0,0,0,0,[],3784,0,0,[]
2,2,"[[3786,4482],[3786,5081]]",0,0,[],2,0,[],0,0,0,0,0,[],3786,0,0,[]
2,2,"[[987,3787],[3787,4382]]",0,0,[],2,0,[],0,0,0,0,0,[],3787,0,0,[]
1,1,"[[3790,8286]]",0,0,[],1,0,[],0,0,0,0,0,[],3790,0,0,[]
2,2,"[[2902,3792],[3784,3792]]",0,0,[],2,0,[],0,0,0,0,0,[],3792,0,0,[]
1,1,"[[3793,4685]]",0,0,[],1,0,[],0,0,0,0,0,[],3793,0,0,[]
1,1,"[[3794,7161]]",0,0,[],1,0,[],0,0,0,0,0,[],3794,0,0,[]
2,2,"[[2347,3795],[2957,3795]]",0,0,[],2,0,[],0,0,0,0,0,[],3795,0,0,[]
1,1,"[[3796,8798]]",0,0,[],1,0,[],0,0,0,0,0,[],3796,0,0,[]
2,2,"[[1829,3798],[3798,4067]]",0,0,[],2,0,[],0,0,0,0,0,[],3798,0,0,[]
1,1,"[[1803,3799]]",0,0,[],1,0,[],0,0,0,0,0,[],3799,0,0,[]
1,1,"[[3790,3800]]",0,0,[],1,0,[],0,0,0,0,0,[],3800,0,0,[]
2,2,"[[2150,3801],[2268,3801]]",0,0,[],2,0,[],0,0,0,0,0,[],3801,0,0,[]
1,1,"[[3802,5839]]",0,0,[],1,0,[],0,0,0,0,0,[],3802,0,0,[]
2,2,"[[3803,7661],[3803,10423]]",0,0,[],2,0,[],0,0,0,0,0,[],3803,0,0,[]
2,2,"[[3804,7205],[3804,9594]]",0,0,[],2,0,[],0,0,0,0,0,[],3804,0,0,[]
2,2,"[[3805,10879],[3805,11095]]",0,0,[],2,0,[],0,0,0,0,0,[],3805,0,0,[]
2,2,"[[3806,7794],[3806,10368]]",0,0,[],2,0,[],0,0,0,0,0,[],3806,0,0,[]
2,2,"[[3198,3807],[3807,6798]]",0,0,[],2,0,[],0,0,0,0,0,[],3807,0,0,[]
1,1,"[[1595,3808]]",0,0,[],1,0,[],0,0,0,0,0,[],3808,0,0,[]
1,1,"[[3809,4838]]",0,0,[],1,0,[],0,0,0,0,0,[],3809,0,0,[]
1,1,"[[3810,6281]]",0,0,[],1,0,[],0,0,0,0,0,[],3810,0,0,[]
1,1,"[[3065,3811]]",0,0,[],1,0,[],0,0,0,0,0,[],3811,0,0,[]
2,2,"[[3812,3967],[3812,5502]]",0,0,[],2,0,[],0,0,0,0,0,[],3812,0,0,[]
2,2,"[[3813,4877],[3813,9778]]",0,0,[],2,0,[],0,0,0,0,0,[],3813,0,0,[]
1,1,"[[3814,7840]]",0,0,[],1,0,[],0,0,0,0,0,[],3814,0,0,[]
1,1,"[[3815,12989]]",0,0,[],1,0,[],0,0,0,0,0,[],3815,0,0,[]
1,1,"[[1390,3816]]",0,0,[],1,0,[],0,0,0,0,0,[],3816,0,0,[]
2,2,"[[3817,4016],[3817,5197]]",0,0,[],2,0,[],0,0,0,0,0,[],3817,0,0,[]
2,2,"[[2115,3818],[3818,6400]]",0,0,[],2,0,[],0,0,0,0,0,[],3818,0,0,[]
2,2,"[[3272,3820],[3820,4185]]",0,0,[],2,0,[],0,0,0,0,0,[],3820,0,0,[]
1,1,"[[3822,11334]]",0,0,[],1,0,[],0,0,0,0,0,[],3822,0,0,[]
2,2,"[[3823,5134],[3823,11223]]",0,0,[],2,0,[],0,0,0,0,0,[],3823,0,0,[]
2,2,"[[729,3824],[3824,8509]]",0,0,[],2,0,[],0,0,0,0,0,[],3824,0,0,[]
1,1,"[[3825,8796]]",0,0,[],1,0,[],0,0,0,0,0,[],3825,0,0,[]
1,1,"[[3826,5142]]",0,0,[],1,0,[],0,0,0,0,0,[],3826,0,0,[]
2,2,"[[2864,3827],[3263,3827]]",0,0,[],2,0,[],0,0,0,0,0,[],3827,0,0,[]
1,1,"[[866,3830]]",0,0,[],1,0,[],0,0,0,0,0,[],3830,0,0,[]
1,1,"[[2286,3831]]",0,0,[],1,0,[],0,0,0,0,0,[],3831,0,0,[]
2,2,"[[2281,3832],[3666,3832]]",0,0,[],2,0,[],0,0,0,0,0,[],3832,0,0,[]
1,1,"[[3833,4313]]",0,0,[],1,0,[],0,0,0,0,0,[],3833,0,0,[]
2,2,"[[2797,3834],[3834,6289]]",0,0,[],2,0,[],0,0,0,0,0,[],3834,0,0,[]
1,1,"[[170,3835]]",0,0,[],1,0,[],0,0,0,0,0,[],3835,0,0,[]
2,2,"[[1007,3836],[1558,3836]]",0,0,[],2,0,[],0,0,0,0,0,[],3836,0,0,[]
2,2,"[[3360,3837],[3837,6106]]",0,0,[],2,0,[],0,0,0,0,0,[],3837,0,0,[]
2,2,"[[3838,8535],[3838,11889]]",0,0,[],2,0,[],0,0,0,0,0,[],3838,0,0,[]
1,1,"[[2052,3840]]",0,0,[],1,0,[],0,0,0,0,0,[],3840,0,0,[]
1,1,"[[3841,4229]]",0,0,[],1,0,[],0,0,0,0,0,[],3841,0,0,[]
2,2,"[[3842,7675],[3842,12251]]",0,0,[],2,0,[],0,0,0,0,0,[],3842,0,0,[]
2,2,"[[3843,5166],[3843,5879]]",0,0,[],2,0,[],0,0,0,0,0,[],3843,0,0,[]
1,1,"[[3844,6587]]",0,0,[],1,0,[],0,0,0,0,0,[],3844,0,0,[]
2,2,"[[2741,3845],[3845,12724]]",0,0,[],2,0,[],0,0,0,0,0,[],3845,0,0,[]
2,2,"[[2357,3846],[3109,3846]]",0,0,[],2,0,[],0,0,0,0,0,[],3846,0,0,[]
2,2,"[[2304,3847],[3376,3847]]",0,0,[],2,0,[],0,0,0,0,0,[],3847,0,0,[]
1,1,"[[1967,3848]]",0,0,[],1,0,[],0,0,0,0,0,[],3848,0,0,[]
2,2,"[[2222,3851],[3851,3882]]",0,0,[],2,0,[],0,0,0,0,0,[],3851,0,0,[]
2,2,"[[3852,9959],[3852,10033]]",0,0,[],2,0,[],0,0,0,0,0,[],3852,0,0,[]
1,1,"[[3853,8924]]",0,0,[],1,0,[],0,0,0,0,0,[],3853,0,0,[]
2,2,"[[3854,7637],[3854,8424]]",0,0,[],2,0,[],0,0,0,0,0,[],3854,0,0,[]
2,2,"[[3856,8873],[3856,13097]]",0,0,[],2,0,[],0,0,0,0,0,[],3856,0,0,[]
2,2,"[[3857,11016],[3857,12725]]",0,0,[],2,0,[],0,0,0,0,0,[],3857,0,0,[]
1,1,"[[2263,3858]]",0,0,[],1,0,[],0,0,0,0,0,[],3858,0,0,[]
1,1,"[[3859,9690]]",0,0,[],1,0,[],0,0,0,0,0,[],3859,0,0,[]
2,2,"[[263,3860],[1724,3860]]",0,0,[],2,0,[],0,0,0,0,0,[],3860,0,0,[]
1,1,"[[3861,7852]]",0,0,[],1,0,[],0,0,0,0,0,[],3861,0,0,[]
2,2,"[[3862,11452],[3862,13432]]",0,0,[],2,0,[],0,0,0,0,0,[],3862,0,0,[]
2,2,"[[1015,3863],[3863,4544]]",0,0,[],2,0,[],0,0,0,0,0,[],3863,0,0,[]
2,2,"[[3865,8219],[3865,9932]]",0,0,[],2,0,[],0,0,0,0,0,[],3865,0,0,[]
1,1,"[[3867,11037]]",0,0,[],1,0,[],0,0,0,0,0,[],3867,0,0,[]
1,1,"[[3869,4869]]",0,0,[],1,0,[],0,0,0,0,0,[],3869,0,0,[]
1,1,"[[3871,8055]]",0,0,[],1,0,[],0,0,0,0,0,[],3871,0,0,[]
2,2,"[[3873,5506],[3873,5676]]",0,0,[],2,0,[],0,0,0,0,0,[],3873,0,0,[]
1,1,"[[3874,6402]]",0,0,[],1,0,[],0,0,0,0,0,[],3874,0,0,[]
2,2,"[[3821,3875],[3875,12405]]",0,0,[],2,0,[],0,0,0,0,0,[],3875,0,0,[]
1,1,"[[2308,3876]]",0,0,[],1,0,[],0,0,0,0,0,[],3876,0,0,[]
1,1,"[[3877,5892]]",0,0,[],1,0,[],0,0,0,0,0,[],3877,0,0,[]
2,2,"[[788,3878],[3878,4182]]",0,0,[],2,0,[],0,0,0,0,0,[],3878,0,0,[]
1,1,"[[3879,4194]]",0,0,[],1,0,[],0,0,0,0,0,[],3879,0,0,[]
2,2,"[[854,3880],[3557,3880]]",0,0,[],2,0,[],0,0,0,0,0,[],3880,0,0,[]
1,1,"[[3037,3881]]",0,0,[],1,0,[],0,0,0,0,0,[],3881,0,0,[]
1,1,"[[3882,5006]]",0,0,[],1,0,[],0,0,0,0,0,[],3882,0,0,[]
1,1,"[[3883,5992]]",0,0,[],1,0,[],0,0,0,0,0,[],3883,0,0,[]
2,2,"[[3884,5201],[3884,5568]]",0,0,[],2,0,[],0,0,0,0,0,[],3884,0,0,[]
1,1,"[[3885,4689]]",0,0,[],1,0,[],0,0,0,0,0,[],3885,0,0,[]
2,2,"[[3722,3886],[3725,3886]]",0,0,[],2,0,[],0,0,0,0,0,[],3886,0,0,[]
1,1,"[[3168,3887]]",0,0,[],1,0,[],0,0,0,0,0,[],3887,0,0,[]
1,1,"[[3888,8942]]",0,0,[],1,0,[],0,0,0,0,0,[],3888,0,0,[]
1,1,"[[3889,5271]]",0,0,[],1,0,[],0,0,0,0,0,[],3889,0,0,[]
2,2,"[[2378,3890],[3890,4410]]",0,0,[],2,0,[],0,0,0,0,0,[],3890,0,0,[]
2,2,"[[3159,3891],[3891,10572]]",0,0,[],2,0,[],0,0,0,0,0,[],3891,0,0,[]
2,2,"[[2007,3892],[3892,11227]]",0,0,[],2,0,[],0,0,0,0,0,[],3892,0,0,[]
2,2,"[[3893,4189],[3893,13202]]",0,0,[],2,0,[],0,0,0,0,0,[],3893,0,0,[]
1,1,"[[3895,5661]]",0,0,[],1,0,[],0,0,0,0,0,[],3895,0,0,[]
1,1,"[[2908,3896]]",0,0,[],1,0,[],0,0,0,0,0,[],3896,0,0,[]
1,1,"[[2005,3897]]",0,0,[],1,0,[],0,0,0,0,0,[],3897,0,0,[]
2,2,"[[884,3898],[3898,4114]]",0,0,[],2,0,[],0,0,0,0,0,[],3898,0,0,[]
2,2,"[[3899,6308],[3899,10367]]",0,0,[],2,0,[],0,0,0,0,0,[],3899,0,0,[]
1,1,"[[3900,7338]]",0,0,[],1,0,[],0,0,0,0,0,[],3900,0,0,[]
1,1,"[[3901,4687]]",0,0,[],1,0,[],0,0,0,0,0,[],3901,0,0,[]
1,1,"[[414,3902]]",0,0,[],1,0,[],0,0,0,0,0,[],3902,0,0,[]
2,2,"[[493,3903],[3903,6385]]",0,0,[],2,0,[],0,0,0,0,0,[],3903,0,0,[]
1,1,"[[3604,3904]]",0,0,[],1,0,[],0,0,0,0,0,[],3904,0,0,[]
1,1,"[[2114,3905]]",0,0,[],1,0,[],0,0,0,0,0,[],3905,0,0,[]
1,1,"[[3906,6721]]",0,0,[],1,0,[],0,0,0,0,0,[],3906,0,0,[]
2,2,"[[2636,3907],[3907,9050]]",0,0,[],2,0,[],0,0,0,0,0,[],3907,0,0,[]
1,1,"[[62,3908]]",0,0,[],1,0,[],0,0,0,0,0,[],3908,0,0,[]
1,1,"[[3380,3909]]",0,0,[],1,0,[],0,0,0,0,0,[],3909,0,0,[]
2,2,"[[3910,6283],[3910,8735]]",0,0,[],2,0,[],0,0,0,0,0,[],3910,0,0,[]
2,2,"[[2470,3912],[2639,3912]]",0,0,[],2,0,[],0,0,0,0,0,[],3912,0,0,[]
1,1,"[[3913,4264]]",0,0,[],1,0,[],0,0,0,0,0,[],3913,0,0,[]
1,1,"[[3914,4146]]",0,0,[],1,0,[],0,0,0,0,0,[],3914,0,0,[]
2,2,"[[3915,4137],[3915,5345]]",0,0,[],2,0,[],0,0,0,0,0,[],3915,0,0,[]
2,2,"[[3916,6350],[3916,11255]]",0,0,[],2,0,[],0,0,0,0,0,[],3916,0,0,[]
2,2,"[[3917,5823],[3917,7153]]",0,0,[],2,0,[],0,0,0,0,0,[],3917,0,0,[]
2,2,"[[2616,3918],[3918,8992]]",0,0,[],2,0,[],0,0,0,0,0,[],3918,0,0,[]
1,1,"[[25,3919]]",0,0,[],1,0,[],0,0,0,0,0,[],3919,0,0,[]
2,2,"[[683,3920],[3732,3920]]",0,0,[],2,0,[],0,0,0,0,0,[],3920,0,0,[]
1,1,"[[3921,8486]]",0,0,[],1,0,[],0,0,0,0,0,[],3921,0,0,[]
2,2,"[[2280,3922],[2742,3922]]",0,0,[],2,0,[],0,0,0,0,0,[],3922,0,0,[]
2,2,"[[2885,3924],[3924,7019]]",0,0,[],2,0,[],0,0,0,0,0,[],3924,0,0,[]
2,2,"[[512,3926],[691,3926]]",0,0,[],2,0,[],0,0,0,0,0,[],3926,0,0,[]
1,1,"[[3927,6019]]",0,0,[],1,0,[],0,0,0,0,0,[],3927,0,0,[]
1,1,"[[2087,3928]]",0,0,[],1,0,[],0,0,0,0,0,[],3928,0,0,[]
1,1,"[[2928,3929]]",0,0,[],1,0,[],0,0,0,0,0,[],3929,0,0,[]
1,1,"[[2637,3930]]",0,0,[],1,0,[],0,0,0,0,0,[],3930,0,0,[]
2,2,"[[3931,4863],[3931,10229]]",0,0,[],2,0,[],0,0,0,0,0,[],3931,0,0,[]
1,1,"[[1135,3932]]",0,0,[],1,0,[],0,0,0,0,0,[],3932,0,0,[]
1,1,"[[973,3933]]",0,0,[],1,0,[],0,0,0,0,0,[],3933,0,0,[]
2,2,"[[1618,3934],[3849,3934]]",0,0,[],2,0,[],0,0,0,0,0,[],3934,0,0,[]
2,2,"[[3475,3935],[3935,9149]]",0,0,[],2,0,[],0,0,0,0,0,[],3935,0,0,[]
1,1,"[[3819,3937]]",0,0,[],1,0,[],0,0,0,0,0,[],3937,0,0,[]
1,1,"[[266,3938]]",0,0,[],1,0,[],0,0,0,0,0,[],3938,0,0,[]
2,2,"[[3939,4030],[3939,4873]]",0,0,[],2,0,[],0,0,0,0,0,[],3939,0,0,[]
2,2,"[[3941,9950],[3941,9965]]",0,0,[],2,0,[],0,0,0,0,0,[],3941,0,0,[]
1,1,"[[2400,3942]]",0,0,[],1,0,[],0,0,0,0,0,[],3942,0,0,[]
1,1,"[[3154,3943]]",0,0,[],1,0,[],0,0,0,0,0,[],3943,0,0,[]
1,1,"[[3944,6325]]",0,0,[],1,0,[],0,0,0,0,0,[],3944,0,0,[]
1,1,"[[3945,6126]]",0,0,[],1,0,[],0,0,0,0,0,[],3945,0,0,[]
1,1,"[[3946,4026]]",0,0,[],1,0,[],0,0,0,0,0,[],3946,0,0,[]
2,2,"[[1502,3947],[3269,3947]]",0,0,[],2,0,[],0,0,0,0,0,[],3947,0,0,[]
1,1,"[[3949,12532]]",0,0,[],1,0,[],0,0,0,0,0,[],3949,0,0,[]
2,2,"[[3950,6163],[3950,8637]]",0,0,[],2,0,[],0,0,0,0,0,[],3950,0,0,[]
2,2,"[[3359,3951],[3951,5061]]",0,0,[],2,0,[],0,0,0,0,0,[],3951,0,0,[]
2,2,"[[970,3952],[3888,3952]]",0,0,[],2,0,[],0,0,0,0,0,[],3952,0,0,[]
2,2,"[[3300,3953],[3953,6304]]",0,0,[],2,0,[],0,0,0,0,0,[],3953,0,0,[]
2,2,"[[3551,3954],[3954,6821]]",0,0,[],2,0,[],0,0,0,0,0,[],3954,0,0,[]
2,2,"[[3955,4443],[3955,9903]]",0,0,[],2,0,[],0,0,0,0,0,[],3955,0,0,[]
2,2,"[[3956,4566],[3956,6625]]",0,0,[],2,0,[],0,0,0,0,0,[],3956,0,0,[]
2,2,"[[2104,3958],[3958,7845]]",0,0,[],2,0,[],0,0,0,0,0,[],3958,0,0,[]
1,1,"[[1150,3960]]",0,0,[],1,0,[],0,0,0,0,0,[],3960,0,0,[]
1,1,"[[1873,3961]]",0,0,[],1,0,[],0,0,0,0,0,[],3961,0,0,[]
1,1,"[[3962,5539]]",0,0,[],1,0,[],0,0,0,0,0,[],3962,0,0,[]
1,1,"[[2558,3963]]",0,0,[],1,0,[],0,0,0,0,0,[],3963,0,0,[]
1,1,"[[170,3967]]",0,0,[],1,0,[],0,0,0,0,0,[],3967,0,0,[]
2,2,"[[3968,4124],[3968,8651]]",0,0,[],2,0,[],0,0,0,0,0,[],3968,0,0,[]
1,1,"[[1689,3970]]",0,0,[],1,0,[],0,0,0,0,0,[],3970,0,0,[]
2,2,"[[231,3971],[1475,3971]]",0,0,[],2,0,[],0,0,0,0,0,[],3971,0,0,[]
1,1,"[[3972,8653]]",0,0,[],1,0,[],0,0,0,0,0,[],3972,0,0,[]
2,2,"[[3974,4350],[3974,6024]]",0,0,[],2,0,[],0,0,0,0,0,[],3974,0,0,[]
1,1,"[[1538,3975]]",0,0,[],1,0,[],0,0,0,0,0,[],3975,0,0,[]
2,2,"[[3976,4632],[3976,8958]]",0,0,[],2,0,[],0,0,0,0,0,[],3976,0,0,[]
2,2,"[[3850,3977],[3859,3977]]",0,0,[],2,0,[],0,0,0,0,0,[],3977,0,0,[]
2,2,"[[2285,3978],[3528,3978]]",0,0,[],2,0,[],0,0,0,0,0,[],3978,0,0,[]
2,2,"[[3979,5017],[3979,5853]]",0,0,[],2,0,[],0,0,0,0,0,[],3979,0,0,[]
2,2,"[[3750,3980],[3980,5596]]",0,0,[],2,0,[],0,0,0,0,0,[],3980,0,0,[]
1,1,"[[2588,3982]]",0,0,[],1,0,[],0,0,0,0,0,[],3982,0,0,[]
1,1,"[[3692,3983]]",0,0,[],1,0,[],0,0,0,0,0,[],3983,0,0,[]
2,2,"[[3984,6379],[3984,11954]]",0,0,[],2,0,[],0,0,0,0,0,[],3984,0,0,[]
2,2,"[[61,3985],[273,3985]]",0,0,[],2,0,[],0,0,0,0,0,[],3985,0,0,[]
2,2,"[[3918,3986],[3986,4650]]",0,0,[],2,0,[],0,0,0,0,0,[],3986,0,0,[]
2,2,"[[1603,3987],[3987,9905]]",0,0,[],2,0,[],0,0,0,0,0,[],3987,0,0,[]
2,2,"[[3988,5252],[3988,5384]]",0,0,[],2,0,[],0,0,0,0,0,[],3988,0,0,[]
2,2,"[[1944,3990],[3990,4551]]",0,0,[],2,0,[],0,0,0,0,0,[],3990,0,0,[]
1,1,"[[3991,5566]]",0,0,[],1,0,[],0,0,0,0,0,[],3991,0,0,[]
2,2,"[[1514,3992],[3992,5122]]",0,0,[],2,0,[],0,0,0,0,0,[],3992,0,0,[]
1,1,"[[3993,11037]]",0,0,[],1,0,[],0,0,0,0,0,[],3993,0,0,[]
1,1,"[[19,3994]]",0,0,[],1,0,[],0,0,0,0,0,[],3994,0,0,[]
1,1,"[[1313,3995]]",0,0,[],1,0,[],0,0,0,0,0,[],3995,0,0,[]
1,1,"[[2064,3996]]",0,0,[],1,0,[],0,0,0,0,0,[],3996,0,0,[]
2,2,"[[3997,7000],[3997,11738]]",0,0,[],2,0,[],0,0,0,0,0,[],3997,0,0,[]
1,1,"[[3293,3998]]",0,0,[],1,0,[],0,0,0,0,0,[],3998,0,0,[]
2,2,"[[3999,5079],[3999,5204]]",0,0,[],2,0,[],0,0,0,0,0,[],3999,0,0,[]
1,1,"[[2178,4000]]",0,0,[],1,0,[],0,0,0,0,0,[],4000,0,0,[]
2,2,"[[3528,4001],[4001,9001]]",0,0,[],2,0,[],0,0,0,0,0,[],4001,0,0,[]
2,2,"[[3051,4002],[4002,7462]]",0,0,[],2,0,[],0,0,0,0,0,[],4002,0,0,[]
2,2,"[[4003,6106],[4003,7694]]",0,0,[],2,0,[],0,0,0,0,0,[],4003,0,0,[]
2,2,"[[1948,4004],[4004,6238]]",0,0,[],2,0,[],0,0,0,0,0,[],4004,0,0,[]
1,1,"[[4005,12529]]",0,0,[],1,0,[],0,0,0,0,0,[],4005,0,0,[]
2,2,"[[133,4006],[1286,4006]]",0,0,[],2,0,[],0,0,0,0,0,[],4006,0,0,[]
1,1,"[[4007,9108]]",0,0,[],1,0,[],0,0,0,0,0,[],4007,0,0,[]
1,1,"[[1046,4009]]",0,0,[],1,0,[],0,0,0,0,0,[],4009,0,0,[]
1,1,"[[611,4010]]",0,0,[],1,0,[],0,0,0,0,0,[],4010,0,0,[]
2,2,"[[2626,4011],[4011,9347]]",0,0,[],2,0,[],0,0,0,0,0,[],4011,0,0,[]
1,1,"[[4012,11936]]",0,0,[],1,0,[],0,0,0,0,0,[],4012,0,0,[]
2,2,"[[4013,4991],[4013,6817]]",0,0,[],2,0,[],0,0,0,0,0,[],4013,0,0,[]
2,2,"[[4014,6547],[4014,9957]]",0,0,[],2,0,[],0,0,0,0,0,[],4014,0,0,[]
2,2,"[[894,4015],[915,4015]]",0,0,[],2,0,[],0,0,0,0,0,[],4015,0,0,[]
2,2,"[[10,4016],[1630,4016]]",0,0,[],2,0,[],0,0,0,0,0,[],4016,0,0,[]
1,1,"[[2031,4018]]",0,0,[],1,0,[],0,0,0,0,0,[],4018,0,0,[]
1,1,"[[117,4019]]",0,0,[],1,0,[],0,0,0,0,0,[],4019,0,0,[]
2,2,"[[4020,5159],[4020,7628]]",0,0,[],2,0,[],0,0,0,0,0,[],4020,0,0,[]
1,1,"[[2687,4021]]",0,0,[],1,0,[],0,0,0,0,0,[],4021,0,0,[]
1,1,"[[1924,4022]]",0,0,[],1,0,[],0,0,0,0,0,[],4022,0,0,[]
1,1,"[[3874,4024]]",0,0,[],1,0,[],0,0,0,0,0,[],4024,0,0,[]
2,2,"[[4025,5617],[4025,12055]]",0,0,[],2,0,[],0,0,0,0,0,[],4025,0,0,[]
1,1,"[[1964,4026]]",0,0,[],1,0,[],0,0,0,0,0,[],4026,0,0,[]
1,1,"[[4027,8954]]",0,0,[],1,0,[],0,0,0,0,0,[],4027,0,0,[]
2,2,"[[3637,4030],[4030,6034]]",0,0,[],2,0,[],0,0,0,0,0,[],4030,0,0,[]
2,2,"[[4031,7108],[4031,11207]]",0,0,[],2,0,[],0,0,0,0,0,[],4031,0,0,[]
1,1,"[[1718,4032]]",0,0,[],1,0,[],0,0,0,0,0,[],4032,0,0,[]
1,1,"[[1602,4033]]",0,0,[],1,0,[],0,0,0,0,0,[],4033,0,0,[]
2,2,"[[4034,4726],[4034,7268]]",0,0,[],2,0,[],0,0,0,0,0,[],4034,0,0,[]
2,2,"[[109,4035],[4035,4240]]",0,0,[],2,0,[],0,0,0,0,0,[],4035,0,0,[]
2,2,"[[4036,4224],[4036,9137]]",0,0,[],2,0,[],0,0,0,0,0,[],4036,0,0,[]
2,2,"[[3148,4037],[4037,4596]]",0,0,[],2,0,[],0,0,0,0,0,[],4037,0,0,[]
2,2,"[[3669,4038],[4038,8656]]",0,0,[],2,0,[],0,0,0,0,0,[],4038,0,0,[]
1,1,"[[3230,4039]]",0,0,[],1,0,[],0,0,0,0,0,[],4039,0,0,[]
1,1,"[[1893,4040]]",0,0,[],1,0,[],0,0,0,0,0,[],4040,0,0,[]
1,1,"[[4041,7885]]",0,0,[],1,0,[],0,0,0,0,0,[],4041,0,0,[]
2,2,"[[3918,4042],[4042,8338]]",0,0,[],2,0,[],0,0,0,0,0,[],4042,0,0,[]
2,2,"[[766,4043],[4043,6281]]",0,0,[],2,0,[],0,0,0,0,0,[],4043,0,0,[]
1,1,"[[3829,4044]]",0,0,[],1,0,[],0,0,0,0,0,[],4044,0,0,[]
1,1,"[[4045,6969]]",0,0,[],1,0,[],0,0,0,0,0,[],4045,0,0,[]
2,2,"[[3729,4046],[4046,7624]]",0,0,[],2,0,[],0,0,0,0,0,[],4046,0,0,[]
1,1,"[[4047,7988]]",0,0,[],1,0,[],0,0,0,0,0,[],4047,0,0,[]
1,1,"[[4048,9103]]",0,0,[],1,0,[],0,0,0,0,0,[],4048,0,0,[]
1,1,"[[2658,4049]]",0,0,[],1,0,[],0,0,0,0,0,[],4049,0,0,[]
2,2,"[[3160,4050],[4050,10109]]",0,0,[],2,0,[],0,0,0,0,0,[],4050,0,0,[]
2,2,"[[4051,8502],[4051,8729]]",0,0,[],2,0,[],0,0,0,0,0,[],4051,0,0,[]
1,1,"[[2866,4052]]",0,0,[],1,0,[],0,0,0,0,0,[],4052,0,0,[]
2,2,"[[4053,4973],[4053,5391]]",0,0,[],2,0,[],0,0,0,0,0,[],4053,0,0,[]
1,1,"[[4054,4234]]",0,0,[],1,0,[],0,0,0,0,0,[],4054,0,0,[]
1,1,"[[2876,4056]]",0,0,[],1,0,[],0,0,0,0,0,[],4056,0,0,[]
2,2,"[[404,4057],[1230,4057]]",0,0,[],2,0,[],0,0,0,0,0,[],4057,0,0,[]
1,1,"[[4058,7001]]",0,0,[],1,0,[],0,0,0,0,0,[],4058,0,0,[]
1,1,"[[1568,4059]]",0,0,[],1,0,[],0,0,0,0,0,[],4059,0,0,[]
2,2,"[[3818,4061],[4061,10446]]",0,0,[],2,0,[],0,0,0,0,0,[],4061,0,0,[]
1,1,"[[4062,6890]]",0,0,[],1,0,[],0,0,0,0,0,[],4062,0,0,[]
1,1,"[[2110,4063]]",0,0,[],1,0,[],0,0,0,0,0,[],4063,0,0,[]
2,2,"[[81,4064],[455,4064]]",0,0,[],2,0,[],0,0,0,0,0,[],4064,0,0,[]
1,1,"[[26,4066]]",0,0,[],1,0,[],0,0,0,0,0,[],4066,0,0,[]
2,2,"[[1673,4067],[4067,12801]]",0,0,[],2,0,[],0,0,0,0,0,[],4067,0,0,[]
1,1,"[[3881,4068]]",0,0,[],1,0,[],0,0,0,0,0,[],4068,0,0,[]
1,1,"[[4069,4449]]",0,0,[],1,0,[],0,0,0,0,0,[],4069,0,0,[]
1,1,"[[2175,4070]]",0,0,[],1,0,[],0,0,0,0,0,[],4070,0,0,[]
1,1,"[[3972,4073]]",0,0,[],1,0,[],0,0,0,0,0,[],4073,0,0,[]
2,2,"[[4074,6703],[4074,11013]]",0,0,[],2,0,[],0,0,0,0,0,[],4074,0,0,[]
1,1,"[[4075,8493]]",0,0,[],1,0,[],0,0,0,0,0,[],4075,0,0,[]
1,1,"[[4076,5253]]",0,0,[],1,0,[],0,0,0,0,0,[],4076,0,0,[]
1,1,"[[2205,4077]]",0,0,[],1,0,[],0,0,0,0,0,[],4077,0,0,[]
1,1,"[[3889,4078]]",0,0,[],1,0,[],0,0,0,0,0,[],4078,0,0,[]
2,2,"[[4079,11181],[4079,12072]]",0,0,[],2,0,[],0,0,0,0,0,[],4079,0,0,[]
2,2,"[[4080,5291],[4080,13158]]",0,0,[],2,0,[],0,0,0,0,0,[],4080,0,0,[]
1,1,"[[2547,4081]]",0,0,[],1,0,[],0,0,0,0,0,[],4081,0,0,[]
2,2,"[[2474,4082],[4082,4285]]",0,0,[],2,0,[],0,0,0,0,0,[],4082,0,0,[]
2,2,"[[1603,4083],[1731,4083]]",0,0,[],2,0,[],0,0,0,0,0,[],4083,0,0,[]
1,1,"[[4084,5124]]",0,0,[],1,0,[],0,0,0,0,0,[],4084,0,0,[]
2,2,"[[18,4085],[4085,9644]]",0,0,[],2,0,[],0,0,0,0,0,[],4085,0,0,[]
1,1,"[[2771,4087]]",0,0,[],1,0,[],0,0,0,0,0,[],4087,0,0,[]
2,2,"[[1811,4088],[2710,4088]]",0,0,[],2,0,[],0,0,0,0,0,[],4088,0,0,[]
1,1,"[[4089,4685]]",0,0,[],1,0,[],0,0,0,0,0,[],4089,0,0,[]
1,1,"[[1692,4090]]",0,0,[],1,0,[],0,0,0,0,0,[],4090,0,0,[]
1,1,"[[4091,10700]]",0,0,[],1,0,[],0,0,0,0,0,[],4091,0,0,[]
1,1,"[[4092,9062]]",0,0,[],1,0,[],0,0,0,0,0,[],4092,0,0,[]
1,1,"[[4093,5423]]",0,0,[],1,0,[],0,0,0,0,0,[],4093,0,0,[]
2,2,"[[4094,4685],[4094,6799]]",0,0,[],2,0,[],0,0,0,0,0,[],4094,0,0,[]
2,2,"[[1725,4095],[4095,7177]]",0,0,[],2,0,[],0,0,0,0,0,[],4095,0,0,[]
2,2,"[[322,4096],[412,4096]]",0,0,[],2,0,[],0,0,0,0,0,[],4096,0,0,[]
2,2,"[[4097,5123],[4097,10643]]",0,0,[],2,0,[],0,0,0,0,0,[],4097,0,0,[]
1,1,"[[319,4098]]",0,0,[],1,0,[],0,0,0,0,0,[],4098,0,0,[]
1,1,"[[1422,4100]]",0,0,[],1,0,[],0,0,0,0,0,[],4100,0,0,[]
1,1,"[[4101,5171]]",0,0,[],1,0,[],0,0,0,0,0,[],4101,0,0,[]
2,2,"[[3342,4102],[3482,4102]]",0,0,[],2,0,[],0,0,0,0,0,[],4102,0,0,[]
2,2,"[[794,4103],[2884,4103]]",0,0,[],2,0,[],0,0,0,0,0,[],4103,0,0,[]
2,2,"[[1516,4104],[2925,4104]]",0,0,[],2,0,[],0,0,0,0,0,[],4104,0,0,[]
2,2,"[[4105,4767],[4105,11553]]",0,0,[],2,0,[],0,0,0,0,0,[],4105,0,0,[]
2,2,"[[4106,8801],[4106,12876]]",0,0,[],2,0,[],0,0,0,0,0,[],4106,0,0,[]
2,2,"[[1946,4107],[4107,9419]]",0,0,[],2,0,[],0,0,0,0,0,[],4107,0,0,[]
1,1,"[[3008,4108]]",0,0,[],1,0,[],0,0,0,0,0,[],4108,0,0,[]
2,2,"[[4109,5549],[4109,6901]]",0,0,[],2,0,[],0,0,0,0,0,[],4109,0,0,[]
2,2,"[[57,4110],[1843,4110]]",0,0,[],2,0,[],0,0,0,0,0,[],4110,0,0,[]
1,1,"[[3591,4111]]",0,0,[],1,0,[],0,0,0,0,0,[],4111,0,0,[]
1,1,"[[4112,5425]]",0,0,[],1,0,[],0,0,0,0,0,[],4112,0,0,[]
1,1,"[[3031,4113]]",0,0,[],1,0,[],0,0,0,0,0,[],4113,0,0,[]
1,1,"[[4114,7202]]",0,0,[],1,0,[],0,0,0,0,0,[],4114,0,0,[]
2,2,"[[2424,4115],[4115,9142]]",0,0,[],2,0,[],0,0,0,0,0,[],4115,0,0,[]
2,2,"[[2655,4116],[2753,4116]]",0,0,[],2,0,[],0,0,0,0,0,[],4116,0,0,[]
2,2,"[[1965,4117],[4117,4188]]",0,0,[],2,0,[],0,0,0,0,0,[],4117,0,0,[]
2,2,"[[325,4118],[4118,7262]]",0,0,[],2,0,[],0,0,0,0,0,[],4118,0,0,[]
1,1,"[[4120,7570]]",0,0,[],1,0,[],0,0,0,0,0,[],4120,0,0,[]
1,1,"[[3232,4121]]",0,0,[],1,0,[],0,0,0,0,0,[],4121,0,0,[]
2,2,"[[346,4123],[4123,4478]]",0,0,[],2,0,[],0,0,0,0,0,[],4123,0,0,[]
2,2,"[[773,4124],[4124,6682]]",0,0,[],2,0,[],0,0,0,0,0,[],4124,0,0,[]
1,1,"[[3848,4125]]",0,0,[],1,0,[],0,0,0,0,0,[],4125,0,0,[]
1,1,"[[494,4126]]",0,0,[],1,0,[],0,0,0,0,0,[],4126,0,0,[]
2,2,"[[1563,4127],[2046,4127]]",0,0,[],2,0,[],0,0,0,0,0,[],4127,0,0,[]
1,1,"[[529,4128]]",0,0,[],1,0,[],0,0,0,0,0,[],4128,0,0,[]
1,1,"[[4130,9981]]",0,0,[],1,0,[],0,0,0,0,0,[],4130,0,0,[]
2,2,"[[1322,4131],[4131,4322]]",0,0,[],2,0,[],0,0,0,0,0,[],4131,0,0,[]
1,1,"[[4132,9557]]",0,0,[],1,0,[],0,0,0,0,0,[],4132,0,0,[]
2,2,"[[1300,4133],[2981,4133]]",0,0,[],2,0,[],0,0,0,0,0,[],4133,0,0,[]
2,2,"[[4134,8987],[4134,10999]]",0,0,[],2,0,[],0,0,0,0,0,[],4134,0,0,[]
1,1,"[[4135,5578]]",0,0,[],1,0,[],0,0,0,0,0,[],4135,0,0,[]
1,1,"[[4138,12813]]",0,0,[],1,0,[],0,0,0,0,0,[],4138,0,0,[]
1,1,"[[2793,4140]]",0,0,[],1,0,[],0,0,0,0,0,[],4140,0,0,[]
1,1,"[[4142,8602]]",0,0,[],1,0,[],0,0,0,0,0,[],4142,0,0,[]
2,2,"[[1817,4143],[4143,8109]]",0,0,[],2,0,[],0,0,0,0,0,[],4143,0,0,[]
2,2,"[[255,4144],[4144,7386]]",0,0,[],2,0,[],0,0,0,0,0,[],4144,0,0,[]
2,2,"[[415,4145],[3752,4145]]",0,0,[],2,0,[],0,0,0,0,0,[],4145,0,0,[]
1,1,"[[38,4146]]",0,0,[],1,0,[],0,0,0,0,0,[],4146,0,0,[]
1,1,"[[1511,4147]]",0,0,[],1,0,[],0,0,0,0,0,[],4147,0,0,[]
2,2,"[[2358,4148],[4148,10000]]",0,0,[],2,0,[],0,0,0,0,0,[],4148,0,0,[]
1,1,"[[2872,4150]]",0,0,[],1,0,[],0,0,0,0,0,[],4150,0,0,[]
2,2,"[[4151,8373],[4151,8674]]",0,0,[],2,0,[],0,0,0,0,0,[],4151,0,0,[]
1,1,"[[4152,9753]]",0,0,[],1,0,[],0,0,0,0,0,[],4152,0,0,[]
2,2,"[[4153,7040],[4153,8317]]",0,0,[],2,0,[],0,0,0,0,0,[],4153,0,0,[]
2,2,"[[4154,8360],[4154,11892]]",0,0,[],2,0,[],0,0,0,0,0,[],4154,0,0,[]
1,1,"[[756,4155]]",0,0,[],1,0,[],0,0,0,0,0,[],4155,0,0,[]
1,1,"[[1531,4156]]",0,0,[],1,0,[],0,0,0,0,0,[],4156,0,0,[]
2,2,"[[4157,5396],[4157,9732]]",0,0,[],2,0,[],0,0,0,0,0,[],4157,0,0,[]
1,1,"[[4158,5678]]",0,0,[],1,0,[],0,0,0,0,0,[],4158,0,0,[]
1,1,"[[4159,11606]]",0,0,[],1,0,[],0,0,0,0,0,[],4159,0,0,[]
1,1,"[[4160,7720]]",0,0,[],1,0,[],0,0,0,0,0,[],4160,0,0,[]
1,1,"[[779,4161]]",0,0,[],1,0,[],0,0,0,0,0,[],4161,0,0,[]
2,2,"[[2987,4162],[4162,6428]]",0,0,[],2,0,[],0,0,0,0,0,[],4162,0,0,[]
1,1,"[[3771,4163]]",0,0,[],1,0,[],0,0,0,0,0,[],4163,0,0,[]
1,1,"[[4164,4582]]",0,0,[],1,0,[],0,0,0,0,0,[],4164,0,0,[]
1,1,"[[3123,4165]]",0,0,[],1,0,[],0,0,0,0,0,[],4165,0,0,[]
2,2,"[[4041,4166],[4166,5015]]",0,0,[],2,0,[],0,0,0,0,0,[],4166,0,0,[]
1,1,"[[2504,4167]]",0,0,[],1,0,[],0,0,0,0,0,[],4167,0,0,[]
1,1,"[[863,4168]]",0,0,[],1,0,[],0,0,0,0,0,[],4168,0,0,[]
2,2,"[[4169,5371],[4169,5896]]",0,0,[],2,0,[],0,0,0,0,0,[],4169,0,0,[]
1,1,"[[4171,5087]]",0,0,[],1,0,[],0,0,0,0,0,[],4171,0,0,[]
1,1,"[[2590,4172]]",0,0,[],1,0,[],0,0,0,0,0,[],4172,0,0,[]
1,1,"[[4173,5543]]",0,0,[],1,0,[],0,0,0,0,0,[],4173,0,0,[]
2,2,"[[4174,8599],[4174,12798]]",0,0,[],2,0,[],0,0,0,0,0,[],4174,0,0,[]
2,2,"[[4175,4456],[4175,7370]]",0,0,[],2,0,[],0,0,0,0,0,[],4175,0,0,[]
2,2,"[[3001,4176],[4176,6225]]",0,0,[],2,0,[],0,0,0,0,0,[],4176,0,0,[]
1,1,"[[4177,6869]]",0,0,[],1,0,[],0,0,0,0,0,[],4177,0,0,[]
2,2,"[[3268,4178],[4178,6837]]",0,0,[],2,0,[],0,0,0,0,0,[],4178,0,0,[]
1,1,"[[3009,4179]]",0,0,[],1,0,[],0,0,0,0,0,[],4179,0,0,[]
1,1,"[[4181,6447]]",0,0,[],1,0,[],0,0,0,0,0,[],4181,0,0,[]
1,1,"[[788,4182]]",0,0,[],1,0,[],0,0,0,0,0,[],4182,0,0,[]
2,2,"[[1545,4183],[4183,5501]]",0,0,[],2,0,[],0,0,0,0,0,[],4183,0,0,[]
1,1,"[[3231,4184]]",0,0,[],1,0,[],0,0,0,0,0,[],4184,0,0,[]
1,1,"[[3129,4185]]",0,0,[],1,0,[],0,0,0,0,0,[],4185,0,0,[]
2,2,"[[1428,4186],[4186,6970]]",0,0,[],2,0,[],0,0,0,0,0,[],4186,0,0,[]
1,1,"[[238,4187]]",0,0,[],1,0,[],0,0,0,0,0,[],4187,0,0,[]
2,2,"[[1965,4188],[3456,4188]]",0,0,[],2,0,[],0,0,0,0,0,[],4188,0,0,[]
1,1,"[[3108,4191]]",0,0,[],1,0,[],0,0,0,0,0,[],4191,0,0,[]
2,2,"[[4192,4845],[4192,9167]]",0,0,[],2,0,[],0,0,0,0,0,[],4192,0,0,[]
1,1,"[[4194,11417]]",0,0,[],1,0,[],0,0,0,0,0,[],4194,0,0,[]
1,1,"[[3407,4195]]",0,0,[],1,0,[],0,0,0,0,0,[],4195,0,0,[]
2,2,"[[3430,4196],[3438,4196]]",0,0,[],2,0,[],0,0,0,0,0,[],4196,0,0,[]
2,2,"[[2062,4197],[3761,4197]]",0,0,[],2,0,[],0,0,0,0,0,[],4197,0,0,[]
2,2,"[[1196,4198],[4198,5390]]",0,0,[],2,0,[],0,0,0,0,0,[],4198,0,0,[]
1,1,"[[4199,8579]]",0,0,[],1,0,[],0,0,0,0,0,[],4199,0,0,[]
2,2,"[[490,4200],[4200,6690]]",0,0,[],2,0,[],0,0,0,0,0,[],4200,0,0,[]
2,2,"[[3758,4202],[4202,5798]]",0,0,[],2,0,[],0,0,0,0,0,[],4202,0,0,[]
2,2,"[[4204,5994],[4204,12975]]",0,0,[],2,0,[],0,0,0,0,0,[],4204,0,0,[]
1,1,"[[3715,4205]]",0,0,[],1,0,[],0,0,0,0,0,[],4205,0,0,[]
2,2,"[[113,4206],[4206,4294]]",0,0,[],2,0,[],0,0,0,0,0,[],4206,0,0,[]
1,1,"[[4208,6364]]",0,0,[],1,0,[],0,0,0,0,0,[],4208,0,0,[]
2,2,"[[4209,5887],[4209,8260]]",0,0,[],2,0,[],0,0,0,0,0,[],4209,0,0,[]
1,1,"[[4210,6508]]",0,0,[],1,0,[],0,0,0,0,0,[],4210,0,0,[]
2,2,"[[3326,4211],[4211,8620]]",0,0,[],2,0,[],0,0,0,0,0,[],4211,0,0,[]
2,2,"[[1850,4212],[4212,6281]]",0,0,[],2,0,[],0,0,0,0,0,[],4212,0,0,[]
2,2,"[[756,4213],[3072,4213]]",0,0,[],2,0,[],0,0,0,0,0,[],4213,0,0,[]
2,2,"[[1862,4214],[4214,4926]]",0,0,[],2,0,[],0,0,0,0,0,[],4214,0,0,[]
2,2,"[[4216,8751],[4216,12552]]",0,0,[],2,0,[],0,0,0,0,0,[],4216,0,0,[]
1,1,"[[97,4217]]",0,0,[],1,0,[],0,0,0,0,0,[],4217,0,0,[]
2,2,"[[4218,6918],[4218,7768]]",0,0,[],2,0,[],0,0,0,0,0,[],4218,0,0,[]
1,1,"[[4219,5224]]",0,0,[],1,0,[],0,0,0,0,0,[],4219,0,0,[]
1,1,"[[301,4220]]",0,0,[],1,0,[],0,0,0,0,0,[],4220,0,0,[]
2,2,"[[408,4221],[2260,4221]]",0,0,[],2,0,[],0,0,0,0,0,[],4221,0,0,[]
1,1,"[[4223,6666]]",0,0,[],1,0,[],0,0,0,0,0,[],4223,0,0,[]
2,2,"[[68,4224],[4022,4224]]",0,0,[],2,0,[],0,0,0,0,0,[],4224,0,0,[]
2,2,"[[3294,4227],[3828,4227]]",0,0,[],2,0,[],0,0,0,0,0,[],4227,0,0,[]
2,2,"[[4228,9436],[4228,11128]]",0,0,[],2,0,[],0,0,0,0,0,[],4228,0,0,[]
1,1,"[[4229,12222]]",0,0,[],1,0,[],0,0,0,0,0,[],4229,0,0,[]
2,2,"[[3543,4230],[4230,8900]]",0,0,[],2,0,[],0,0,0,0,0,[],4230,0,0,[]
2,2,"[[3665,4231],[4231,11963]]",0,0,[],2,0,[],0,0,0,0,0,[],4231,0,0,[]
1,1,"[[4232,13544]]",0,0,[],1,0,[],0,0,0,0,0,[],4232,0,0,[]
2,2,"[[4233,4890],[4233,7751]]",0,0,[],2,0,[],0,0,0,0,0,[],4233,0,0,[]
1,1,"[[1661,4235]]",0,0,[],1,0,[],0,0,0,0,0,[],4235,0,0,[]
1,1,"[[4236,6215]]",0,0,[],1,0,[],0,0,0,0,0,[],4236,0,0,[]
1,1,"[[3544,4237]]",0,0,[],1,0,[],0,0,0,0,0,[],4237,0,0,[]
2,2,"[[172,4239],[1441,4239]]",0,0,[],2,0,[],0,0,0,0,0,[],4239,0,0,[]
1,1,"[[1522,4240]]",0,0,[],1,0,[],0,0,0,0,0,[],4240,0,0,[]
2,2,"[[4241,8967],[4241,10747]]",0,0,[],2,0,[],0,0,0,0,0,[],4241,0,0,[]
2,2,"[[4242,5055],[4242,5505]]",0,0,[],2,0,[],0,0,0,0,0,[],4242,0,0,[]
1,1,"[[4243,10429]]",0,0,[],1,0,[],0,0,0,0,0,[],4243,0,0,[]
1,1,"[[4244,5133]]",0,0,[],1,0,[],0,0,0,0,0,[],4244,0,0,[]
1,1,"[[4245,4794]]",0,0,[],1,0,[],0,0,0,0,0,[],4245,0,0,[]
2,2,"[[1940,4247],[4247,11374]]",0,0,[],2,0,[],0,0,0,0,0,[],4247,0,0,[]
1,1,"[[4248,7767]]",0,0,[],1,0,[],0,0,0,0,0,[],4248,0,0,[]
2,2,"[[697,4249],[4249,11065]]",0,0,[],2,0,[],0,0,0,0,0,[],4249,0,0,[]
1,1,"[[4250,6965]]",0,0,[],1,0,[],0,0,0,0,0,[],4250,0,0,[]
2,2,"[[4251,8855],[4251,9549]]",0,0,[],2,0,[],0,0,0,0,0,[],4251,0,0,[]
1,1,"[[3139,4252]]",0,0,[],1,0,[],0,0,0,0,0,[],4252,0,0,[]
1,1,"[[1885,4253]]",0,0,[],1,0,[],0,0,0,0,0,[],4253,0,0,[]
2,2,"[[812,4255],[1978,4255]]",0,0,[],2,0,[],0,0,0,0,0,[],4255,0,0,[]
2,2,"[[497,4256],[826,4256]]",0,0,[],2,0,[],0,0,0,0,0,[],4256,0,0,[]
1,1,"[[94,4258]]",0,0,[],1,0,[],0,0,0,0,0,[],4258,0,0,[]
1,1,"[[4259,10161]]",0,0,[],1,0,[],0,0,0,0,0,[],4259,0,0,[]
2,2,"[[2987,4260],[4260,8872]]",0,0,[],2,0,[],0,0,0,0,0,[],4260,0,0,[]
2,2,"[[4262,8455],[4262,8883]]",0,0,[],2,0,[],0,0,0,0,0,[],4262,0,0,[]
2,2,"[[4263,11004],[4263,12443]]",0,0,[],2,0,[],0,0,0,0,0,[],4263,0,0,[]
2,2,"[[4265,5170],[4265,5357]]",0,0,[],2,0,[],0,0,0,0,0,[],4265,0,0,[]
2,2,"[[3348,4266],[4266,7184]]",0,0,[],2,0,[],0,0,0,0,0,[],4266,0,0,[]
2,2,"[[4267,6378],[4267,6473]]",0,0,[],2,0,[],0,0,0,0,0,[],4267,0,0,[]
2,2,"[[2642,4268],[4268,11190]]",0,0,[],2,0,[],0,0,0,0,0,[],4268,0,0,[]
1,1,"[[4270,11531]]",0,0,[],1,0,[],0,0,0,0,0,[],4270,0,0,[]
2,2,"[[2714,4271],[4271,10583]]",0,0,[],2,0,[],0,0,0,0,0,[],4271,0,0,[]
2,2,"[[776,4272],[859,4272]]",0,0,[],2,0,[],0,0,0,0,0,[],4272,0,0,[]
2,2,"[[1554,4273],[4273,11334]]",0,0,[],2,0,[],0,0,0,0,0,[],4273,0,0,[]
2,2,"[[1524,4274],[4274,8637]]",0,0,[],2,0,[],0,0,0,0,0,[],4274,0,0,[]
2,2,"[[1595,4275],[4275,9335]]",0,0,[],2,0,[],0,0,0,0,0,[],4275,0,0,[]
2,2,"[[2882,4276],[4276,4810]]",0,0,[],2,0,[],0,0,0,0,0,[],4276,0,0,[]
2,2,"[[4277,4873],[4277,10720]]",0,0,[],2,0,[],0,0,0,0,0,[],4277,0,0,[]
2,2,"[[1687,4279],[4279,7817]]",0,0,[],2,0,[],0,0,0,0,0,[],4279,0,0,[]
1,1,"[[4280,4672]]",0,0,[],1,0,[],0,0,0,0,0,[],4280,0,0,[]
1,1,"[[4281,11773]]",0,0,[],1,0,[],0,0,0,0,0,[],4281,0,0,[]
2,2,"[[4282,4607],[4282,6526]]",0,0,[],2,0,[],0,0,0,0,0,[],4282,0,0,[]
1,1,"[[2895,4285]]",0,0,[],1,0,[],0,0,0,0,0,[],4285,0,0,[]
2,2,"[[4286,5118],[4286,10523]]",0,0,[],2,0,[],0,0,0,0,0,[],4286,0,0,[]
1,1,"[[8,4287]]",0,0,[],1,0,[],0,0,0,0,0,[],4287,0,0,[]
2,2,"[[752,4288],[4072,4288]]",0,0,[],2,0,[],0,0,0,0,0,[],4288,0,0,[]
1,1,"[[4289,4618]]",0,0,[],1,0,[],0,0,0,0,0,[],4289,0,0,[]
2,2,"[[4136,4290],[4290,8177]]",0,0,[],2,0,[],0,0,0,0,0,[],4290,0,0,[]
1,1,"[[4291,7304]]",0,0,[],1,0,[],0,0,0,0,0,[],4291,0,0,[]
2,2,"[[3994,4292],[4292,8023]]",0,0,[],2,0,[],0,0,0,0,0,[],4292,0,0,[]
1,1,"[[4293,5290]]",0,0,[],1,0,[],0,0,0,0,0,[],4293,0,0,[]
2,2,"[[4,4294],[4294,12295]]",0,0,[],2,0,[],0,0,0,0,0,[],4294,0,0,[]
2,2,"[[4161,4295],[4295,8649]]",0,0,[],2,0,[],0,0,0,0,0,[],4295,0,0,[]
2,2,"[[1388,4296],[3447,4296]]",0,0,[],2,0,[],0,0,0,0,0,[],4296,0,0,[]
1,1,"[[633,4297]]",0,0,[],1,0,[],0,0,0,0,0,[],4297,0,0,[]
1,1,"[[4298,7516]]",0,0,[],1,0,[],0,0,0,0,0,[],4298,0,0,[]
2,2,"[[4299,6092],[4299,6304]]",0,0,[],2,0,[],0,0,0,0,0,[],4299,0,0,[]
2,2,"[[291,4300],[4300,10305]]",0,0,[],2,0,[],0,0,0,0,0,[],4300,0,0,[]
2,2,"[[3855,4302],[4302,5300]]",0,0,[],2,0,[],0,0,0,0,0,[],4302,0,0,[]
1,1,"[[552,4303]]",0,0,[],1,0,[],0,0,0,0,0,[],4303,0,0,[]
2,2,"[[4304,6633],[4304,8286]]",0,0,[],2,0,[],0,0,0,0,0,[],4304,0,0,[]
1,1,"[[4305,8503]]",0,0,[],1,0,[],0,0,0,0,0,[],4305,0,0,[]
2,2,"[[4182,4307],[4307,11282]]",0,0,[],2,0,[],0,0,0,0,0,[],4307,0,0,[]
2,2,"[[4308,11292],[4308,11422]]",0,0,[],2,0,[],0,0,0,0,0,[],4308,0,0,[]
2,2,"[[3342,4309],[3502,4309]]",0,0,[],2,0,[],0,0,0,0,0,[],4309,0,0,[]
1,1,"[[4310,5700]]",0,0,[],1,0,[],0,0,0,0,0,[],4310,0,0,[]
1,1,"[[4311,7136]]",0,0,[],1,0,[],0,0,0,0,0,[],4311,0,0,[]
2,2,"[[2085,4313],[4313,7326]]",0,0,[],2,0,[],0,0,0,0,0,[],4313,0,0,[]
1,1,"[[1346,4314]]",0,0,[],1,0,[],0,0,0,0,0,[],4314,0,0,[]
1,1,"[[4315,7606]]",0,0,[],1,0,[],0,0,0,0,0,[],4315,0,0,[]
2,2,"[[4080,4316],[4316,9071]]",0,0,[],2,0,[],0,0,0,0,0,[],4316,0,0,[]
2,2,"[[4317,10062],[4317,12241]]",0,0,[],2,0,[],0,0,0,0,0,[],4317,0,0,[]
2,2,"[[4318,6730],[4318,7417]]",0,0,[],2,0,[],0,0,0,0,0,[],4318,0,0,[]
2,2,"[[755,4319],[2035,4319]]",0,0,[],2,0,[],0,0,0,0,0,[],4319,0,0,[]
2,2,"[[982,4320],[3004,4320]]",0,0,[],2,0,[],0,0,0,0,0,[],4320,0,0,[]
2,2,"[[3511,4321],[4321,12051]]",0,0,[],2,0,[],0,0,0,0,0,[],4321,0,0,[]
2,2,"[[4323,8731],[4323,10045]]",0,0,[],2,0,[],0,0,0,0,0,[],4323,0,0,[]
2,2,"[[1994,4325],[3093,4325]]",0,0,[],2,0,[],0,0,0,0,0,[],4325,0,0,[]
2,2,"[[3844,4327],[4327,8220]]",0,0,[],2,0,[],0,0,0,0,0,[],4327,0,0,[]
2,2,"[[1752,4328],[3238,4328]]",0,0,[],2,0,[],0,0,0,0,0,[],4328,0,0,[]
2,2,"[[3562,4329],[4329,8472]]",0,0,[],2,0,[],0,0,0,0,0,[],4329,0,0,[]
1,1,"[[4331,4384]]",0,0,[],1,0,[],0,0,0,0,0,[],4331,0,0,[]
1,1,"[[2766,4332]]",0,0,[],1,0,[],0,0,0,0,0,[],4332,0,0,[]
1,1,"[[2012,4333]]",0,0,[],1,0,[],0,0,0,0,0,[],4333,0,0,[]
2,2,"[[2010,4335],[4335,8324]]",0,0,[],2,0,[],0,0,0,0,0,[],4335,0,0,[]
2,2,"[[2261,4336],[4336,4573]]",0,0,[],2,0,[],0,0,0,0,0,[],4336,0,0,[]
2,2,"[[2799,4337],[4337,11342]]",0,0,[],2,0,[],0,0,0,0,0,[],4337,0,0,[]
2,2,"[[4338,6802],[4338,6851]]",0,0,[],2,0,[],0,0,0,0,0,[],4338,0,0,[]
1,1,"[[4339,5079]]",0,0,[],1,0,[],0,0,0,0,0,[],4339,0,0,[]
2,2,"[[1322,4341],[2939,4341]]",0,0,[],2,0,[],0,0,0,0,0,[],4341,0,0,[]
2,2,"[[1569,4342],[2036,4342]]",0,0,[],2,0,[],0,0,0,0,0,[],4342,0,0,[]
2,2,"[[755,4343],[4343,5353]]",0,0,[],2,0,[],0,0,0,0,0,[],4343,0,0,[]
2,2,"[[4344,6611],[4344,12030]]",0,0,[],2,0,[],0,0,0,0,0,[],4344,0,0,[]
1,1,"[[2403,4345]]",0,0,[],1,0,[],0,0,0,0,0,[],4345,0,0,[]
2,2,"[[1884,4346],[4346,4561]]",0,0,[],2,0,[],0,0,0,0,0,[],4346,0,0,[]
1,1,"[[3628,4347]]",0,0,[],1,0,[],0,0,0,0,0,[],4347,0,0,[]
1,1,"[[4350,7058]]",0,0,[],1,0,[],0,0,0,0,0,[],4350,0,0,[]
2,2,"[[550,4351],[2752,4351]]",0,0,[],2,0,[],0,0,0,0,0,[],4351,0,0,[]
2,2,"[[529,4352],[4352,6614]]",0,0,[],2,0,[],0,0,0,0,0,[],4352,0,0,[]
2,2,"[[2306,4353],[2505,4353]]",0,0,[],2,0,[],0,0,0,0,0,[],4353,0,0,[]
2,2,"[[52,4354],[4354,5160]]",0,0,[],2,0,[],0,0,0,0,0,[],4354,0,0,[]
2,2,"[[4355,10208],[4355,11153]]",0,0,[],2,0,[],0,0,0,0,0,[],4355,0,0,[]
2,2,"[[1625,4356],[4356,6485]]",0,0,[],2,0,[],0,0,0,0,0,[],4356,0,0,[]
1,1,"[[4357,10312]]",0,0,[],1,0,[],0,0,0,0,0,[],4357,0,0,[]
1,1,"[[4146,4358]]",0,0,[],1,0,[],0,0,0,0,0,[],4358,0,0,[]
1,1,"[[4359,5437]]",0,0,[],1,0,[],0,0,0,0,0,[],4359,0,0,[]
1,1,"[[4360,5811]]",0,0,[],1,0,[],0,0,0,0,0,[],4360,0,0,[]
1,1,"[[56,4361]]",0,0,[],1,0,[],0,0,0,0,0,[],4361,0,0,[]
1,1,"[[4363,8099]]",0,0,[],1,0,[],0,0,0,0,0,[],4363,0,0,[]
2,2,"[[164,4365],[4365,5432]]",0,0,[],2,0,[],0,0,0,0,0,[],4365,0,0,[]
2,2,"[[4366,4680],[4366,10241]]",0,0,[],2,0,[],0,0,0,0,0,[],4366,0,0,[]
1,1,"[[4367,6051]]",0,0,[],1,0,[],0,0,0,0,0,[],4367,0,0,[]
2,2,"[[3766,4368],[4368,4697]]",0,0,[],2,0,[],0,0,0,0,0,[],4368,0,0,[]
1,1,"[[1715,4369]]",0,0,[],1,0,[],0,0,0,0,0,[],4369,0,0,[]
1,1,"[[4370,6142]]",0,0,[],1,0,[],0,0,0,0,0,[],4370,0,0,[]
2,2,"[[4371,6839],[4371,10994]]",0,0,[],2,0,[],0,0,0,0,0,[],4371,0,0,[]
2,2,"[[4372,4625],[4372,9123]]",0,0,[],2,0,[],0,0,0,0,0,[],4372,0,0,[]
1,1,"[[3279,4373]]",0,0,[],1,0,[],0,0,0,0,0,[],4373,0,0,[]
1,1,"[[2156,4374]]",0,0,[],1,0,[],0,0,0,0,0,[],4374,0,0,[]
2,2,"[[1622,4375],[1688,4375]]",0,0,[],2,0,[],0,0,0,0,0,[],4375,0,0,[]
2,2,"[[3165,4376],[3348,4376]]",0,0,[],2,0,[],0,0,0,0,0,[],4376,0,0,[]
2,2,"[[2124,4377],[3295,4377]]",0,0,[],2,0,[],0,0,0,0,0,[],4377,0,0,[]
2,2,"[[2825,4378],[4378,5219]]",0,0,[],2,0,[],0,0,0,0,0,[],4378,0,0,[]
2,2,"[[1479,4379],[4379,7198]]",0,0,[],2,0,[],0,0,0,0,0,[],4379,0,0,[]
1,1,"[[2136,4380]]",0,0,[],1,0,[],0,0,0,0,0,[],4380,0,0,[]
1,1,"[[2580,4381]]",0,0,[],1,0,[],0,0,0,0,0,[],4381,0,0,[]
1,1,"[[4350,4382]]",0,0,[],1,0,[],0,0,0,0,0,[],4382,0,0,[]
1,1,"[[4383,12724]]",0,0,[],1,0,[],0,0,0,0,0,[],4383,0,0,[]
2,2,"[[2982,4384],[4384,4433]]",0,0,[],2,0,[],0,0,0,0,0,[],4384,0,0,[]
1,1,"[[1447,4385]]",0,0,[],1,0,[],0,0,0,0,0,[],4385,0,0,[]
1,1,"[[1284,4386]]",0,0,[],1,0,[],0,0,0,0,0,[],4386,0,0,[]
2,2,"[[3914,4388],[4388,4673]]",0,0,[],2,0,[],0,0,0,0,0,[],4388,0,0,[]
1,1,"[[4217,4389]]",0,0,[],1,0,[],0,0,0,0,0,[],4389,0,0,[]
2,2,"[[2251,4390],[2643,4390]]",0,0,[],2,0,[],0,0,0,0,0,[],4390,0,0,[]
2,2,"[[599,4393],[4393,7502]]",0,0,[],2,0,[],0,0,0,0,0,[],4393,0,0,[]
2,2,"[[2783,4394],[3629,4394]]",0,0,[],2,0,[],0,0,0,0,0,[],4394,0,0,[]
2,2,"[[2115,4395],[4395,8613]]",0,0,[],2,0,[],0,0,0,0,0,[],4395,0,0,[]
1,1,"[[4397,6422]]",0,0,[],1,0,[],0,0,0,0,0,[],4397,0,0,[]
2,2,"[[1789,4400],[4400,11779]]",0,0,[],2,0,[],0,0,0,0,0,[],4400,0,0,[]
2,2,"[[2625,4401],[4401,5265]]",0,0,[],2,0,[],0,0,0,0,0,[],4401,0,0,[]
1,1,"[[4402,9610]]",0,0,[],1,0,[],0,0,0,0,0,[],4402,0,0,[]
2,2,"[[2067,4403],[4403,4916]]",0,0,[],2,0,[],0,0,0,0,0,[],4403,0,0,[]
2,2,"[[2117,4404],[4404,12060]]",0,0,[],2,0,[],0,0,0,0,0,[],4404,0,0,[]
2,2,"[[1517,4406],[4406,4414]]",0,0,[],2,0,[],0,0,0,0,0,[],4406,0,0,[]
2,2,"[[4408,4855],[4408,6324]]",0,0,[],2,0,[],0,0,0,0,0,[],4408,0,0,[]
1,1,"[[2604,4409]]",0,0,[],1,0,[],0,0,0,0,0,[],4409,0,0,[]
1,1,"[[4325,4410]]",0,0,[],1,0,[],0,0,0,0,0,[],4410,0,0,[]
1,1,"[[4411,4901]]",0,0,[],1,0,[],0,0,0,0,0,[],4411,0,0,[]
2,2,"[[2060,4413],[4413,4587]]",0,0,[],2,0,[],0,0,0,0,0,[],4413,0,0,[]
1,1,"[[63,4414]]",0,0,[],1,0,[],0,0,0,0,0,[],4414,0,0,[]
2,2,"[[2637,4415],[3930,4415]]",0,0,[],2,0,[],0,0,0,0,0,[],4415,0,0,[]
1,1,"[[4416,6333]]",0,0,[],1,0,[],0,0,0,0,0,[],4416,0,0,[]
1,1,"[[1072,4417]]",0,0,[],1,0,[],0,0,0,0,0,[],4417,0,0,[]
2,2,"[[3081,4418],[4418,5360]]",0,0,[],2,0,[],0,0,0,0,0,[],4418,0,0,[]
1,1,"[[855,4419]]",0,0,[],1,0,[],0,0,0,0,0,[],4419,0,0,[]
1,1,"[[4421,6191]]",0,0,[],1,0,[],0,0,0,0,0,[],4421,0,0,[]
1,1,"[[4422,5363]]",0,0,[],1,0,[],0,0,0,0,0,[],4422,0,0,[]
1,1,"[[4423,5111]]",0,0,[],1,0,[],0,0,0,0,0,[],4423,0,0,[]
1,1,"[[2135,4424]]",0,0,[],1,0,[],0,0,0,0,0,[],4424,0,0,[]
2,2,"[[2030,4425],[2993,4425]]",0,0,[],2,0,[],0,0,0,0,0,[],4425,0,0,[]
1,1,"[[4334,4426]]",0,0,[],1,0,[],0,0,0,0,0,[],4426,0,0,[]
2,2,"[[4427,4444],[4427,7098]]",0,0,[],2,0,[],0,0,0,0,0,[],4427,0,0,[]
1,1,"[[297,4428]]",0,0,[],1,0,[],0,0,0,0,0,[],4428,0,0,[]
1,1,"[[2973,4429]]",0,0,[],1,0,[],0,0,0,0,0,[],4429,0,0,[]
2,2,"[[4431,5862],[4431,7141]]",0,0,[],2,0,[],0,0,0,0,0,[],4431,0,0,[]
1,1,"[[3962,4432]]",0,0,[],1,0,[],0,0,0,0,0,[],4432,0,0,[]
1,1,"[[3399,4433]]",0,0,[],1,0,[],0,0,0,0,0,[],4433,0,0,[]
1,1,"[[1953,4434]]",0,0,[],1,0,[],0,0,0,0,0,[],4434,0,0,[]
2,2,"[[3739,4436],[4436,6585]]",0,0,[],2,0,[],0,0,0,0,0,[],4436,0,0,[]
2,2,"[[4437,6924],[4437,11773]]",0,0,[],2,0,[],0,0,0,0,0,[],4437,0,0,[]
2,2,"[[169,4438],[4438,11211]]",0,0,[],2,0,[],0,0,0,0,0,[],4438,0,0,[]
1,1,"[[4439,6124]]",0,0,[],1,0,[],0,0,0,0,0,[],4439,0,0,[]
2,2,"[[4441,4863],[4441,6619]]",0,0,[],2,0,[],0,0,0,0,0,[],4441,0,0,[]
1,1,"[[4442,7655]]",0,0,[],1,0,[],0,0,0,0,0,[],4442,0,0,[]
2,2,"[[4444,7529],[4444,10240]]",0,0,[],2,0,[],0,0,0,0,0,[],4444,0,0,[]
2,2,"[[4405,4445],[4445,7943]]",0,0,[],2,0,[],0,0,0,0,0,[],4445,0,0,[]
2,2,"[[4446,7840],[4446,8142]]",0,0,[],2,0,[],0,0,0,0,0,[],4446,0,0,[]
1,1,"[[3449,4447]]",0,0,[],1,0,[],0,0,0,0,0,[],4447,0,0,[]
2,2,"[[2152,4449],[4449,6678]]",0,0,[],2,0,[],0,0,0,0,0,[],4449,0,0,[]
2,2,"[[4450,6739],[4450,9494]]",0,0,[],2,0,[],0,0,0,0,0,[],4450,0,0,[]
1,1,"[[4451,4796]]",0,0,[],1,0,[],0,0,0,0,0,[],4451,0,0,[]
2,2,"[[4452,6730],[4452,9342]]",0,0,[],2,0,[],0,0,0,0,0,[],4452,0,0,[]
1,1,"[[1560,4453]]",0,0,[],1,0,[],0,0,0,0,0,[],4453,0,0,[]
2,2,"[[4454,8640],[4454,11062]]",0,0,[],2,0,[],0,0,0,0,0,[],4454,0,0,[]
2,2,"[[2925,4455],[4455,7728]]",0,0,[],2,0,[],0,0,0,0,0,[],4455,0,0,[]
2,2,"[[3574,4456],[4456,6532]]",0,0,[],2,0,[],0,0,0,0,0,[],4456,0,0,[]
2,2,"[[2139,4457],[4200,4457]]",0,0,[],2,0,[],0,0,0,0,0,[],4457,0,0,[]
1,1,"[[2221,4458]]",0,0,[],1,0,[],0,0,0,0,0,[],4458,0,0,[]
2,2,"[[3567,4459],[4459,5943]]",0,0,[],2,0,[],0,0,0,0,0,[],4459,0,0,[]
2,2,"[[2632,4460],[4460,6993]]",0,0,[],2,0,[],0,0,0,0,0,[],4460,0,0,[]
1,1,"[[4461,5706]]",0,0,[],1,0,[],0,0,0,0,0,[],4461,0,0,[]
1,1,"[[4462,7255]]",0,0,[],1,0,[],0,0,0,0,0,[],4462,0,0,[]
2,2,"[[2301,4463],[4009,4463]]",0,0,[],2,0,[],0,0,0,0,0,[],4463,0,0,[]
2,2,"[[2842,4465],[4465,5387]]",0,0,[],2,0,[],0,0,0,0,0,[],4465,0,0,[]
2,2,"[[4467,5007],[4467,5095]]",0,0,[],2,0,[],0,0,0,0,0,[],4467,0,0,[]
1,1,"[[4468,9857]]",0,0,[],1,0,[],0,0,0,0,0,[],4468,0,0,[]
2,2,"[[4470,9174],[4470,9905]]",0,0,[],2,0,[],0,0,0,0,0,[],4470,0,0,[]
2,2,"[[4472,10698],[4472,13304]]",0,0,[],2,0,[],0,0,0,0,0,[],4472,0,0,[]
2,2,"[[3323,4473],[4473,9616]]",0,0,[],2,0,[],0,0,0,0,0,[],4473,0,0,[]
2,2,"[[3784,4474],[4474,8958]]",0,0,[],2,0,[],0,0,0,0,0,[],4474,0,0,[]
2,2,"[[1914,4476],[4476,5230]]",0,0,[],2,0,[],0,0,0,0,0,[],4476,0,0,[]
1,1,"[[3612,4477]]",0,0,[],1,0,[],0,0,0,0,0,[],4477,0,0,[]
1,1,"[[349,4478]]",0,0,[],1,0,[],0,0,0,0,0,[],4478,0,0,[]
2,2,"[[3341,4479],[4479,4689]]",0,0,[],2,0,[],0,0,0,0,0,[],4479,0,0,[]
1,1,"[[4480,5230]]",0,0,[],1,0,[],0,0,0,0,0,[],4480,0,0,[]
2,2,"[[4401,4482],[4482,5265]]",0,0,[],2,0,[],0,0,0,0,0,[],4482,0,0,[]
1,1,"[[4483,8687]]",0,0,[],1,0,[],0,0,0,0,0,[],4483,0,0,[]
2,2,"[[2203,4484],[4484,10123]]",0,0,[],2,0,[],0,0,0,0,0,[],4484,0,0,[]
2,2,"[[4485,7483],[4485,8685]]",0,0,[],2,0,[],0,0,0,0,0,[],4485,0,0,[]
1,1,"[[4486,6897]]",0,0,[],1,0,[],0,0,0,0,0,[],4486,0,0,[]
1,1,"[[4487,8073]]",0,0,[],1,0,[],0,0,0,0,0,[],4487,0,0,[]
2,2,"[[1347,4488],[3987,4488]]",0,0,[],2,0,[],0,0,0,0,0,[],4488,0,0,[]
1,1,"[[4489,9179]]",0,0,[],1,0,[],0,0,0,0,0,[],4489,0,0,[]
2,2,"[[2147,4490],[3340,4490]]",0,0,[],2,0,[],0,0,0,0,0,[],4490,0,0,[]
2,2,"[[4491,6617],[4491,9895]]",0,0,[],2,0,[],0,0,0,0,0,[],4491,0,0,[]
2,2,"[[2473,4492],[4492,11887]]",0,0,[],2,0,[],0,0,0,0,0,[],4492,0,0,[]
2,2,"[[4493,5639],[4493,6576]]",0,0,[],2,0,[],0,0,0,0,0,[],4493,0,0,[]
1,1,"[[2932,4494]]",0,0,[],1,0,[],0,0,0,0,0,[],4494,0,0,[]
2,2,"[[3685,4495],[4495,6523]]",0,0,[],2,0,[],0,0,0,0,0,[],4495,0,0,[]
1,1,"[[4496,5334]]",0,0,[],1,0,[],0,0,0,0,0,[],4496,0,0,[]
2,2,"[[2352,4497],[3364,4497]]",0,0,[],2,0,[],0,0,0,0,0,[],4497,0,0,[]
1,1,"[[4499,6933]]",0,0,[],1,0,[],0,0,0,0,0,[],4499,0,0,[]
1,1,"[[1135,4501]]",0,0,[],1,0,[],0,0,0,0,0,[],4501,0,0,[]
1,1,"[[4502,6866]]",0,0,[],1,0,[],0,0,0,0,0,[],4502,0,0,[]
2,2,"[[4239,4503],[4364,4503]]",0,0,[],2,0,[],0,0,0,0,0,[],4503,0,0,[]
2,2,"[[2628,4504],[4504,11145]]",0,0,[],2,0,[],0,0,0,0,0,[],4504,0,0,[]
2,2,"[[2286,4505],[4505,8978]]",0,0,[],2,0,[],0,0,0,0,0,[],4505,0,0,[]
2,2,"[[76,4506],[4506,6715]]",0,0,[],2,0,[],0,0,0,0,0,[],4506,0,0,[]
1,1,"[[1962,4507]]",0,0,[],1,0,[],0,0,0,0,0,[],4507,0,0,[]
1,1,"[[4508,7325]]",0,0,[],1,0,[],0,0,0,0,0,[],4508,0,0,[]
1,1,"[[3093,4509]]",0,0,[],1,0,[],0,0,0,0,0,[],4509,0,0,[]
2,2,"[[645,4511],[1363,4511]]",0,0,[],2,0,[],0,0,0,0,0,[],4511,0,0,[]
1,1,"[[2951,4512]]",0,0,[],1,0,[],0,0,0,0,0,[],4512,0,0,[]
2,2,"[[4513,4692],[4513,8636]]",0,0,[],2,0,[],0,0,0,0,0,[],4513,0,0,[]
2,2,"[[2903,4514],[4046,4514]]",0,0,[],2,0,[],0,0,0,0,0,[],4514,0,0,[]
1,1,"[[44,4515]]",0,0,[],1,0,[],0,0,0,0,0,[],4515,0,0,[]
1,1,"[[4516,5732]]",0,0,[],1,0,[],0,0,0,0,0,[],4516,0,0,[]
2,2,"[[2376,4517],[4517,9359]]",0,0,[],2,0,[],0,0,0,0,0,[],4517,0,0,[]
2,2,"[[1214,4518],[3914,4518]]",0,0,[],2,0,[],0,0,0,0,0,[],4518,0,0,[]
2,2,"[[4519,6346],[4519,7664]]",0,0,[],2,0,[],0,0,0,0,0,[],4519,0,0,[]
1,1,"[[4520,12035]]",0,0,[],1,0,[],0,0,0,0,0,[],4520,0,0,[]
1,1,"[[4522,4836]]",0,0,[],1,0,[],0,0,0,0,0,[],4522,0,0,[]
2,2,"[[4084,4523],[4523,5124]]",0,0,[],2,0,[],0,0,0,0,0,[],4523,0,0,[]
2,2,"[[1452,4524],[1453,4524]]",0,0,[],2,0,[],0,0,0,0,0,[],4524,0,0,[]
1,1,"[[4525,8077]]",0,0,[],1,0,[],0,0,0,0,0,[],4525,0,0,[]
2,2,"[[2143,4526],[4526,7469]]",0,0,[],2,0,[],0,0,0,0,0,[],4526,0,0,[]
2,2,"[[4528,10501],[4528,12900]]",0,0,[],2,0,[],0,0,0,0,0,[],4528,0,0,[]
1,1,"[[4428,4529]]",0,0,[],1,0,[],0,0,0,0,0,[],4529,0,0,[]
2,2,"[[1315,4530],[4369,4530]]",0,0,[],2,0,[],0,0,0,0,0,[],4530,0,0,[]
1,1,"[[198,4531]]",0,0,[],1,0,[],0,0,0,0,0,[],4531,0,0,[]
2,2,"[[2618,4532],[4532,4968]]",0,0,[],2,0,[],0,0,0,0,0,[],4532,0,0,[]
1,1,"[[982,4534]]",0,0,[],1,0,[],0,0,0,0,0,[],4534,0,0,[]
1,1,"[[1565,4535]]",0,0,[],1,0,[],0,0,0,0,0,[],4535,0,0,[]
2,2,"[[4536,4841],[4536,7517]]",0,0,[],2,0,[],0,0,0,0,0,[],4536,0,0,[]
1,1,"[[4537,10704]]",0,0,[],1,0,[],0,0,0,0,0,[],4537,0,0,[]
1,1,"[[4538,9840]]",0,0,[],1,0,[],0,0,0,0,0,[],4538,0,0,[]
1,1,"[[4539,4604]]",0,0,[],1,0,[],0,0,0,0,0,[],4539,0,0,[]
2,2,"[[2728,4540],[3515,4540]]",0,0,[],2,0,[],0,0,0,0,0,[],4540,0,0,[]
2,2,"[[972,4541],[4541,6783]]",0,0,[],2,0,[],0,0,0,0,0,[],4541,0,0,[]
1,1,"[[2968,4542]]",0,0,[],1,0,[],0,0,0,0,0,[],4542,0,0,[]
2,2,"[[4543,5316],[4543,6662]]",0,0,[],2,0,[],0,0,0,0,0,[],4543,0,0,[]
1,1,"[[4544,7563]]",0,0,[],1,0,[],0,0,0,0,0,[],4544,0,0,[]
1,1,"[[4546,5614]]",0,0,[],1,0,[],0,0,0,0,0,[],4546,0,0,[]
2,2,"[[622,4547],[4547,9693]]",0,0,[],2,0,[],0,0,0,0,0,[],4547,0,0,[]
1,1,"[[4548,8218]]",0,0,[],1,0,[],0,0,0,0,0,[],4548,0,0,[]
1,1,"[[4549,5955]]",0,0,[],1,0,[],0,0,0,0,0,[],4549,0,0,[]
1,1,"[[467,4550]]",0,0,[],1,0,[],0,0,0,0,0,[],4550,0,0,[]
1,1,"[[294,4553]]",0,0,[],1,0,[],0,0,0,0,0,[],4553,0,0,[]
1,1,"[[2480,4554]]",0,0,[],1,0,[],0,0,0,0,0,[],4554,0,0,[]
2,2,"[[3091,4555],[4555,4617]]",0,0,[],2,0,[],0,0,0,0,0,[],4555,0,0,[]
1,1,"[[3339,4557]]",0,0,[],1,0,[],0,0,0,0,0,[],4557,0,0,[]
2,2,"[[1366,4558],[4234,4558]]",0,0,[],2,0,[],0,0,0,0,0,[],4558,0,0,[]
2,2,"[[4560,5431],[4560,7887]]",0,0,[],2,0,[],0,0,0,0,0,[],4560,0,0,[]
2,2,"[[3159,4561],[4561,5729]]",0,0,[],2,0,[],0,0,0,0,0,[],4561,0,0,[]
2,2,"[[2533,4562],[4562,8283]]",0,0,[],2,0,[],0,0,0,0,0,[],4562,0,0,[]
2,2,"[[21,4564],[1718,4564]]",0,0,[],2,0,[],0,0,0,0,0,[],4564,0,0,[]
1,1,"[[26,4565]]",0,0,[],1,0,[],0,0,0,0,0,[],4565,0,0,[]
2,2,"[[4567,7061],[4567,10838]]",0,0,[],2,0,[],0,0,0,0,0,[],4567,0,0,[]
2,2,"[[1082,4568],[2071,4568]]",0,0,[],2,0,[],0,0,0,0,0,[],4568,0,0,[]
1,1,"[[4570,8621]]",0,0,[],1,0,[],0,0,0,0,0,[],4570,0,0,[]
2,2,"[[159,4571],[4571,7799]]",0,0,[],2,0,[],0,0,0,0,0,[],4571,0,0,[]
2,2,"[[4049,4572],[4420,4572]]",0,0,[],2,0,[],0,0,0,0,0,[],4572,0,0,[]
1,1,"[[4573,5101]]",0,0,[],1,0,[],0,0,0,0,0,[],4573,0,0,[]
2,2,"[[4574,5305],[4574,6330]]",0,0,[],2,0,[],0,0,0,0,0,[],4574,0,0,[]
2,2,"[[2524,4575],[4575,6217]]",0,0,[],2,0,[],0,0,0,0,0,[],4575,0,0,[]
1,1,"[[3758,4576]]",0,0,[],1,0,[],0,0,0,0,0,[],4576,0,0,[]
1,1,"[[2600,4577]]",0,0,[],1,0,[],0,0,0,0,0,[],4577,0,0,[]
1,1,"[[4579,5688]]",0,0,[],1,0,[],0,0,0,0,0,[],4579,0,0,[]
1,1,"[[4580,8393]]",0,0,[],1,0,[],0,0,0,0,0,[],4580,0,0,[]
1,1,"[[4581,8181]]",0,0,[],1,0,[],0,0,0,0,0,[],4581,0,0,[]
1,1,"[[125,4582]]",0,0,[],1,0,[],0,0,0,0,0,[],4582,0,0,[]
2,2,"[[4583,4828],[4583,9667]]",0,0,[],2,0,[],0,0,0,0,0,[],4583,0,0,[]
1,1,"[[4584,6198]]",0,0,[],1,0,[],0,0,0,0,0,[],4584,0,0,[]
2,2,"[[3121,4585],[4585,4695]]",0,0,[],2,0,[],0,0,0,0,0,[],4585,0,0,[]
1,1,"[[4291,4586]]",0,0,[],1,0,[],0,0,0,0,0,[],4586,0,0,[]
1,1,"[[4587,10276]]",0,0,[],1,0,[],0,0,0,0,0,[],4587,0,0,[]
1,1,"[[3292,4588]]",0,0,[],1,0,[],0,0,0,0,0,[],4588,0,0,[]
2,2,"[[1650,4590],[2502,4590]]",0,0,[],2,0,[],0,0,0,0,0,[],4590,0,0,[]
1,1,"[[4591,9619]]",0,0,[],1,0,[],0,0,0,0,0,[],4591,0,0,[]
2,2,"[[4592,4800],[4592,4822]]",0,0,[],2,0,[],0,0,0,0,0,[],4592,0,0,[]
1,1,"[[4593,6225]]",0,0,[],1,0,[],0,0,0,0,0,[],4593,0,0,[]
1,1,"[[3675,4594]]",0,0,[],1,0,[],0,0,0,0,0,[],4594,0,0,[]
2,2,"[[4596,6317],[4596,7877]]",0,0,[],2,0,[],0,0,0,0,0,[],4596,0,0,[]
1,1,"[[3602,4597]]",0,0,[],1,0,[],0,0,0,0,0,[],4597,0,0,[]
1,1,"[[345,4598]]",0,0,[],1,0,[],0,0,0,0,0,[],4598,0,0,[]
2,2,"[[3368,4599],[4599,11528]]",0,0,[],2,0,[],0,0,0,0,0,[],4599,0,0,[]
2,2,"[[915,4600],[1586,4600]]",0,0,[],2,0,[],0,0,0,0,0,[],4600,0,0,[]
2,2,"[[2553,4601],[4601,10817]]",0,0,[],2,0,[],0,0,0,0,0,[],4601,0,0,[]
1,1,"[[4602,4769]]",0,0,[],1,0,[],0,0,0,0,0,[],4602,0,0,[]
2,2,"[[2224,4603],[4603,6352]]",0,0,[],2,0,[],0,0,0,0,0,[],4603,0,0,[]
2,2,"[[4605,5296],[4605,8473]]",0,0,[],2,0,[],0,0,0,0,0,[],4605,0,0,[]
1,1,"[[1057,4606]]",0,0,[],1,0,[],0,0,0,0,0,[],4606,0,0,[]
1,1,"[[4608,12410]]",0,0,[],1,0,[],0,0,0,0,0,[],4608,0,0,[]
1,1,"[[4609,4820]]",0,0,[],1,0,[],0,0,0,0,0,[],4609,0,0,[]
1,1,"[[1215,4612]]",0,0,[],1,0,[],0,0,0,0,0,[],4612,0,0,[]
1,1,"[[3525,4613]]",0,0,[],1,0,[],0,0,0,0,0,[],4613,0,0,[]
1,1,"[[1272,4614]]",0,0,[],1,0,[],0,0,0,0,0,[],4614,0,0,[]
1,1,"[[4615,7653]]",0,0,[],1,0,[],0,0,0,0,0,[],4615,0,0,[]
2,2,"[[4616,10347],[4616,11392]]",0,0,[],2,0,[],0,0,0,0,0,[],4616,0,0,[]
2,2,"[[2842,4617],[3159,4617]]",0,0,[],2,0,[],0,0,0,0,0,[],4617,0,0,[]
1,1,"[[2736,4618]]",0,0,[],1,0,[],0,0,0,0,0,[],4618,0,0,[]
1,1,"[[4619,9174]]",0,0,[],1,0,[],0,0,0,0,0,[],4619,0,0,[]
2,2,"[[2948,4620],[4620,12858]]",0,0,[],2,0,[],0,0,0,0,0,[],4620,0,0,[]
2,2,"[[4621,11090],[4621,12054]]",0,0,[],2,0,[],0,0,0,0,0,[],4621,0,0,[]
2,2,"[[2095,4622],[4622,4700]]",0,0,[],2,0,[],0,0,0,0,0,[],4622,0,0,[]
2,2,"[[4623,6733],[4623,9703]]",0,0,[],2,0,[],0,0,0,0,0,[],4623,0,0,[]
1,1,"[[4624,5396]]",0,0,[],1,0,[],0,0,0,0,0,[],4624,0,0,[]
2,2,"[[413,4625],[1416,4625]]",0,0,[],2,0,[],0,0,0,0,0,[],4625,0,0,[]
1,1,"[[4627,6867]]",0,0,[],1,0,[],0,0,0,0,0,[],4627,0,0,[]
1,1,"[[2916,4628]]",0,0,[],1,0,[],0,0,0,0,0,[],4628,0,0,[]
1,1,"[[3569,4629]]",0,0,[],1,0,[],0,0,0,0,0,[],4629,0,0,[]
2,2,"[[682,4630],[3787,4630]]",0,0,[],2,0,[],0,0,0,0,0,[],4630,0,0,[]
2,2,"[[4631,11083],[4631,12789]]",0,0,[],2,0,[],0,0,0,0,0,[],4631,0,0,[]
2,2,"[[3960,4632],[4632,4757]]",0,0,[],2,0,[],0,0,0,0,0,[],4632,0,0,[]
2,2,"[[4633,5972],[4633,6003]]",0,0,[],2,0,[],0,0,0,0,0,[],4633,0,0,[]
2,2,"[[1451,4634],[3226,4634]]",0,0,[],2,0,[],0,0,0,0,0,[],4634,0,0,[]
1,1,"[[1815,4635]]",0,0,[],1,0,[],0,0,0,0,0,[],4635,0,0,[]
1,1,"[[4636,5069]]",0,0,[],1,0,[],0,0,0,0,0,[],4636,0,0,[]
1,1,"[[4637,12780]]",0,0,[],1,0,[],0,0,0,0,0,[],4637,0,0,[]
1,1,"[[2966,4638]]",0,0,[],1,0,[],0,0,0,0,0,[],4638,0,0,[]
2,2,"[[4639,11429],[4639,13691]]",0,0,[],2,0,[],0,0,0,0,0,[],4639,0,0,[]
1,1,"[[2057,4640]]",0,0,[],1,0,[],0,0,0,0,0,[],4640,0,0,[]
1,1,"[[2089,4641]]",0,0,[],1,0,[],0,0,0,0,0,[],4641,0,0,[]
2,2,"[[4642,5978],[4642,6316]]",0,0,[],2,0,[],0,0,0,0,0,[],4642,0,0,[]
2,2,"[[1435,4643],[3315,4643]]",0,0,[],2,0,[],0,0,0,0,0,[],4643,0,0,[]
2,2,"[[4510,4644],[4644,5556]]",0,0,[],2,0,[],0,0,0,0,0,[],4644,0,0,[]
2,2,"[[4646,8807],[4646,9289]]",0,0,[],2,0,[],0,0,0,0,0,[],4646,0,0,[]
2,2,"[[4647,5382],[4647,11787]]",0,0,[],2,0,[],0,0,0,0,0,[],4647,0,0,[]
2,2,"[[2481,4648],[4297,4648]]",0,0,[],2,0,[],0,0,0,0,0,[],4648,0,0,[]
1,1,"[[1283,4649]]",0,0,[],1,0,[],0,0,0,0,0,[],4649,0,0,[]
1,1,"[[4224,4650]]",0,0,[],1,0,[],0,0,0,0,0,[],4650,0,0,[]
2,2,"[[4651,5417],[4651,6867]]",0,0,[],2,0,[],0,0,0,0,0,[],4651,0,0,[]
1,1,"[[3918,4652]]",0,0,[],1,0,[],0,0,0,0,0,[],4652,0,0,[]
2,2,"[[478,4653],[4653,5113]]",0,0,[],2,0,[],0,0,0,0,0,[],4653,0,0,[]
1,1,"[[4654,6597]]",0,0,[],1,0,[],0,0,0,0,0,[],4654,0,0,[]
1,1,"[[1470,4655]]",0,0,[],1,0,[],0,0,0,0,0,[],4655,0,0,[]
2,2,"[[2572,4656],[3126,4656]]",0,0,[],2,0,[],0,0,0,0,0,[],4656,0,0,[]
1,1,"[[4657,6510]]",0,0,[],1,0,[],0,0,0,0,0,[],4657,0,0,[]
2,2,"[[2079,4658],[4658,11191]]",0,0,[],2,0,[],0,0,0,0,0,[],4658,0,0,[]
2,2,"[[2099,4659],[4659,9745]]",0,0,[],2,0,[],0,0,0,0,0,[],4659,0,0,[]
2,2,"[[4660,7828],[4660,9562]]",0,0,[],2,0,[],0,0,0,0,0,[],4660,0,0,[]
2,2,"[[4661,7935],[4661,8662]]",0,0,[],2,0,[],0,0,0,0,0,[],4661,0,0,[]
2,2,"[[2172,4662],[4662,7017]]",0,0,[],2,0,[],0,0,0,0,0,[],4662,0,0,[]
2,2,"[[95,4663],[4114,4663]]",0,0,[],2,0,[],0,0,0,0,0,[],4663,0,0,[]
2,2,"[[2102,4664],[3934,4664]]",0,0,[],2,0,[],0,0,0,0,0,[],4664,0,0,[]
2,2,"[[4665,12120],[4665,12509]]",0,0,[],2,0,[],0,0,0,0,0,[],4665,0,0,[]
1,1,"[[3231,4666]]",0,0,[],1,0,[],0,0,0,0,0,[],4666,0,0,[]
1,1,"[[3219,4667]]",0,0,[],1,0,[],0,0,0,0,0,[],4667,0,0,[]
2,2,"[[2460,4668],[4668,5266]]",0,0,[],2,0,[],0,0,0,0,0,[],4668,0,0,[]
2,2,"[[3653,4669],[3918,4669]]",0,0,[],2,0,[],0,0,0,0,0,[],4669,0,0,[]
2,2,"[[1627,4670],[4670,5661]]",0,0,[],2,0,[],0,0,0,0,0,[],4670,0,0,[]
2,2,"[[2692,4671],[4671,4685]]",0,0,[],2,0,[],0,0,0,0,0,[],4671,0,0,[]
1,1,"[[3109,4672]]",0,0,[],1,0,[],0,0,0,0,0,[],4672,0,0,[]
1,1,"[[2907,4673]]",0,0,[],1,0,[],0,0,0,0,0,[],4673,0,0,[]
2,2,"[[4674,7970],[4674,10467]]",0,0,[],2,0,[],0,0,0,0,0,[],4674,0,0,[]
2,2,"[[4675,5941],[4675,7591]]",0,0,[],2,0,[],0,0,0,0,0,[],4675,0,0,[]
2,2,"[[4677,8333],[4677,11053]]",0,0,[],2,0,[],0,0,0,0,0,[],4677,0,0,[]
2,2,"[[4678,4913],[4678,6609]]",0,0,[],2,0,[],0,0,0,0,0,[],4678,0,0,[]
2,2,"[[687,4679],[2208,4679]]",0,0,[],2,0,[],0,0,0,0,0,[],4679,0,0,[]
2,2,"[[4681,4785],[4681,6419]]",0,0,[],2,0,[],0,0,0,0,0,[],4681,0,0,[]
2,2,"[[4682,4924],[4682,13137]]",0,0,[],2,0,[],0,0,0,0,0,[],4682,0,0,[]
2,2,"[[4683,6337],[4683,7321]]",0,0,[],2,0,[],0,0,0,0,0,[],4683,0,0,[]
2,2,"[[3977,4684],[4684,12733]]",0,0,[],2,0,[],0,0,0,0,0,[],4684,0,0,[]
1,1,"[[754,4685]]",0,0,[],1,0,[],0,0,0,0,0,[],4685,0,0,[]
2,2,"[[4687,5849],[4687,7217]]",0,0,[],2,0,[],0,0,0,0,0,[],4687,0,0,[]
2,2,"[[3756,4688],[4688,8075]]",0,0,[],2,0,[],0,0,0,0,0,[],4688,0,0,[]
1,1,"[[4689,8497]]",0,0,[],1,0,[],0,0,0,0,0,[],4689,0,0,[]
2,2,"[[1785,4690],[4690,10952]]",0,0,[],2,0,[],0,0,0,0,0,[],4690,0,0,[]
1,1,"[[519,4691]]",0,0,[],1,0,[],0,0,0,0,0,[],4691,0,0,[]
2,2,"[[994,4692],[4692,6064]]",0,0,[],2,0,[],0,0,0,0,0,[],4692,0,0,[]
2,2,"[[4693,10755],[4693,11170]]",0,0,[],2,0,[],0,0,0,0,0,[],4693,0,0,[]
2,2,"[[2279,4697],[2771,4697]]",0,0,[],2,0,[],0,0,0,0,0,[],4697,0,0,[]
1,1,"[[4698,6281]]",0,0,[],1,0,[],0,0,0,0,0,[],4698,0,0,[]
2,2,"[[2162,4699],[2446,4699]]",0,0,[],2,0,[],0,0,0,0,0,[],4699,0,0,[]
1,1,"[[4700,8413]]",0,0,[],1,0,[],0,0,0,0,0,[],4700,0,0,[]
2,2,"[[1283,4702],[4702,5444]]",0,0,[],2,0,[],0,0,0,0,0,[],4702,0,0,[]
1,1,"[[4703,10386]]",0,0,[],1,0,[],0,0,0,0,0,[],4703,0,0,[]
2,2,"[[4704,5096],[4704,6174]]",0,0,[],2,0,[],0,0,0,0,0,[],4704,0,0,[]
2,2,"[[4705,5888],[4705,7407]]",0,0,[],2,0,[],0,0,0,0,0,[],4705,0,0,[]
2,2,"[[4556,4706],[4706,7109]]",0,0,[],2,0,[],0,0,0,0,0,[],4706,0,0,[]
2,2,"[[1447,4707],[4385,4707]]",0,0,[],2,0,[],0,0,0,0,0,[],4707,0,0,[]
2,2,"[[1234,4708],[4708,13464]]",0,0,[],2,0,[],0,0,0,0,0,[],4708,0,0,[]
2,2,"[[3516,4709],[3656,4709]]",0,0,[],2,0,[],0,0,0,0,0,[],4709,0,0,[]
2,2,"[[1634,4710],[3850,4710]]",0,0,[],2,0,[],0,0,0,0,0,[],4710,0,0,[]
1,1,"[[2775,4711]]",0,0,[],1,0,[],0,0,0,0,0,[],4711,0,0,[]
2,2,"[[4712,6647],[4712,7962]]",0,0,[],2,0,[],0,0,0,0,0,[],4712,0,0,[]
2,2,"[[1383,4713],[4044,4713]]",0,0,[],2,0,[],0,0,0,0,0,[],4713,0,0,[]
1,1,"[[2938,4714]]",0,0,[],1,0,[],0,0,0,0,0,[],4714,0,0,[]
2,2,"[[888,4715],[4370,4715]]",0,0,[],2,0,[],0,0,0,0,0,[],4715,0,0,[]
2,2,"[[4716,8355],[4716,11361]]",0,0,[],2,0,[],0,0,0,0,0,[],4716,0,0,[]
2,2,"[[4717,5159],[4717,5659]]",0,0,[],2,0,[],0,0,0,0,0,[],4717,0,0,[]
2,2,"[[4718,5612],[4718,6432]]",0,0,[],2,0,[],0,0,0,0,0,[],4718,0,0,[]
2,2,"[[4719,8434],[4719,8865]]",0,0,[],2,0,[],0,0,0,0,0,[],4719,0,0,[]
2,2,"[[2304,4720],[4720,5829]]",0,0,[],2,0,[],0,0,0,0,0,[],4720,0,0,[]
1,1,"[[4721,7646]]",0,0,[],1,0,[],0,0,0,0,0,[],4721,0,0,[]
2,2,"[[4723,5116],[4723,6732]]",0,0,[],2,0,[],0,0,0,0,0,[],4723,0,0,[]
1,1,"[[4724,9813]]",0,0,[],1,0,[],0,0,0,0,0,[],4724,0,0,[]
1,1,"[[4725,9634]]",0,0,[],1,0,[],0,0,0,0,0,[],4725,0,0,[]
1,1,"[[4726,7268]]",0,0,[],1,0,[],0,0,0,0,0,[],4726,0,0,[]
2,2,"[[4727,6602],[4727,7803]]",0,0,[],2,0,[],0,0,0,0,0,[],4727,0,0,[]
1,1,"[[1245,4728]]",0,0,[],1,0,[],0,0,0,0,0,[],4728,0,0,[]
1,1,"[[4729,7160]]",0,0,[],1,0,[],0,0,0,0,0,[],4729,0,0,[]
2,2,"[[3055,4730],[4730,6216]]",0,0,[],2,0,[],0,0,0,0,0,[],4730,0,0,[]
1,1,"[[1528,4731]]",0,0,[],1,0,[],0,0,0,0,0,[],4731,0,0,[]
1,1,"[[2552,4732]]",0,0,[],1,0,[],0,0,0,0,0,[],4732,0,0,[]
2,2,"[[2046,4733],[4733,12929]]",0,0,[],2,0,[],0,0,0,0,0,[],4733,0,0,[]
2,2,"[[4734,8275],[4734,10163]]",0,0,[],2,0,[],0,0,0,0,0,[],4734,0,0,[]
2,2,"[[4735,5922],[4735,8866]]",0,0,[],2,0,[],0,0,0,0,0,[],4735,0,0,[]
1,1,"[[2148,4736]]",0,0,[],1,0,[],0,0,0,0,0,[],4736,0,0,[]
2,2,"[[4737,5800],[4737,12462]]",0,0,[],2,0,[],0,0,0,0,0,[],4737,0,0,[]
2,2,"[[4738,7449],[4738,8746]]",0,0,[],2,0,[],0,0,0,0,0,[],4738,0,0,[]
2,2,"[[4740,6531],[4740,6689]]",0,0,[],2,0,[],0,0,0,0,0,[],4740,0,0,[]
1,1,"[[1136,4742]]",0,0,[],1,0,[],0,0,0,0,0,[],4742,0,0,[]
1,1,"[[4743,5363]]",0,0,[],1,0,[],0,0,0,0,0,[],4743,0,0,[]
2,2,"[[430,4744],[4744,8512]]",0,0,[],2,0,[],0,0,0,0,0,[],4744,0,0,[]
1,1,"[[4745,5344]]",0,0,[],1,0,[],0,0,0,0,0,[],4745,0,0,[]
1,1,"[[4746,4756]]",0,0,[],1,0,[],0,0,0,0,0,[],4746,0,0,[]
2,2,"[[2619,4747],[4106,4747]]",0,0,[],2,0,[],0,0,0,0,0,[],4747,0,0,[]
1,1,"[[2759,4748]]",0,0,[],1,0,[],0,0,0,0,0,[],4748,0,0,[]
2,2,"[[497,4749],[4749,7260]]",0,0,[],2,0,[],0,0,0,0,0,[],4749,0,0,[]
2,2,"[[2024,4751],[3086,4751]]",0,0,[],2,0,[],0,0,0,0,0,[],4751,0,0,[]
1,1,"[[4752,10479]]",0,0,[],1,0,[],0,0,0,0,0,[],4752,0,0,[]
2,2,"[[4753,6790],[4753,8625]]",0,0,[],2,0,[],0,0,0,0,0,[],4753,0,0,[]
2,2,"[[4201,4754],[4754,9502]]",0,0,[],2,0,[],0,0,0,0,0,[],4754,0,0,[]
1,1,"[[1138,4755]]",0,0,[],1,0,[],0,0,0,0,0,[],4755,0,0,[]
1,1,"[[4756,6819]]",0,0,[],1,0,[],0,0,0,0,0,[],4756,0,0,[]
1,1,"[[4757,6270]]",0,0,[],1,0,[],0,0,0,0,0,[],4757,0,0,[]
2,2,"[[3782,4758],[4571,4758]]",0,0,[],2,0,[],0,0,0,0,0,[],4758,0,0,[]
2,2,"[[1381,4759],[3665,4759]]",0,0,[],2,0,[],0,0,0,0,0,[],4759,0,0,[]
1,1,"[[3427,4760]]",0,0,[],1,0,[],0,0,0,0,0,[],4760,0,0,[]
1,1,"[[4761,10563]]",0,0,[],1,0,[],0,0,0,0,0,[],4761,0,0,[]
1,1,"[[26,4762]]",0,0,[],1,0,[],0,0,0,0,0,[],4762,0,0,[]
1,1,"[[4763,9686]]",0,0,[],1,0,[],0,0,0,0,0,[],4763,0,0,[]
2,2,"[[4764,5491],[4764,10695]]",0,0,[],2,0,[],0,0,0,0,0,[],4764,0,0,[]
1,1,"[[4765,10976]]",0,0,[],1,0,[],0,0,0,0,0,[],4765,0,0,[]
2,2,"[[2701,4766],[4766,10775]]",0,0,[],2,0,[],0,0,0,0,0,[],4766,0,0,[]
1,1,"[[322,4767]]",0,0,[],1,0,[],0,0,0,0,0,[],4767,0,0,[]
1,1,"[[4768,11486]]",0,0,[],1,0,[],0,0,0,0,0,[],4768,0,0,[]
2,2,"[[2465,4769],[4769,5775]]",0,0,[],2,0,[],0,0,0,0,0,[],4769,0,0,[]
1,1,"[[4356,4770]]",0,0,[],1,0,[],0,0,0,0,0,[],4770,0,0,[]
2,2,"[[2536,4771],[4771,11242]]",0,0,[],2,0,[],0,0,0,0,0,[],4771,0,0,[]
1,1,"[[2944,4772]]",0,0,[],1,0,[],0,0,0,0,0,[],4772,0,0,[]
1,1,"[[1964,4773]]",0,0,[],1,0,[],0,0,0,0,0,[],4773,0,0,[]
2,2,"[[1519,4774],[4774,7540]]",0,0,[],2,0,[],0,0,0,0,0,[],4774,0,0,[]
2,2,"[[840,4775],[4775,10345]]",0,0,[],2,0,[],0,0,0,0,0,[],4775,0,0,[]
2,2,"[[2114,4776],[4776,4837]]",0,0,[],2,0,[],0,0,0,0,0,[],4776,0,0,[]
2,2,"[[4648,4777],[4777,6146]]",0,0,[],2,0,[],0,0,0,0,0,[],4777,0,0,[]
2,2,"[[2246,4778],[2916,4778]]",0,0,[],2,0,[],0,0,0,0,0,[],4778,0,0,[]
2,2,"[[985,4779],[4779,9112]]",0,0,[],2,0,[],0,0,0,0,0,[],4779,0,0,[]
2,2,"[[4780,5765],[4780,9748]]",0,0,[],2,0,[],0,0,0,0,0,[],4780,0,0,[]
2,2,"[[4781,9514],[4781,10199]]",0,0,[],2,0,[],0,0,0,0,0,[],4781,0,0,[]
2,2,"[[837,4782],[3035,4782]]",0,0,[],2,0,[],0,0,0,0,0,[],4782,0,0,[]
2,2,"[[4132,4783],[4783,12112]]",0,0,[],2,0,[],0,0,0,0,0,[],4783,0,0,[]
1,1,"[[4784,9220]]",0,0,[],1,0,[],0,0,0,0,0,[],4784,0,0,[]
1,1,"[[4785,5023]]",0,0,[],1,0,[],0,0,0,0,0,[],4785,0,0,[]
1,1,"[[4786,5797]]",0,0,[],1,0,[],0,0,0,0,0,[],4786,0,0,[]
1,1,"[[3074,4788]]",0,0,[],1,0,[],0,0,0,0,0,[],4788,0,0,[]
2,2,"[[2484,4789],[4789,5970]]",0,0,[],2,0,[],0,0,0,0,0,[],4789,0,0,[]
2,2,"[[1147,4790],[4790,6071]]",0,0,[],2,0,[],0,0,0,0,0,[],4790,0,0,[]
2,2,"[[4791,7409],[4791,7543]]",0,0,[],2,0,[],0,0,0,0,0,[],4791,0,0,[]
1,1,"[[1249,4792]]",0,0,[],1,0,[],0,0,0,0,0,[],4792,0,0,[]
1,1,"[[1637,4793]]",0,0,[],1,0,[],0,0,0,0,0,[],4793,0,0,[]
1,1,"[[4795,8521]]",0,0,[],1,0,[],0,0,0,0,0,[],4795,0,0,[]
2,2,"[[4797,6790],[4797,12447]]",0,0,[],2,0,[],0,0,0,0,0,[],4797,0,0,[]
2,2,"[[4798,4980],[4798,6453]]",0,0,[],2,0,[],0,0,0,0,0,[],4798,0,0,[]
1,1,"[[1688,4800]]",0,0,[],1,0,[],0,0,0,0,0,[],4800,0,0,[]
1,1,"[[4803,10049]]",0,0,[],1,0,[],0,0,0,0,0,[],4803,0,0,[]
1,1,"[[4361,4804]]",0,0,[],1,0,[],0,0,0,0,0,[],4804,0,0,[]
2,2,"[[4414,4805],[4720,4805]]",0,0,[],2,0,[],0,0,0,0,0,[],4805,0,0,[]
2,2,"[[4806,7044],[4806,10736]]",0,0,[],2,0,[],0,0,0,0,0,[],4806,0,0,[]
1,1,"[[4808,9056]]",0,0,[],1,0,[],0,0,0,0,0,[],4808,0,0,[]
1,1,"[[4810,9024]]",0,0,[],1,0,[],0,0,0,0,0,[],4810,0,0,[]
2,2,"[[4812,5145],[4812,6053]]",0,0,[],2,0,[],0,0,0,0,0,[],4812,0,0,[]
2,2,"[[3412,4813],[4813,5555]]",0,0,[],2,0,[],0,0,0,0,0,[],4813,0,0,[]
2,2,"[[3549,4814],[4814,7601]]",0,0,[],2,0,[],0,0,0,0,0,[],4814,0,0,[]
1,1,"[[4398,4815]]",0,0,[],1,0,[],0,0,0,0,0,[],4815,0,0,[]
2,2,"[[4816,6910],[4816,7226]]",0,0,[],2,0,[],0,0,0,0,0,[],4816,0,0,[]
2,2,"[[672,4818],[4818,6201]]",0,0,[],2,0,[],0,0,0,0,0,[],4818,0,0,[]
1,1,"[[4819,7474]]",0,0,[],1,0,[],0,0,0,0,0,[],4819,0,0,[]
2,2,"[[4820,5823],[4820,5894]]",0,0,[],2,0,[],0,0,0,0,0,[],4820,0,0,[]
1,1,"[[4821,8589]]",0,0,[],1,0,[],0,0,0,0,0,[],4821,0,0,[]
1,1,"[[1688,4822]]",0,0,[],1,0,[],0,0,0,0,0,[],4822,0,0,[]
2,2,"[[4054,4823],[4823,4984]]",0,0,[],2,0,[],0,0,0,0,0,[],4823,0,0,[]
2,2,"[[4824,6713],[4824,7073]]",0,0,[],2,0,[],0,0,0,0,0,[],4824,0,0,[]
2,2,"[[1202,4825],[4825,7944]]",0,0,[],2,0,[],0,0,0,0,0,[],4825,0,0,[]
2,2,"[[3418,4826],[4826,9112]]",0,0,[],2,0,[],0,0,0,0,0,[],4826,0,0,[]
1,1,"[[782,4828]]",0,0,[],1,0,[],0,0,0,0,0,[],4828,0,0,[]
2,2,"[[3624,4829],[4829,6153]]",0,0,[],2,0,[],0,0,0,0,0,[],4829,0,0,[]
2,2,"[[3748,4830],[4830,5136]]",0,0,[],2,0,[],0,0,0,0,0,[],4830,0,0,[]
2,2,"[[2613,4833],[4833,12752]]",0,0,[],2,0,[],0,0,0,0,0,[],4833,0,0,[]
2,2,"[[4834,5419],[4834,5842]]",0,0,[],2,0,[],0,0,0,0,0,[],4834,0,0,[]
2,2,"[[1214,4835],[3024,4835]]",0,0,[],2,0,[],0,0,0,0,0,[],4835,0,0,[]
2,2,"[[4837,6217],[4837,8746]]",0,0,[],2,0,[],0,0,0,0,0,[],4837,0,0,[]
2,2,"[[3622,4838],[4838,6045]]",0,0,[],2,0,[],0,0,0,0,0,[],4838,0,0,[]
1,1,"[[4839,5976]]",0,0,[],1,0,[],0,0,0,0,0,[],4839,0,0,[]
2,2,"[[4840,10089],[4840,12210]]",0,0,[],2,0,[],0,0,0,0,0,[],4840,0,0,[]
2,2,"[[4841,10030],[4841,10636]]",0,0,[],2,0,[],0,0,0,0,0,[],4841,0,0,[]
2,2,"[[2627,4842],[4842,13314]]",0,0,[],2,0,[],0,0,0,0,0,[],4842,0,0,[]
2,2,"[[4843,7875],[4843,8984]]",0,0,[],2,0,[],0,0,0,0,0,[],4843,0,0,[]
1,1,"[[4844,5141]]",0,0,[],1,0,[],0,0,0,0,0,[],4844,0,0,[]
1,1,"[[4845,9296]]",0,0,[],1,0,[],0,0,0,0,0,[],4845,0,0,[]
2,2,"[[2701,4846],[4846,5173]]",0,0,[],2,0,[],0,0,0,0,0,[],4846,0,0,[]
1,1,"[[1557,4848]]",0,0,[],1,0,[],0,0,0,0,0,[],4848,0,0,[]
2,2,"[[3725,4849],[3886,4849]]",0,0,[],2,0,[],0,0,0,0,0,[],4849,0,0,[]
2,2,"[[2644,4850],[4070,4850]]",0,0,[],2,0,[],0,0,0,0,0,[],4850,0,0,[]
1,1,"[[2373,4851]]",0,0,[],1,0,[],0,0,0,0,0,[],4851,0,0,[]
2,2,"[[3252,4852],[4852,10310]]",0,0,[],2,0,[],0,0,0,0,0,[],4852,0,0,[]
1,1,"[[4853,7631]]",0,0,[],1,0,[],0,0,0,0,0,[],4853,0,0,[]
1,1,"[[271,4854]]",0,0,[],1,0,[],0,0,0,0,0,[],4854,0,0,[]
2,2,"[[4855,5739],[4855,7691]]",0,0,[],2,0,[],0,0,0,0,0,[],4855,0,0,[]
1,1,"[[4856,6164]]",0,0,[],1,0,[],0,0,0,0,0,[],4856,0,0,[]
2,2,"[[1557,4857],[3693,4857]]",0,0,[],2,0,[],0,0,0,0,0,[],4857,0,0,[]
2,2,"[[3307,4858],[4858,6290]]",0,0,[],2,0,[],0,0,0,0,0,[],4858,0,0,[]
2,2,"[[4859,9850],[4859,11115]]",0,0,[],2,0,[],0,0,0,0,0,[],4859,0,0,[]
1,1,"[[3240,4860]]",0,0,[],1,0,[],0,0,0,0,0,[],4860,0,0,[]
2,2,"[[864,4861],[4861,8453]]",0,0,[],2,0,[],0,0,0,0,0,[],4861,0,0,[]
1,1,"[[3643,4862]]",0,0,[],1,0,[],0,0,0,0,0,[],4862,0,0,[]
1,1,"[[4863,8960]]",0,0,[],1,0,[],0,0,0,0,0,[],4863,0,0,[]
2,2,"[[4864,5525],[4864,6726]]",0,0,[],2,0,[],0,0,0,0,0,[],4864,0,0,[]
1,1,"[[4866,6723]]",0,0,[],1,0,[],0,0,0,0,0,[],4866,0,0,[]
1,1,"[[3589,4867]]",0,0,[],1,0,[],0,0,0,0,0,[],4867,0,0,[]
1,1,"[[1784,4868]]",0,0,[],1,0,[],0,0,0,0,0,[],4868,0,0,[]
1,1,"[[4869,9394]]",0,0,[],1,0,[],0,0,0,0,0,[],4869,0,0,[]
2,2,"[[4625,4870],[4870,6167]]",0,0,[],2,0,[],0,0,0,0,0,[],4870,0,0,[]
2,2,"[[1588,4872],[3800,4872]]",0,0,[],2,0,[],0,0,0,0,0,[],4872,0,0,[]
2,2,"[[4874,11638],[4874,12276]]",0,0,[],2,0,[],0,0,0,0,0,[],4874,0,0,[]
2,2,"[[4476,4875],[4875,9077]]",0,0,[],2,0,[],0,0,0,0,0,[],4875,0,0,[]
2,2,"[[2555,4876],[3770,4876]]",0,0,[],2,0,[],0,0,0,0,0,[],4876,0,0,[]
2,2,"[[4877,5422],[4877,6515]]",0,0,[],2,0,[],0,0,0,0,0,[],4877,0,0,[]
2,2,"[[1226,4879],[2450,4879]]",0,0,[],2,0,[],0,0,0,0,0,[],4879,0,0,[]
2,2,"[[31,4880],[3900,4880]]",0,0,[],2,0,[],0,0,0,0,0,[],4880,0,0,[]
1,1,"[[456,4881]]",0,0,[],1,0,[],0,0,0,0,0,[],4881,0,0,[]
1,1,"[[4882,9873]]",0,0,[],1,0,[],0,0,0,0,0,[],4882,0,0,[]
1,1,"[[4883,5773]]",0,0,[],1,0,[],0,0,0,0,0,[],4883,0,0,[]
1,1,"[[4884,8361]]",0,0,[],1,0,[],0,0,0,0,0,[],4884,0,0,[]
2,2,"[[4885,7578],[4885,9926]]",0,0,[],2,0,[],0,0,0,0,0,[],4885,0,0,[]
2,2,"[[4886,6112],[4886,8968]]",0,0,[],2,0,[],0,0,0,0,0,[],4886,0,0,[]
2,2,"[[3922,4887],[4887,9123]]",0,0,[],2,0,[],0,0,0,0,0,[],4887,0,0,[]
2,2,"[[2487,4888],[4888,5641]]",0,0,[],2,0,[],0,0,0,0,0,[],4888,0,0,[]
2,2,"[[1849,4889],[4889,5402]]",0,0,[],2,0,[],0,0,0,0,0,[],4889,0,0,[]
2,2,"[[746,4890],[1129,4890]]",0,0,[],2,0,[],0,0,0,0,0,[],4890,0,0,[]
2,2,"[[190,4891],[4891,10244]]",0,0,[],2,0,[],0,0,0,0,0,[],4891,0,0,[]
2,2,"[[4892,4983],[4892,7029]]",0,0,[],2,0,[],0,0,0,0,0,[],4892,0,0,[]
1,1,"[[4045,4893]]",0,0,[],1,0,[],0,0,0,0,0,[],4893,0,0,[]
2,2,"[[4593,4894],[4894,7066]]",0,0,[],2,0,[],0,0,0,0,0,[],4894,0,0,[]
2,2,"[[4895,10053],[4895,10812]]",0,0,[],2,0,[],0,0,0,0,0,[],4895,0,0,[]
2,2,"[[1398,4896],[3849,4896]]",0,0,[],2,0,[],0,0,0,0,0,[],4896,0,0,[]
2,2,"[[1532,4897],[4897,6455]]",0,0,[],2,0,[],0,0,0,0,0,[],4897,0,0,[]
1,1,"[[4900,9210]]",0,0,[],1,0,[],0,0,0,0,0,[],4900,0,0,[]
1,1,"[[4902,13316]]",0,0,[],1,0,[],0,0,0,0,0,[],4902,0,0,[]
1,1,"[[4903,8428]]",0,0,[],1,0,[],0,0,0,0,0,[],4903,0,0,[]
1,1,"[[4696,4905]]",0,0,[],1,0,[],0,0,0,0,0,[],4905,0,0,[]
1,1,"[[4906,5507]]",0,0,[],1,0,[],0,0,0,0,0,[],4906,0,0,[]
2,2,"[[4907,7581],[4907,13140]]",0,0,[],2,0,[],0,0,0,0,0,[],4907,0,0,[]
2,2,"[[4794,4908],[4908,8072]]",0,0,[],2,0,[],0,0,0,0,0,[],4908,0,0,[]
1,1,"[[4909,9689]]",0,0,[],1,0,[],0,0,0,0,0,[],4909,0,0,[]
2,2,"[[2766,4910],[3883,4910]]",0,0,[],2,0,[],0,0,0,0,0,[],4910,0,0,[]
2,2,"[[2983,4911],[4911,5984]]",0,0,[],2,0,[],0,0,0,0,0,[],4911,0,0,[]
1,1,"[[4913,11785]]",0,0,[],1,0,[],0,0,0,0,0,[],4913,0,0,[]
1,1,"[[4914,7346]]",0,0,[],1,0,[],0,0,0,0,0,[],4914,0,0,[]
2,2,"[[4915,5333],[4915,7539]]",0,0,[],2,0,[],0,0,0,0,0,[],4915,0,0,[]
1,1,"[[4916,8952]]",0,0,[],1,0,[],0,0,0,0,0,[],4916,0,0,[]
1,1,"[[2348,4918]]",0,0,[],1,0,[],0,0,0,0,0,[],4918,0,0,[]
1,1,"[[2748,4919]]",0,0,[],1,0,[],0,0,0,0,0,[],4919,0,0,[]
1,1,"[[4920,11936]]",0,0,[],1,0,[],0,0,0,0,0,[],4920,0,0,[]
1,1,"[[4921,12274]]",0,0,[],1,0,[],0,0,0,0,0,[],4921,0,0,[]
1,1,"[[4922,5939]]",0,0,[],1,0,[],0,0,0,0,0,[],4922,0,0,[]
1,1,"[[756,4923]]",0,0,[],1,0,[],0,0,0,0,0,[],4923,0,0,[]
1,1,"[[2478,4924]]",0,0,[],1,0,[],0,0,0,0,0,[],4924,0,0,[]
2,2,"[[3138,4925],[4925,6343]]",0,0,[],2,0,[],0,0,0,0,0,[],4925,0,0,[]
1,1,"[[4926,9219]]",0,0,[],1,0,[],0,0,0,0,0,[],4926,0,0,[]
1,1,"[[4927,6665]]",0,0,[],1,0,[],0,0,0,0,0,[],4927,0,0,[]
2,2,"[[4928,5305],[4928,6330]]",0,0,[],2,0,[],0,0,0,0,0,[],4928,0,0,[]
2,2,"[[533,4929],[4929,6920]]",0,0,[],2,0,[],0,0,0,0,0,[],4929,0,0,[]
2,2,"[[4930,9682],[4930,13403]]",0,0,[],2,0,[],0,0,0,0,0,[],4930,0,0,[]
2,2,"[[4931,5649],[4931,5659]]",0,0,[],2,0,[],0,0,0,0,0,[],4931,0,0,[]
1,1,"[[4932,9437]]",0,0,[],1,0,[],0,0,0,0,0,[],4932,0,0,[]
2,2,"[[654,4933],[4933,9712]]",0,0,[],2,0,[],0,0,0,0,0,[],4933,0,0,[]
2,2,"[[457,4934],[4464,4934]]",0,0,[],2,0,[],0,0,0,0,0,[],4934,0,0,[]
2,2,"[[4935,6207],[4935,11485]]",0,0,[],2,0,[],0,0,0,0,0,[],4935,0,0,[]
1,1,"[[4936,9784]]",0,0,[],1,0,[],0,0,0,0,0,[],4936,0,0,[]
1,1,"[[4937,10600]]",0,0,[],1,0,[],0,0,0,0,0,[],4937,0,0,[]
2,2,"[[4938,8781],[4938,10051]]",0,0,[],2,0,[],0,0,0,0,0,[],4938,0,0,[]
2,2,"[[4776,4939],[4939,10510]]",0,0,[],2,0,[],0,0,0,0,0,[],4939,0,0,[]
1,1,"[[4501,4940]]",0,0,[],1,0,[],0,0,0,0,0,[],4940,0,0,[]
2,2,"[[2056,4942],[4942,9452]]",0,0,[],2,0,[],0,0,0,0,0,[],4942,0,0,[]
1,1,"[[4945,6353]]",0,0,[],1,0,[],0,0,0,0,0,[],4945,0,0,[]
1,1,"[[4946,10673]]",0,0,[],1,0,[],0,0,0,0,0,[],4946,0,0,[]
1,1,"[[4947,8030]]",0,0,[],1,0,[],0,0,0,0,0,[],4947,0,0,[]
2,2,"[[1880,4948],[4948,13394]]",0,0,[],2,0,[],0,0,0,0,0,[],4948,0,0,[]
1,1,"[[2522,4950]]",0,0,[],1,0,[],0,0,0,0,0,[],4950,0,0,[]
2,2,"[[3694,4952],[4952,5001]]",0,0,[],2,0,[],0,0,0,0,0,[],4952,0,0,[]
2,2,"[[4953,7743],[4953,8189]]",0,0,[],2,0,[],0,0,0,0,0,[],4953,0,0,[]
2,2,"[[4954,9233],[4954,9246]]",0,0,[],2,0,[],0,0,0,0,0,[],4954,0,0,[]
2,2,"[[3066,4955],[4955,5561]]",0,0,[],2,0,[],0,0,0,0,0,[],4955,0,0,[]
2,2,"[[4706,4956],[4956,5509]]",0,0,[],2,0,[],0,0,0,0,0,[],4956,0,0,[]
2,2,"[[4957,6525],[4957,8326]]",0,0,[],2,0,[],0,0,0,0,0,[],4957,0,0,[]
2,2,"[[3706,4958],[4464,4958]]",0,0,[],2,0,[],0,0,0,0,0,[],4958,0,0,[]
1,1,"[[72,4959]]",0,0,[],1,0,[],0,0,0,0,0,[],4959,0,0,[]
2,2,"[[83,4960],[557,4960]]",0,0,[],2,0,[],0,0,0,0,0,[],4960,0,0,[]
2,2,"[[1456,4961],[4961,8029]]",0,0,[],2,0,[],0,0,0,0,0,[],4961,0,0,[]
2,2,"[[4962,7143],[4962,11209]]",0,0,[],2,0,[],0,0,0,0,0,[],4962,0,0,[]
2,2,"[[937,4963],[4963,13343]]",0,0,[],2,0,[],0,0,0,0,0,[],4963,0,0,[]
1,1,"[[4964,5724]]",0,0,[],1,0,[],0,0,0,0,0,[],4964,0,0,[]
2,2,"[[859,4965],[4965,10261]]",0,0,[],2,0,[],0,0,0,0,0,[],4965,0,0,[]
2,2,"[[4966,5055],[4966,10513]]",0,0,[],2,0,[],0,0,0,0,0,[],4966,0,0,[]
2,2,"[[4967,9090],[4967,9537]]",0,0,[],2,0,[],0,0,0,0,0,[],4967,0,0,[]
1,1,"[[3018,4968]]",0,0,[],1,0,[],0,0,0,0,0,[],4968,0,0,[]
2,2,"[[2796,4970],[4970,7556]]",0,0,[],2,0,[],0,0,0,0,0,[],4970,0,0,[]
1,1,"[[855,4971]]",0,0,[],1,0,[],0,0,0,0,0,[],4971,0,0,[]
1,1,"[[4972,10731]]",0,0,[],1,0,[],0,0,0,0,0,[],4972,0,0,[]
2,2,"[[3197,4973],[4973,12971]]",0,0,[],2,0,[],0,0,0,0,0,[],4973,0,0,[]
2,2,"[[4974,5199],[4974,9158]]",0,0,[],2,0,[],0,0,0,0,0,[],4974,0,0,[]
2,2,"[[2006,4975],[2111,4975]]",0,0,[],2,0,[],0,0,0,0,0,[],4975,0,0,[]
2,2,"[[1236,4976],[4976,6576]]",0,0,[],2,0,[],0,0,0,0,0,[],4976,0,0,[]
2,2,"[[3579,4978],[4978,7809]]",0,0,[],2,0,[],0,0,0,0,0,[],4978,0,0,[]
2,2,"[[1630,4979],[2585,4979]]",0,0,[],2,0,[],0,0,0,0,0,[],4979,0,0,[]
2,2,"[[3531,4980],[4980,10091]]",0,0,[],2,0,[],0,0,0,0,0,[],4980,0,0,[]
2,2,"[[2693,4981],[2771,4981]]",0,0,[],2,0,[],0,0,0,0,0,[],4981,0,0,[]
1,1,"[[4200,4982]]",0,0,[],1,0,[],0,0,0,0,0,[],4982,0,0,[]
1,1,"[[1812,4983]]",0,0,[],1,0,[],0,0,0,0,0,[],4983,0,0,[]
1,1,"[[4551,4985]]",0,0,[],1,0,[],0,0,0,0,0,[],4985,0,0,[]
2,2,"[[3620,4986],[4986,9727]]",0,0,[],2,0,[],0,0,0,0,0,[],4986,0,0,[]
2,2,"[[1479,4987],[3799,4987]]",0,0,[],2,0,[],0,0,0,0,0,[],4987,0,0,[]
2,2,"[[4988,8196],[4988,9217]]",0,0,[],2,0,[],0,0,0,0,0,[],4988,0,0,[]
2,2,"[[4989,7846],[4989,8978]]",0,0,[],2,0,[],0,0,0,0,0,[],4989,0,0,[]
1,1,"[[4990,9909]]",0,0,[],1,0,[],0,0,0,0,0,[],4990,0,0,[]
1,1,"[[4991,6589]]",0,0,[],1,0,[],0,0,0,0,0,[],4991,0,0,[]
2,2,"[[191,4992],[3121,4992]]",0,0,[],2,0,[],0,0,0,0,0,[],4992,0,0,[]
1,1,"[[4551,4993]]",0,0,[],1,0,[],0,0,0,0,0,[],4993,0,0,[]
2,2,"[[536,4994],[2367,4994]]",0,0,[],2,0,[],0,0,0,0,0,[],4994,0,0,[]
2,2,"[[4995,6680],[4995,13153]]",0,0,[],2,0,[],0,0,0,0,0,[],4995,0,0,[]
1,1,"[[4709,4997]]",0,0,[],1,0,[],0,0,0,0,0,[],4997,0,0,[]
1,1,"[[4998,5066]]",0,0,[],1,0,[],0,0,0,0,0,[],4998,0,0,[]
1,1,"[[3282,4999]]",0,0,[],1,0,[],0,0,0,0,0,[],4999,0,0,[]
1,1,"[[5000,5522]]",0,0,[],1,0,[],0,0,0,0,0,[],5000,0,0,[]
2,2,"[[3453,5001],[5001,9644]]",0,0,[],2,0,[],0,0,0,0,0,[],5001,0,0,[]
2,2,"[[3322,5002],[5002,7816]]",0,0,[],2,0,[],0,0,0,0,0,[],5002,0,0,[]
1,1,"[[2818,5003]]",0,0,[],1,0,[],0,0,0,0,0,[],5003,0,0,[]
2,2,"[[3079,5004],[4657,5004]]",0,0,[],2,0,[],0,0,0,0,0,[],5004,0,0,[]
2,2,"[[3661,5005],[5005,7973]]",0,0,[],2,0,[],0,0,0,0,0,[],5005,0,0,[]
1,1,"[[5007,7232]]",0,0,[],1,0,[],0,0,0,0,0,[],5007,0,0,[]
2,2,"[[5008,8379],[5008,12240]]",0,0,[],2,0,[],0,0,0,0,0,[],5008,0,0,[]
1,1,"[[5009,6509]]",0,0,[],1,0,[],0,0,0,0,0,[],5009,0,0,[]
1,1,"[[3690,5013]]",0,0,[],1,0,[],0,0,0,0,0,[],5013,0,0,[]
2,2,"[[5014,5951],[5014,8894]]",0,0,[],2,0,[],0,0,0,0,0,[],5014,0,0,[]
1,1,"[[3574,5015]]",0,0,[],1,0,[],0,0,0,0,0,[],5015,0,0,[]
2,2,"[[5016,5767],[5016,6904]]",0,0,[],2,0,[],0,0,0,0,0,[],5016,0,0,[]
1,1,"[[3923,5017]]",0,0,[],1,0,[],0,0,0,0,0,[],5017,0,0,[]
1,1,"[[5018,11930]]",0,0,[],1,0,[],0,0,0,0,0,[],5018,0,0,[]
1,1,"[[4141,5019]]",0,0,[],1,0,[],0,0,0,0,0,[],5019,0,0,[]
1,1,"[[366,5020]]",0,0,[],1,0,[],0,0,0,0,0,[],5020,0,0,[]
1,1,"[[5021,7521]]",0,0,[],1,0,[],0,0,0,0,0,[],5021,0,0,[]
1,1,"[[5022,7265]]",0,0,[],1,0,[],0,0,0,0,0,[],5022,0,0,[]
2,2,"[[4427,5023],[5023,7098]]",0,0,[],2,0,[],0,0,0,0,0,[],5023,0,0,[]
2,2,"[[4416,5024],[4743,5024]]",0,0,[],2,0,[],0,0,0,0,0,[],5024,0,0,[]
2,2,"[[5025,5111],[5025,8331]]",0,0,[],2,0,[],0,0,0,0,0,[],5025,0,0,[]
2,2,"[[3397,5026],[5026,5303]]",0,0,[],2,0,[],0,0,0,0,0,[],5026,0,0,[]
2,2,"[[1553,5027],[3957,5027]]",0,0,[],2,0,[],0,0,0,0,0,[],5027,0,0,[]
2,2,"[[3809,5028],[5028,5509]]",0,0,[],2,0,[],0,0,0,0,0,[],5028,0,0,[]
1,1,"[[875,5029]]",0,0,[],1,0,[],0,0,0,0,0,[],5029,0,0,[]
2,2,"[[5030,6676],[5030,8735]]",0,0,[],2,0,[],0,0,0,0,0,[],5030,0,0,[]
1,1,"[[389,5031]]",0,0,[],1,0,[],0,0,0,0,0,[],5031,0,0,[]
2,2,"[[222,5032],[2836,5032]]",0,0,[],2,0,[],0,0,0,0,0,[],5032,0,0,[]
1,1,"[[5033,7577]]",0,0,[],1,0,[],0,0,0,0,0,[],5033,0,0,[]
2,2,"[[2496,5034],[5034,5699]]",0,0,[],2,0,[],0,0,0,0,0,[],5034,0,0,[]
1,1,"[[3705,5035]]",0,0,[],1,0,[],0,0,0,0,0,[],5035,0,0,[]
1,1,"[[5036,6630]]",0,0,[],1,0,[],0,0,0,0,0,[],5036,0,0,[]
2,2,"[[4696,5037],[5037,9920]]",0,0,[],2,0,[],0,0,0,0,0,[],5037,0,0,[]
2,2,"[[4917,5038],[5038,6478]]",0,0,[],2,0,[],0,0,0,0,0,[],5038,0,0,[]
2,2,"[[4722,5039],[5039,8151]]",0,0,[],2,0,[],0,0,0,0,0,[],5039,0,0,[]
1,1,"[[5040,6390]]",0,0,[],1,0,[],0,0,0,0,0,[],5040,0,0,[]
2,2,"[[3596,5041],[5041,10001]]",0,0,[],2,0,[],0,0,0,0,0,[],5041,0,0,[]
2,2,"[[211,5042],[1918,5042]]",0,0,[],2,0,[],0,0,0,0,0,[],5042,0,0,[]
1,1,"[[5043,7267]]",0,0,[],1,0,[],0,0,0,0,0,[],5043,0,0,[]
2,2,"[[5044,5095],[5044,12114]]",0,0,[],2,0,[],0,0,0,0,0,[],5044,0,0,[]
2,2,"[[5045,8275],[5045,8934]]",0,0,[],2,0,[],0,0,0,0,0,[],5045,0,0,[]
1,1,"[[3435,5046]]",0,0,[],1,0,[],0,0,0,0,0,[],5046,0,0,[]
1,1,"[[5047,6465]]",0,0,[],1,0,[],0,0,0,0,0,[],5047,0,0,[]
2,2,"[[4327,5048],[5048,13346]]",0,0,[],2,0,[],0,0,0,0,0,[],5048,0,0,[]
2,2,"[[5049,5378],[5049,9882]]",0,0,[],2,0,[],0,0,0,0,0,[],5049,0,0,[]
2,2,"[[1575,5050],[5050,6942]]",0,0,[],2,0,[],0,0,0,0,0,[],5050,0,0,[]
1,1,"[[5051,5223]]",0,0,[],1,0,[],0,0,0,0,0,[],5051,0,0,[]
2,2,"[[3041,5052],[5052,5660]]",0,0,[],2,0,[],0,0,0,0,0,[],5052,0,0,[]
2,2,"[[3563,5054],[3918,5054]]",0,0,[],2,0,[],0,0,0,0,0,[],5054,0,0,[]
1,1,"[[4729,5055]]",0,0,[],1,0,[],0,0,0,0,0,[],5055,0,0,[]
1,1,"[[5056,10427]]",0,0,[],1,0,[],0,0,0,0,0,[],5056,0,0,[]
2,2,"[[2830,5057],[5057,8932]]",0,0,[],2,0,[],0,0,0,0,0,[],5057,0,0,[]
2,2,"[[3,5058],[15,5058]]",0,0,[],2,0,[],0,0,0,0,0,[],5058,0,0,[]
1,1,"[[1622,5059]]",0,0,[],1,0,[],0,0,0,0,0,[],5059,0,0,[]
1,1,"[[1786,5061]]",0,0,[],1,0,[],0,0,0,0,0,[],5061,0,0,[]
1,1,"[[3534,5062]]",0,0,[],1,0,[],0,0,0,0,0,[],5062,0,0,[]
1,1,"[[2404,5063]]",0,0,[],1,0,[],0,0,0,0,0,[],5063,0,0,[]
2,2,"[[2688,5064],[3337,5064]]",0,0,[],2,0,[],0,0,0,0,0,[],5064,0,0,[]
2,2,"[[1598,5065],[2088,5065]]",0,0,[],2,0,[],0,0,0,0,0,[],5065,0,0,[]
1,1,"[[5066,5734]]",0,0,[],1,0,[],0,0,0,0,0,[],5066,0,0,[]
2,2,"[[853,5067],[4597,5067]]",0,0,[],2,0,[],0,0,0,0,0,[],5067,0,0,[]
2,2,"[[1130,5068],[5068,7368]]",0,0,[],2,0,[],0,0,0,0,0,[],5068,0,0,[]
1,1,"[[5069,5844]]",0,0,[],1,0,[],0,0,0,0,0,[],5069,0,0,[]
2,2,"[[2192,5070],[5015,5070]]",0,0,[],2,0,[],0,0,0,0,0,[],5070,0,0,[]
1,1,"[[462,5071]]",0,0,[],1,0,[],0,0,0,0,0,[],5071,0,0,[]
2,2,"[[4334,5072],[5072,6149]]",0,0,[],2,0,[],0,0,0,0,0,[],5072,0,0,[]
1,1,"[[2844,5073]]",0,0,[],1,0,[],0,0,0,0,0,[],5073,0,0,[]
1,1,"[[5074,5962]]",0,0,[],1,0,[],0,0,0,0,0,[],5074,0,0,[]
2,2,"[[5076,10548],[5076,12266]]",0,0,[],2,0,[],0,0,0,0,0,[],5076,0,0,[]
1,1,"[[4878,5077]]",0,0,[],1,0,[],0,0,0,0,0,[],5077,0,0,[]
1,1,"[[3355,5078]]",0,0,[],1,0,[],0,0,0,0,0,[],5078,0,0,[]
1,1,"[[3340,5079]]",0,0,[],1,0,[],0,0,0,0,0,[],5079,0,0,[]
1,1,"[[5080,8939]]",0,0,[],1,0,[],0,0,0,0,0,[],5080,0,0,[]
1,1,"[[5081,5551]]",0,0,[],1,0,[],0,0,0,0,0,[],5081,0,0,[]
2,2,"[[3221,5082],[5082,6873]]",0,0,[],2,0,[],0,0,0,0,0,[],5082,0,0,[]
2,2,"[[5083,10691],[5083,13086]]",0,0,[],2,0,[],0,0,0,0,0,[],5083,0,0,[]
1,1,"[[3767,5084]]",0,0,[],1,0,[],0,0,0,0,0,[],5084,0,0,[]
1,1,"[[5085,8023]]",0,0,[],1,0,[],0,0,0,0,0,[],5085,0,0,[]
1,1,"[[5086,8480]]",0,0,[],1,0,[],0,0,0,0,0,[],5086,0,0,[]
1,1,"[[4203,5087]]",0,0,[],1,0,[],0,0,0,0,0,[],5087,0,0,[]
1,1,"[[2434,5088]]",0,0,[],1,0,[],0,0,0,0,0,[],5088,0,0,[]
2,2,"[[4214,5089],[5089,6082]]",0,0,[],2,0,[],0,0,0,0,0,[],5089,0,0,[]
2,2,"[[3303,5090],[5090,6736]]",0,0,[],2,0,[],0,0,0,0,0,[],5090,0,0,[]
2,2,"[[5091,9816],[5091,10583]]",0,0,[],2,0,[],0,0,0,0,0,[],5091,0,0,[]
2,2,"[[2391,5092],[5092,8755]]",0,0,[],2,0,[],0,0,0,0,0,[],5092,0,0,[]
2,2,"[[4702,5093],[4882,5093]]",0,0,[],2,0,[],0,0,0,0,0,[],5093,0,0,[]
2,2,"[[390,5094],[5094,5229]]",0,0,[],2,0,[],0,0,0,0,0,[],5094,0,0,[]
1,1,"[[5095,7310]]",0,0,[],1,0,[],0,0,0,0,0,[],5095,0,0,[]
1,1,"[[5097,9923]]",0,0,[],1,0,[],0,0,0,0,0,[],5097,0,0,[]
1,1,"[[3634,5098]]",0,0,[],1,0,[],0,0,0,0,0,[],5098,0,0,[]
1,1,"[[5100,8601]]",0,0,[],1,0,[],0,0,0,0,0,[],5100,0,0,[]
2,2,"[[3051,5101],[5101,7062]]",0,0,[],2,0,[],0,0,0,0,0,[],5101,0,0,[]
2,2,"[[5102,8827],[5102,9279]]",0,0,[],2,0,[],0,0,0,0,0,[],5102,0,0,[]
2,2,"[[1214,5103],[2796,5103]]",0,0,[],2,0,[],0,0,0,0,0,[],5103,0,0,[]
2,2,"[[5104,7135],[5104,8088]]",0,0,[],2,0,[],0,0,0,0,0,[],5104,0,0,[]
2,2,"[[2984,5105],[5105,5126]]",0,0,[],2,0,[],0,0,0,0,0,[],5105,0,0,[]
1,1,"[[4314,5106]]",0,0,[],1,0,[],0,0,0,0,0,[],5106,0,0,[]
2,2,"[[5107,5208],[5107,11554]]",0,0,[],2,0,[],0,0,0,0,0,[],5107,0,0,[]
1,1,"[[5108,6188]]",0,0,[],1,0,[],0,0,0,0,0,[],5108,0,0,[]
2,2,"[[2981,5109],[5109,8651]]",0,0,[],2,0,[],0,0,0,0,0,[],5109,0,0,[]
1,1,"[[5110,9932]]",0,0,[],1,0,[],0,0,0,0,0,[],5110,0,0,[]
1,1,"[[5111,6763]]",0,0,[],1,0,[],0,0,0,0,0,[],5111,0,0,[]
1,1,"[[5112,6278]]",0,0,[],1,0,[],0,0,0,0,0,[],5112,0,0,[]
1,1,"[[1202,5113]]",0,0,[],1,0,[],0,0,0,0,0,[],5113,0,0,[]
2,2,"[[5114,6015],[5114,7179]]",0,0,[],2,0,[],0,0,0,0,0,[],5114,0,0,[]
2,2,"[[3251,5116],[5116,10047]]",0,0,[],2,0,[],0,0,0,0,0,[],5116,0,0,[]
1,1,"[[5075,5117]]",0,0,[],1,0,[],0,0,0,0,0,[],5117,0,0,[]
2,2,"[[3736,5118],[5085,5118]]",0,0,[],2,0,[],0,0,0,0,0,[],5118,0,0,[]
2,2,"[[812,5119],[5119,9088]]",0,0,[],2,0,[],0,0,0,0,0,[],5119,0,0,[]
1,1,"[[5120,9100]]",0,0,[],1,0,[],0,0,0,0,0,[],5120,0,0,[]
2,2,"[[4396,5121],[5121,9286]]",0,0,[],2,0,[],0,0,0,0,0,[],5121,0,0,[]
2,2,"[[4173,5122],[5122,5543]]",0,0,[],2,0,[],0,0,0,0,0,[],5122,0,0,[]
1,1,"[[5123,9550]]",0,0,[],1,0,[],0,0,0,0,0,[],5123,0,0,[]
1,1,"[[5124,5391]]",0,0,[],1,0,[],0,0,0,0,0,[],5124,0,0,[]
1,1,"[[599,5126]]",0,0,[],1,0,[],0,0,0,0,0,[],5126,0,0,[]
2,2,"[[4554,5128],[4609,5128]]",0,0,[],2,0,[],0,0,0,0,0,[],5128,0,0,[]
1,1,"[[5129,7657]]",0,0,[],1,0,[],0,0,0,0,0,[],5129,0,0,[]
2,2,"[[4322,5130],[5130,5849]]",0,0,[],2,0,[],0,0,0,0,0,[],5130,0,0,[]
1,1,"[[5132,6459]]",0,0,[],1,0,[],0,0,0,0,0,[],5132,0,0,[]
2,2,"[[4070,5133],[4850,5133]]",0,0,[],2,0,[],0,0,0,0,0,[],5133,0,0,[]
1,1,"[[5134,11417]]",0,0,[],1,0,[],0,0,0,0,0,[],5134,0,0,[]
1,1,"[[5034,5135]]",0,0,[],1,0,[],0,0,0,0,0,[],5135,0,0,[]
1,1,"[[4542,5136]]",0,0,[],1,0,[],0,0,0,0,0,[],5136,0,0,[]
1,1,"[[4453,5138]]",0,0,[],1,0,[],0,0,0,0,0,[],5138,0,0,[]
1,1,"[[2492,5139]]",0,0,[],1,0,[],0,0,0,0,0,[],5139,0,0,[]
2,2,"[[3360,5140],[5140,11818]]",0,0,[],2,0,[],0,0,0,0,0,[],5140,0,0,[]
2,2,"[[86,5141],[859,5141]]",0,0,[],2,0,[],0,0,0,0,0,[],5141,0,0,[]
2,2,"[[319,5142],[4235,5142]]",0,0,[],2,0,[],0,0,0,0,0,[],5142,0,0,[]
1,1,"[[5143,7642]]",0,0,[],1,0,[],0,0,0,0,0,[],5143,0,0,[]
2,2,"[[5144,8851],[5144,9583]]",0,0,[],2,0,[],0,0,0,0,0,[],5144,0,0,[]
2,2,"[[500,5145],[4886,5145]]",0,0,[],2,0,[],0,0,0,0,0,[],5145,0,0,[]
2,2,"[[5146,5637],[5146,9045]]",0,0,[],2,0,[],0,0,0,0,0,[],5146,0,0,[]
1,1,"[[5147,5673]]",0,0,[],1,0,[],0,0,0,0,0,[],5147,0,0,[]
1,1,"[[5148,9501]]",0,0,[],1,0,[],0,0,0,0,0,[],5148,0,0,[]
1,1,"[[5149,5844]]",0,0,[],1,0,[],0,0,0,0,0,[],5149,0,0,[]
2,2,"[[5150,7578],[5150,7932]]",0,0,[],2,0,[],0,0,0,0,0,[],5150,0,0,[]
2,2,"[[4102,5152],[4309,5152]]",0,0,[],2,0,[],0,0,0,0,0,[],5152,0,0,[]
1,1,"[[5153,7287]]",0,0,[],1,0,[],0,0,0,0,0,[],5153,0,0,[]
1,1,"[[5154,11353]]",0,0,[],1,0,[],0,0,0,0,0,[],5154,0,0,[]
2,2,"[[5155,5681],[5155,6505]]",0,0,[],2,0,[],0,0,0,0,0,[],5155,0,0,[]
2,2,"[[5157,7798],[5157,11314]]",0,0,[],2,0,[],0,0,0,0,0,[],5157,0,0,[]
2,2,"[[3639,5158],[5158,10016]]",0,0,[],2,0,[],0,0,0,0,0,[],5158,0,0,[]
2,2,"[[1921,5159],[5159,8944]]",0,0,[],2,0,[],0,0,0,0,0,[],5159,0,0,[]
1,1,"[[960,5160]]",0,0,[],1,0,[],0,0,0,0,0,[],5160,0,0,[]
1,1,"[[5161,13319]]",0,0,[],1,0,[],0,0,0,0,0,[],5161,0,0,[]
1,1,"[[1111,5162]]",0,0,[],1,0,[],0,0,0,0,0,[],5162,0,0,[]
1,1,"[[1283,5163]]",0,0,[],1,0,[],0,0,0,0,0,[],5163,0,0,[]
1,1,"[[478,5165]]",0,0,[],1,0,[],0,0,0,0,0,[],5165,0,0,[]
1,1,"[[5166,10647]]",0,0,[],1,0,[],0,0,0,0,0,[],5166,0,0,[]
2,2,"[[5167,5992],[5167,8303]]",0,0,[],2,0,[],0,0,0,0,0,[],5167,0,0,[]
2,2,"[[50,5168],[5160,5168]]",0,0,[],2,0,[],0,0,0,0,0,[],5168,0,0,[]
1,1,"[[3841,5169]]",0,0,[],1,0,[],0,0,0,0,0,[],5169,0,0,[]
2,2,"[[1845,5170],[5170,7911]]",0,0,[],2,0,[],0,0,0,0,0,[],5170,0,0,[]
2,2,"[[5173,6424],[5173,11779]]",0,0,[],2,0,[],0,0,0,0,0,[],5173,0,0,[]
2,2,"[[2549,5174],[3942,5174]]",0,0,[],2,0,[],0,0,0,0,0,[],5174,0,0,[]
1,1,"[[4001,5175]]",0,0,[],1,0,[],0,0,0,0,0,[],5175,0,0,[]
2,2,"[[5176,6581],[5176,7941]]",0,0,[],2,0,[],0,0,0,0,0,[],5176,0,0,[]
2,2,"[[5177,5455],[5177,6493]]",0,0,[],2,0,[],0,0,0,0,0,[],5177,0,0,[]
1,1,"[[4330,5178]]",0,0,[],1,0,[],0,0,0,0,0,[],5178,0,0,[]
2,2,"[[5179,5985],[5179,10524]]",0,0,[],2,0,[],0,0,0,0,0,[],5179,0,0,[]
2,2,"[[5180,6957],[5180,9322]]",0,0,[],2,0,[],0,0,0,0,0,[],5180,0,0,[]
2,2,"[[4601,5181],[5181,7143]]",0,0,[],2,0,[],0,0,0,0,0,[],5181,0,0,[]
1,1,"[[5182,9771]]",0,0,[],1,0,[],0,0,0,0,0,[],5182,0,0,[]
2,2,"[[5183,10080],[5183,12325]]",0,0,[],2,0,[],0,0,0,0,0,[],5183,0,0,[]
2,2,"[[5184,6411],[5184,8011]]",0,0,[],2,0,[],0,0,0,0,0,[],5184,0,0,[]
2,2,"[[1159,5185],[5185,5810]]",0,0,[],2,0,[],0,0,0,0,0,[],5185,0,0,[]
2,2,"[[2813,5187],[5187,5583]]",0,0,[],2,0,[],0,0,0,0,0,[],5187,0,0,[]
2,2,"[[2539,5188],[4034,5188]]",0,0,[],2,0,[],0,0,0,0,0,[],5188,0,0,[]
2,2,"[[5189,6468],[5189,10815]]",0,0,[],2,0,[],0,0,0,0,0,[],5189,0,0,[]
1,1,"[[5191,6422]]",0,0,[],1,0,[],0,0,0,0,0,[],5191,0,0,[]
2,2,"[[5192,8650],[5192,10574]]",0,0,[],2,0,[],0,0,0,0,0,[],5192,0,0,[]
1,1,"[[728,5193]]",0,0,[],1,0,[],0,0,0,0,0,[],5193,0,0,[]
2,2,"[[3266,5194],[3306,5194]]",0,0,[],2,0,[],0,0,0,0,0,[],5194,0,0,[]
2,2,"[[1549,5195],[2450,5195]]",0,0,[],2,0,[],0,0,0,0,0,[],5195,0,0,[]
1,1,"[[5196,5799]]",0,0,[],1,0,[],0,0,0,0,0,[],5196,0,0,[]
1,1,"[[3851,5197]]",0,0,[],1,0,[],0,0,0,0,0,[],5197,0,0,[]
2,2,"[[5198,8897],[5198,9679]]",0,0,[],2,0,[],0,0,0,0,0,[],5198,0,0,[]
1,1,"[[5199,6324]]",0,0,[],1,0,[],0,0,0,0,0,[],5199,0,0,[]
2,2,"[[4071,5200],[5200,5939]]",0,0,[],2,0,[],0,0,0,0,0,[],5200,0,0,[]
2,2,"[[647,5201],[4103,5201]]",0,0,[],2,0,[],0,0,0,0,0,[],5201,0,0,[]
2,2,"[[5202,5393],[5202,6281]]",0,0,[],2,0,[],0,0,0,0,0,[],5202,0,0,[]
2,2,"[[3845,5203],[4383,5203]]",0,0,[],2,0,[],0,0,0,0,0,[],5203,0,0,[]
2,2,"[[271,5204],[2730,5204]]",0,0,[],2,0,[],0,0,0,0,0,[],5204,0,0,[]
1,1,"[[1939,5205]]",0,0,[],1,0,[],0,0,0,0,0,[],5205,0,0,[]
1,1,"[[5206,11107]]",0,0,[],1,0,[],0,0,0,0,0,[],5206,0,0,[]
2,2,"[[5127,5207],[5207,7306]]",0,0,[],2,0,[],0,0,0,0,0,[],5207,0,0,[]
1,1,"[[3753,5209]]",0,0,[],1,0,[],0,0,0,0,0,[],5209,0,0,[]
2,2,"[[5211,8335],[5211,8917]]",0,0,[],2,0,[],0,0,0,0,0,[],5211,0,0,[]
2,2,"[[5212,7201],[5212,10789]]",0,0,[],2,0,[],0,0,0,0,0,[],5212,0,0,[]
2,2,"[[3552,5213],[5213,6364]]",0,0,[],2,0,[],0,0,0,0,0,[],5213,0,0,[]
2,2,"[[2250,5214],[3207,5214]]",0,0,[],2,0,[],0,0,0,0,0,[],5214,0,0,[]
2,2,"[[557,5215],[2413,5215]]",0,0,[],2,0,[],0,0,0,0,0,[],5215,0,0,[]
2,2,"[[3228,5216],[5216,7353]]",0,0,[],2,0,[],0,0,0,0,0,[],5216,0,0,[]
1,1,"[[5217,9772]]",0,0,[],1,0,[],0,0,0,0,0,[],5217,0,0,[]
1,1,"[[3928,5218]]",0,0,[],1,0,[],0,0,0,0,0,[],5218,0,0,[]
1,1,"[[5219,13534]]",0,0,[],1,0,[],0,0,0,0,0,[],5219,0,0,[]
1,1,"[[5220,7645]]",0,0,[],1,0,[],0,0,0,0,0,[],5220,0,0,[]
2,2,"[[1230,5221],[5221,10001]]",0,0,[],2,0,[],0,0,0,0,0,[],5221,0,0,[]
2,2,"[[786,5222],[3822,5222]]",0,0,[],2,0,[],0,0,0,0,0,[],5222,0,0,[]
2,2,"[[5223,6071],[5223,7358]]",0,0,[],2,0,[],0,0,0,0,0,[],5223,0,0,[]
1,1,"[[5224,8987]]",0,0,[],1,0,[],0,0,0,0,0,[],5224,0,0,[]
2,2,"[[3413,5226],[5226,8155]]",0,0,[],2,0,[],0,0,0,0,0,[],5226,0,0,[]
2,2,"[[4361,5227],[5227,6281]]",0,0,[],2,0,[],0,0,0,0,0,[],5227,0,0,[]
1,1,"[[147,5228]]",0,0,[],1,0,[],0,0,0,0,0,[],5228,0,0,[]
2,2,"[[8,5229],[5229,8761]]",0,0,[],2,0,[],0,0,0,0,0,[],5229,0,0,[]
2,2,"[[5231,5858],[5231,10428]]",0,0,[],2,0,[],0,0,0,0,0,[],5231,0,0,[]
1,1,"[[4917,5232]]",0,0,[],1,0,[],0,0,0,0,0,[],5232,0,0,[]
2,2,"[[1890,5233],[5233,5769]]",0,0,[],2,0,[],0,0,0,0,0,[],5233,0,0,[]
1,1,"[[5234,8337]]",0,0,[],1,0,[],0,0,0,0,0,[],5234,0,0,[]
1,1,"[[5235,11546]]",0,0,[],1,0,[],0,0,0,0,0,[],5235,0,0,[]
1,1,"[[5236,6594]]",0,0,[],1,0,[],0,0,0,0,0,[],5236,0,0,[]
1,1,"[[5237,7798]]",0,0,[],1,0,[],0,0,0,0,0,[],5237,0,0,[]
2,2,"[[5120,5238],[5238,7679]]",0,0,[],2,0,[],0,0,0,0,0,[],5238,0,0,[]
1,1,"[[5239,11155]]",0,0,[],1,0,[],0,0,0,0,0,[],5239,0,0,[]
1,1,"[[5240,5314]]",0,0,[],1,0,[],0,0,0,0,0,[],5240,0,0,[]
1,1,"[[4922,5241]]",0,0,[],1,0,[],0,0,0,0,0,[],5241,0,0,[]
1,1,"[[5242,11068]]",0,0,[],1,0,[],0,0,0,0,0,[],5242,0,0,[]
2,2,"[[2047,5243],[5243,5917]]",0,0,[],2,0,[],0,0,0,0,0,[],5243,0,0,[]
1,1,"[[1739,5244]]",0,0,[],1,0,[],0,0,0,0,0,[],5244,0,0,[]
1,1,"[[5245,5630]]",0,0,[],1,0,[],0,0,0,0,0,[],5245,0,0,[]
2,2,"[[5247,7708],[5247,11323]]",0,0,[],2,0,[],0,0,0,0,0,[],5247,0,0,[]
1,1,"[[3627,5248]]",0,0,[],1,0,[],0,0,0,0,0,[],5248,0,0,[]
1,1,"[[3850,5249]]",0,0,[],1,0,[],0,0,0,0,0,[],5249,0,0,[]
2,2,"[[5250,6512],[5250,12252]]",0,0,[],2,0,[],0,0,0,0,0,[],5250,0,0,[]
1,1,"[[4000,5251]]",0,0,[],1,0,[],0,0,0,0,0,[],5251,0,0,[]
1,1,"[[5254,12021]]",0,0,[],1,0,[],0,0,0,0,0,[],5254,0,0,[]
1,1,"[[664,5256]]",0,0,[],1,0,[],0,0,0,0,0,[],5256,0,0,[]
1,1,"[[5257,5833]]",0,0,[],1,0,[],0,0,0,0,0,[],5257,0,0,[]
2,2,"[[1716,5258],[5258,8118]]",0,0,[],2,0,[],0,0,0,0,0,[],5258,0,0,[]
1,1,"[[5090,5260]]",0,0,[],1,0,[],0,0,0,0,0,[],5260,0,0,[]
1,1,"[[5261,12299]]",0,0,[],1,0,[],0,0,0,0,0,[],5261,0,0,[]
2,2,"[[1400,5262],[5262,6704]]",0,0,[],2,0,[],0,0,0,0,0,[],5262,0,0,[]
1,1,"[[49,5263]]",0,0,[],1,0,[],0,0,0,0,0,[],5263,0,0,[]
1,1,"[[916,5264]]",0,0,[],1,0,[],0,0,0,0,0,[],5264,0,0,[]
2,2,"[[3881,5265],[5265,6367]]",0,0,[],2,0,[],0,0,0,0,0,[],5265,0,0,[]
1,1,"[[484,5266]]",0,0,[],1,0,[],0,0,0,0,0,[],5266,0,0,[]
2,2,"[[4132,5268],[5268,12331]]",0,0,[],2,0,[],0,0,0,0,0,[],5268,0,0,[]
1,1,"[[1218,5269]]",0,0,[],1,0,[],0,0,0,0,0,[],5269,0,0,[]
1,1,"[[5270,9838]]",0,0,[],1,0,[],0,0,0,0,0,[],5270,0,0,[]
1,1,"[[4087,5271]]",0,0,[],1,0,[],0,0,0,0,0,[],5271,0,0,[]
1,1,"[[2496,5272]]",0,0,[],1,0,[],0,0,0,0,0,[],5272,0,0,[]
2,2,"[[3692,5273],[5273,5943]]",0,0,[],2,0,[],0,0,0,0,0,[],5273,0,0,[]
2,2,"[[2532,5274],[5274,6101]]",0,0,[],2,0,[],0,0,0,0,0,[],5274,0,0,[]
2,2,"[[1254,5275],[5275,5509]]",0,0,[],2,0,[],0,0,0,0,0,[],5275,0,0,[]
1,1,"[[5276,6135]]",0,0,[],1,0,[],0,0,0,0,0,[],5276,0,0,[]
2,2,"[[5278,8233],[5278,11024]]",0,0,[],2,0,[],0,0,0,0,0,[],5278,0,0,[]
2,2,"[[5279,7431],[5279,7548]]",0,0,[],2,0,[],0,0,0,0,0,[],5279,0,0,[]
2,2,"[[4888,5280],[5280,11730]]",0,0,[],2,0,[],0,0,0,0,0,[],5280,0,0,[]
2,2,"[[5281,7328],[5281,8626]]",0,0,[],2,0,[],0,0,0,0,0,[],5281,0,0,[]
2,2,"[[1756,5282],[5282,7852]]",0,0,[],2,0,[],0,0,0,0,0,[],5282,0,0,[]
2,2,"[[5283,6129],[5283,10735]]",0,0,[],2,0,[],0,0,0,0,0,[],5283,0,0,[]
2,2,"[[5284,6420],[5284,12309]]",0,0,[],2,0,[],0,0,0,0,0,[],5284,0,0,[]
1,1,"[[5285,6528]]",0,0,[],1,0,[],0,0,0,0,0,[],5285,0,0,[]
2,2,"[[4413,5287],[5287,11173]]",0,0,[],2,0,[],0,0,0,0,0,[],5287,0,0,[]
2,2,"[[4748,5289],[5289,6285]]",0,0,[],2,0,[],0,0,0,0,0,[],5289,0,0,[]
1,1,"[[4093,5290]]",0,0,[],1,0,[],0,0,0,0,0,[],5290,0,0,[]
2,2,"[[4316,5291],[4410,5291]]",0,0,[],2,0,[],0,0,0,0,0,[],5291,0,0,[]
2,2,"[[2712,5292],[5292,6678]]",0,0,[],2,0,[],0,0,0,0,0,[],5292,0,0,[]
2,2,"[[1583,5293],[5293,7173]]",0,0,[],2,0,[],0,0,0,0,0,[],5293,0,0,[]
2,2,"[[4063,5294],[5294,5746]]",0,0,[],2,0,[],0,0,0,0,0,[],5294,0,0,[]
2,2,"[[3634,5295],[5295,9806]]",0,0,[],2,0,[],0,0,0,0,0,[],5295,0,0,[]
1,1,"[[5296,8810]]",0,0,[],1,0,[],0,0,0,0,0,[],5296,0,0,[]
2,2,"[[4096,5297],[5297,8068]]",0,0,[],2,0,[],0,0,0,0,0,[],5297,0,0,[]
2,2,"[[2437,5298],[5298,5642]]",0,0,[],2,0,[],0,0,0,0,0,[],5298,0,0,[]
2,2,"[[3045,5300],[5300,10612]]",0,0,[],2,0,[],0,0,0,0,0,[],5300,0,0,[]
2,2,"[[31,5301],[3027,5301]]",0,0,[],2,0,[],0,0,0,0,0,[],5301,0,0,[]
1,1,"[[1913,5302]]",0,0,[],1,0,[],0,0,0,0,0,[],5302,0,0,[]
2,2,"[[5304,8929],[5304,9643]]",0,0,[],2,0,[],0,0,0,0,0,[],5304,0,0,[]
1,1,"[[4349,5305]]",0,0,[],1,0,[],0,0,0,0,0,[],5305,0,0,[]
1,1,"[[3415,5306]]",0,0,[],1,0,[],0,0,0,0,0,[],5306,0,0,[]
1,1,"[[5307,6462]]",0,0,[],1,0,[],0,0,0,0,0,[],5307,0,0,[]
2,2,"[[2748,5308],[3396,5308]]",0,0,[],2,0,[],0,0,0,0,0,[],5308,0,0,[]
1,1,"[[5166,5309]]",0,0,[],1,0,[],0,0,0,0,0,[],5309,0,0,[]
1,1,"[[3810,5310]]",0,0,[],1,0,[],0,0,0,0,0,[],5310,0,0,[]
1,1,"[[5311,13120]]",0,0,[],1,0,[],0,0,0,0,0,[],5311,0,0,[]
2,2,"[[4733,5312],[5312,13552]]",0,0,[],2,0,[],0,0,0,0,0,[],5312,0,0,[]
2,2,"[[776,5313],[5313,6629]]",0,0,[],2,0,[],0,0,0,0,0,[],5313,0,0,[]
1,1,"[[5314,6642]]",0,0,[],1,0,[],0,0,0,0,0,[],5314,0,0,[]
1,1,"[[5315,10437]]",0,0,[],1,0,[],0,0,0,0,0,[],5315,0,0,[]
1,1,"[[5316,7946]]",0,0,[],1,0,[],0,0,0,0,0,[],5316,0,0,[]
1,1,"[[5317,5427]]",0,0,[],1,0,[],0,0,0,0,0,[],5317,0,0,[]
2,2,"[[5318,5640],[5318,9244]]",0,0,[],2,0,[],0,0,0,0,0,[],5318,0,0,[]
1,1,"[[545,5319]]",0,0,[],1,0,[],0,0,0,0,0,[],5319,0,0,[]
2,2,"[[5320,6275],[5320,10035]]",0,0,[],2,0,[],0,0,0,0,0,[],5320,0,0,[]
1,1,"[[4673,5321]]",0,0,[],1,0,[],0,0,0,0,0,[],5321,0,0,[]
2,2,"[[5322,6980],[5322,9878]]",0,0,[],2,0,[],0,0,0,0,0,[],5322,0,0,[]
1,1,"[[1788,5323]]",0,0,[],1,0,[],0,0,0,0,0,[],5323,0,0,[]
2,2,"[[4028,5324],[5324,5964]]",0,0,[],2,0,[],0,0,0,0,0,[],5324,0,0,[]
1,1,"[[3196,5325]]",0,0,[],1,0,[],0,0,0,0,0,[],5325,0,0,[]
2,2,"[[5326,5534],[5326,5781]]",0,0,[],2,0,[],0,0,0,0,0,[],5326,0,0,[]
2,2,"[[2458,5327],[4153,5327]]",0,0,[],2,0,[],0,0,0,0,0,[],5327,0,0,[]
1,1,"[[5328,10468]]",0,0,[],1,0,[],0,0,0,0,0,[],5328,0,0,[]
1,1,"[[5329,5406]]",0,0,[],1,0,[],0,0,0,0,0,[],5329,0,0,[]
1,1,"[[5330,7208]]",0,0,[],1,0,[],0,0,0,0,0,[],5330,0,0,[]
2,2,"[[5331,6553],[5331,9674]]",0,0,[],2,0,[],0,0,0,0,0,[],5331,0,0,[]
1,1,"[[3150,5333]]",0,0,[],1,0,[],0,0,0,0,0,[],5333,0,0,[]
1,1,"[[5334,6326]]",0,0,[],1,0,[],0,0,0,0,0,[],5334,0,0,[]
2,2,"[[2510,5335],[5335,7069]]",0,0,[],2,0,[],0,0,0,0,0,[],5335,0,0,[]
1,1,"[[5336,7053]]",0,0,[],1,0,[],0,0,0,0,0,[],5336,0,0,[]
2,2,"[[5337,8566],[5337,11805]]",0,0,[],2,0,[],0,0,0,0,0,[],5337,0,0,[]
2,2,"[[5339,9597],[5339,10375]]",0,0,[],2,0,[],0,0,0,0,0,[],5339,0,0,[]
2,2,"[[1819,5340],[5147,5340]]",0,0,[],2,0,[],0,0,0,0,0,[],5340,0,0,[]
1,1,"[[5341,8247]]",0,0,[],1,0,[],0,0,0,0,0,[],5341,0,0,[]
1,1,"[[3064,5343]]",0,0,[],1,0,[],0,0,0,0,0,[],5343,0,0,[]
2,2,"[[4139,5344],[5344,8860]]",0,0,[],2,0,[],0,0,0,0,0,[],5344,0,0,[]
1,1,"[[4015,5345]]",0,0,[],1,0,[],0,0,0,0,0,[],5345,0,0,[]
1,1,"[[522,5346]]",0,0,[],1,0,[],0,0,0,0,0,[],5346,0,0,[]
2,2,"[[3092,5349],[3978,5349]]",0,0,[],2,0,[],0,0,0,0,0,[],5349,0,0,[]
2,2,"[[5350,5807],[5350,7672]]",0,0,[],2,0,[],0,0,0,0,0,[],5350,0,0,[]
1,1,"[[5351,6950]]",0,0,[],1,0,[],0,0,0,0,0,[],5351,0,0,[]
1,1,"[[5074,5352]]",0,0,[],1,0,[],0,0,0,0,0,[],5352,0,0,[]
1,1,"[[326,5353]]",0,0,[],1,0,[],0,0,0,0,0,[],5353,0,0,[]
2,2,"[[5354,5431],[5354,6606]]",0,0,[],2,0,[],0,0,0,0,0,[],5354,0,0,[]
1,1,"[[3891,5355]]",0,0,[],1,0,[],0,0,0,0,0,[],5355,0,0,[]
2,2,"[[5357,5549],[5357,5751]]",0,0,[],2,0,[],0,0,0,0,0,[],5357,0,0,[]
2,2,"[[110,5358],[162,5358]]",0,0,[],2,0,[],0,0,0,0,0,[],5358,0,0,[]
2,2,"[[1029,5360],[3081,5360]]",0,0,[],2,0,[],0,0,0,0,0,[],5360,0,0,[]
1,1,"[[291,5361]]",0,0,[],1,0,[],0,0,0,0,0,[],5361,0,0,[]
1,1,"[[5362,5762]]",0,0,[],1,0,[],0,0,0,0,0,[],5362,0,0,[]
2,2,"[[2884,5363],[4361,5363]]",0,0,[],2,0,[],0,0,0,0,0,[],5363,0,0,[]
2,2,"[[973,5364],[2480,5364]]",0,0,[],2,0,[],0,0,0,0,0,[],5364,0,0,[]
2,2,"[[3228,5365],[3540,5365]]",0,0,[],2,0,[],0,0,0,0,0,[],5365,0,0,[]
2,2,"[[2982,5367],[4331,5367]]",0,0,[],2,0,[],0,0,0,0,0,[],5367,0,0,[]
1,1,"[[5368,5572]]",0,0,[],1,0,[],0,0,0,0,0,[],5368,0,0,[]
1,1,"[[5369,7008]]",0,0,[],1,0,[],0,0,0,0,0,[],5369,0,0,[]
1,1,"[[277,5370]]",0,0,[],1,0,[],0,0,0,0,0,[],5370,0,0,[]
2,2,"[[5371,6420],[5371,8444]]",0,0,[],2,0,[],0,0,0,0,0,[],5371,0,0,[]
2,2,"[[2949,5372],[5372,8096]]",0,0,[],2,0,[],0,0,0,0,0,[],5372,0,0,[]
2,2,"[[5373,7132],[5373,9664]]",0,0,[],2,0,[],0,0,0,0,0,[],5373,0,0,[]
2,2,"[[462,5375],[4322,5375]]",0,0,[],2,0,[],0,0,0,0,0,[],5375,0,0,[]
2,2,"[[406,5376],[1108,5376]]",0,0,[],2,0,[],0,0,0,0,0,[],5376,0,0,[]
2,2,"[[5377,5528],[5377,7448]]",0,0,[],2,0,[],0,0,0,0,0,[],5377,0,0,[]
2,2,"[[2910,5378],[5378,9882]]",0,0,[],2,0,[],0,0,0,0,0,[],5378,0,0,[]
2,2,"[[5379,6702],[5379,8225]]",0,0,[],2,0,[],0,0,0,0,0,[],5379,0,0,[]
2,2,"[[5110,5380],[5380,7868]]",0,0,[],2,0,[],0,0,0,0,0,[],5380,0,0,[]
1,1,"[[2372,5381]]",0,0,[],1,0,[],0,0,0,0,0,[],5381,0,0,[]
1,1,"[[332,5382]]",0,0,[],1,0,[],0,0,0,0,0,[],5382,0,0,[]
1,1,"[[3778,5383]]",0,0,[],1,0,[],0,0,0,0,0,[],5383,0,0,[]
2,2,"[[5055,5385],[5266,5385]]",0,0,[],2,0,[],0,0,0,0,0,[],5385,0,0,[]
2,2,"[[3685,5387],[4264,5387]]",0,0,[],2,0,[],0,0,0,0,0,[],5387,0,0,[]
2,2,"[[524,5388],[2714,5388]]",0,0,[],2,0,[],0,0,0,0,0,[],5388,0,0,[]
1,1,"[[5391,9880]]",0,0,[],1,0,[],0,0,0,0,0,[],5391,0,0,[]
1,1,"[[5392,9274]]",0,0,[],1,0,[],0,0,0,0,0,[],5392,0,0,[]
1,1,"[[5393,6271]]",0,0,[],1,0,[],0,0,0,0,0,[],5393,0,0,[]
1,1,"[[5394,9090]]",0,0,[],1,0,[],0,0,0,0,0,[],5394,0,0,[]
2,2,"[[2852,5395],[5395,10612]]",0,0,[],2,0,[],0,0,0,0,0,[],5395,0,0,[]
2,2,"[[5396,8534],[5396,9966]]",0,0,[],2,0,[],0,0,0,0,0,[],5396,0,0,[]
2,2,"[[4098,5397],[4233,5397]]",0,0,[],2,0,[],0,0,0,0,0,[],5397,0,0,[]
2,2,"[[3410,5398],[5398,6409]]",0,0,[],2,0,[],0,0,0,0,0,[],5398,0,0,[]
1,1,"[[5399,8236]]",0,0,[],1,0,[],0,0,0,0,0,[],5399,0,0,[]
2,2,"[[5400,8680],[5400,12951]]",0,0,[],2,0,[],0,0,0,0,0,[],5400,0,0,[]
2,2,"[[3168,5401],[5401,6249]]",0,0,[],2,0,[],0,0,0,0,0,[],5401,0,0,[]
2,2,"[[5402,5807],[5402,10075]]",0,0,[],2,0,[],0,0,0,0,0,[],5402,0,0,[]
2,2,"[[5403,6509],[5403,11464]]",0,0,[],2,0,[],0,0,0,0,0,[],5403,0,0,[]
1,1,"[[5404,5762]]",0,0,[],1,0,[],0,0,0,0,0,[],5404,0,0,[]
2,2,"[[507,5405],[561,5405]]",0,0,[],2,0,[],0,0,0,0,0,[],5405,0,0,[]
2,2,"[[1421,5406],[5406,12318]]",0,0,[],2,0,[],0,0,0,0,0,[],5406,0,0,[]
2,2,"[[4703,5407],[5407,9784]]",0,0,[],2,0,[],0,0,0,0,0,[],5407,0,0,[]
2,2,"[[2854,5408],[5408,10429]]",0,0,[],2,0,[],0,0,0,0,0,[],5408,0,0,[]
1,1,"[[3051,5409]]",0,0,[],1,0,[],0,0,0,0,0,[],5409,0,0,[]
1,1,"[[4405,5411]]",0,0,[],1,0,[],0,0,0,0,0,[],5411,0,0,[]
1,1,"[[3793,5412]]",0,0,[],1,0,[],0,0,0,0,0,[],5412,0,0,[]
1,1,"[[5414,9846]]",0,0,[],1,0,[],0,0,0,0,0,[],5414,0,0,[]
1,1,"[[5415,6990]]",0,0,[],1,0,[],0,0,0,0,0,[],5415,0,0,[]
2,2,"[[185,5416],[545,5416]]",0,0,[],2,0,[],0,0,0,0,0,[],5416,0,0,[]
1,1,"[[5417,6867]]",0,0,[],1,0,[],0,0,0,0,0,[],5417,0,0,[]
1,1,"[[5140,5418]]",0,0,[],1,0,[],0,0,0,0,0,[],5418,0,0,[]
1,1,"[[5419,6113]]",0,0,[],1,0,[],0,0,0,0,0,[],5419,0,0,[]
1,1,"[[2215,5422]]",0,0,[],1,0,[],0,0,0,0,0,[],5422,0,0,[]
1,1,"[[4293,5423]]",0,0,[],1,0,[],0,0,0,0,0,[],5423,0,0,[]
2,2,"[[1823,5425],[5425,9839]]",0,0,[],2,0,[],0,0,0,0,0,[],5425,0,0,[]
1,1,"[[4971,5426]]",0,0,[],1,0,[],0,0,0,0,0,[],5426,0,0,[]
1,1,"[[5427,11378]]",0,0,[],1,0,[],0,0,0,0,0,[],5427,0,0,[]
2,2,"[[837,5428],[4166,5428]]",0,0,[],2,0,[],0,0,0,0,0,[],5428,0,0,[]
2,2,"[[5429,9848],[5429,11464]]",0,0,[],2,0,[],0,0,0,0,0,[],5429,0,0,[]
2,2,"[[5433,5542],[5433,9798]]",0,0,[],2,0,[],0,0,0,0,0,[],5433,0,0,[]
1,1,"[[5434,11732]]",0,0,[],1,0,[],0,0,0,0,0,[],5434,0,0,[]
2,2,"[[5435,7785],[5435,12577]]",0,0,[],2,0,[],0,0,0,0,0,[],5435,0,0,[]
1,1,"[[3810,5437]]",0,0,[],1,0,[],0,0,0,0,0,[],5437,0,0,[]
1,1,"[[5438,5563]]",0,0,[],1,0,[],0,0,0,0,0,[],5438,0,0,[]
2,2,"[[5439,8239],[5439,12735]]",0,0,[],2,0,[],0,0,0,0,0,[],5439,0,0,[]
1,1,"[[2573,5441]]",0,0,[],1,0,[],0,0,0,0,0,[],5441,0,0,[]
2,2,"[[5442,7445],[5442,9377]]",0,0,[],2,0,[],0,0,0,0,0,[],5442,0,0,[]
2,2,"[[4945,5443],[5443,9983]]",0,0,[],2,0,[],0,0,0,0,0,[],5443,0,0,[]
2,2,"[[899,5444],[5444,7449]]",0,0,[],2,0,[],0,0,0,0,0,[],5444,0,0,[]
1,1,"[[4238,5445]]",0,0,[],1,0,[],0,0,0,0,0,[],5445,0,0,[]
2,2,"[[5016,5446],[5446,5915]]",0,0,[],2,0,[],0,0,0,0,0,[],5446,0,0,[]
1,1,"[[5441,5448]]",0,0,[],1,0,[],0,0,0,0,0,[],5448,0,0,[]
1,1,"[[3077,5449]]",0,0,[],1,0,[],0,0,0,0,0,[],5449,0,0,[]
2,2,"[[5434,5450],[5450,6728]]",0,0,[],2,0,[],0,0,0,0,0,[],5450,0,0,[]
1,1,"[[5451,6000]]",0,0,[],1,0,[],0,0,0,0,0,[],5451,0,0,[]
2,2,"[[5452,9024],[5452,12950]]",0,0,[],2,0,[],0,0,0,0,0,[],5452,0,0,[]
2,2,"[[5453,7716],[5453,12529]]",0,0,[],2,0,[],0,0,0,0,0,[],5453,0,0,[]
1,1,"[[5454,8324]]",0,0,[],1,0,[],0,0,0,0,0,[],5454,0,0,[]
2,2,"[[5084,5455],[5455,10087]]",0,0,[],2,0,[],0,0,0,0,0,[],5455,0,0,[]
1,1,"[[5456,5747]]",0,0,[],1,0,[],0,0,0,0,0,[],5456,0,0,[]
2,2,"[[5457,8116],[5457,8688]]",0,0,[],2,0,[],0,0,0,0,0,[],5457,0,0,[]
1,1,"[[2858,5458]]",0,0,[],1,0,[],0,0,0,0,0,[],5458,0,0,[]
1,1,"[[5459,11824]]",0,0,[],1,0,[],0,0,0,0,0,[],5459,0,0,[]
1,1,"[[4062,5460]]",0,0,[],1,0,[],0,0,0,0,0,[],5460,0,0,[]
2,2,"[[3760,5461],[5461,10404]]",0,0,[],2,0,[],0,0,0,0,0,[],5461,0,0,[]
2,2,"[[3752,5462],[5462,6865]]",0,0,[],2,0,[],0,0,0,0,0,[],5462,0,0,[]
2,2,"[[5463,10493],[5463,10981]]",0,0,[],2,0,[],0,0,0,0,0,[],5463,0,0,[]
1,1,"[[5464,10767]]",0,0,[],1,0,[],0,0,0,0,0,[],5464,0,0,[]
1,1,"[[2895,5465]]",0,0,[],1,0,[],0,0,0,0,0,[],5465,0,0,[]
2,2,"[[1017,5466],[5466,5907]]",0,0,[],2,0,[],0,0,0,0,0,[],5466,0,0,[]
2,2,"[[1838,5467],[5467,7899]]",0,0,[],2,0,[],0,0,0,0,0,[],5467,0,0,[]
2,2,"[[3374,5468],[5468,5771]]",0,0,[],2,0,[],0,0,0,0,0,[],5468,0,0,[]
1,1,"[[5275,5469]]",0,0,[],1,0,[],0,0,0,0,0,[],5469,0,0,[]
1,1,"[[5051,5470]]",0,0,[],1,0,[],0,0,0,0,0,[],5470,0,0,[]
2,2,"[[1698,5471],[4356,5471]]",0,0,[],2,0,[],0,0,0,0,0,[],5471,0,0,[]
1,1,"[[1543,5472]]",0,0,[],1,0,[],0,0,0,0,0,[],5472,0,0,[]
2,2,"[[2783,5473],[5473,6929]]",0,0,[],2,0,[],0,0,0,0,0,[],5473,0,0,[]
2,2,"[[5474,5918],[5474,9102]]",0,0,[],2,0,[],0,0,0,0,0,[],5474,0,0,[]
1,1,"[[2129,5475]]",0,0,[],1,0,[],0,0,0,0,0,[],5475,0,0,[]
1,1,"[[3382,5476]]",0,0,[],1,0,[],0,0,0,0,0,[],5476,0,0,[]
1,1,"[[5477,7195]]",0,0,[],1,0,[],0,0,0,0,0,[],5477,0,0,[]
1,1,"[[5283,5479]]",0,0,[],1,0,[],0,0,0,0,0,[],5479,0,0,[]
1,1,"[[4745,5480]]",0,0,[],1,0,[],0,0,0,0,0,[],5480,0,0,[]
1,1,"[[1159,5481]]",0,0,[],1,0,[],0,0,0,0,0,[],5481,0,0,[]
2,2,"[[2083,5482],[5482,8426]]",0,0,[],2,0,[],0,0,0,0,0,[],5482,0,0,[]
1,1,"[[3641,5483]]",0,0,[],1,0,[],0,0,0,0,0,[],5483,0,0,[]
1,1,"[[5484,7008]]",0,0,[],1,0,[],0,0,0,0,0,[],5484,0,0,[]
1,1,"[[4499,5486]]",0,0,[],1,0,[],0,0,0,0,0,[],5486,0,0,[]
2,2,"[[5487,5937],[5487,10527]]",0,0,[],2,0,[],0,0,0,0,0,[],5487,0,0,[]
1,1,"[[5488,9560]]",0,0,[],1,0,[],0,0,0,0,0,[],5488,0,0,[]
1,1,"[[5489,7966]]",0,0,[],1,0,[],0,0,0,0,0,[],5489,0,0,[]
2,2,"[[158,5490],[182,5490]]",0,0,[],2,0,[],0,0,0,0,0,[],5490,0,0,[]
2,2,"[[5491,5956],[5491,11498]]",0,0,[],2,0,[],0,0,0,0,0,[],5491,0,0,[]
2,2,"[[3586,5493],[5493,6965]]",0,0,[],2,0,[],0,0,0,0,0,[],5493,0,0,[]
1,1,"[[4163,5494]]",0,0,[],1,0,[],0,0,0,0,0,[],5494,0,0,[]
2,2,"[[5495,8048],[5495,9467]]",0,0,[],2,0,[],0,0,0,0,0,[],5495,0,0,[]
2,2,"[[1326,5496],[2829,5496]]",0,0,[],2,0,[],0,0,0,0,0,[],5496,0,0,[]
1,1,"[[2707,5497]]",0,0,[],1,0,[],0,0,0,0,0,[],5497,0,0,[]
2,2,"[[2815,5498],[5498,8433]]",0,0,[],2,0,[],0,0,0,0,0,[],5498,0,0,[]
1,1,"[[5499,11426]]",0,0,[],1,0,[],0,0,0,0,0,[],5499,0,0,[]
1,1,"[[266,5500]]",0,0,[],1,0,[],0,0,0,0,0,[],5500,0,0,[]
1,1,"[[5501,8842]]",0,0,[],1,0,[],0,0,0,0,0,[],5501,0,0,[]
2,2,"[[254,5502],[5502,11590]]",0,0,[],2,0,[],0,0,0,0,0,[],5502,0,0,[]
2,2,"[[3015,5503],[3577,5503]]",0,0,[],2,0,[],0,0,0,0,0,[],5503,0,0,[]
2,2,"[[2593,5504],[5504,5680]]",0,0,[],2,0,[],0,0,0,0,0,[],5504,0,0,[]
2,2,"[[5505,8698],[5505,8808]]",0,0,[],2,0,[],0,0,0,0,0,[],5505,0,0,[]
1,1,"[[889,5506]]",0,0,[],1,0,[],0,0,0,0,0,[],5506,0,0,[]
1,1,"[[5507,5664]]",0,0,[],1,0,[],0,0,0,0,0,[],5507,0,0,[]
2,2,"[[5508,5824],[5508,9452]]",0,0,[],2,0,[],0,0,0,0,0,[],5508,0,0,[]
2,2,"[[5510,8078],[5510,10296]]",0,0,[],2,0,[],0,0,0,0,0,[],5510,0,0,[]
2,2,"[[2794,5511],[5283,5511]]",0,0,[],2,0,[],0,0,0,0,0,[],5511,0,0,[]
2,2,"[[4630,5512],[5512,6033]]",0,0,[],2,0,[],0,0,0,0,0,[],5512,0,0,[]
1,1,"[[3012,5513]]",0,0,[],1,0,[],0,0,0,0,0,[],5513,0,0,[]
1,1,"[[2887,5514]]",0,0,[],1,0,[],0,0,0,0,0,[],5514,0,0,[]
2,2,"[[3443,5515],[5515,5669]]",0,0,[],2,0,[],0,0,0,0,0,[],5515,0,0,[]
2,2,"[[5516,7964],[5516,10422]]",0,0,[],2,0,[],0,0,0,0,0,[],5516,0,0,[]
2,2,"[[5517,10593],[5517,11392]]",0,0,[],2,0,[],0,0,0,0,0,[],5517,0,0,[]
1,1,"[[1449,5518]]",0,0,[],1,0,[],0,0,0,0,0,[],5518,0,0,[]
2,2,"[[5519,7384],[5519,7576]]",0,0,[],2,0,[],0,0,0,0,0,[],5519,0,0,[]
2,2,"[[3050,5520],[5520,8095]]",0,0,[],2,0,[],0,0,0,0,0,[],5520,0,0,[]
1,1,"[[5486,5521]]",0,0,[],1,0,[],0,0,0,0,0,[],5521,0,0,[]
2,2,"[[2729,5522],[2816,5522]]",0,0,[],2,0,[],0,0,0,0,0,[],5522,0,0,[]
1,1,"[[5523,7806]]",0,0,[],1,0,[],0,0,0,0,0,[],5523,0,0,[]
1,1,"[[5017,5524]]",0,0,[],1,0,[],0,0,0,0,0,[],5524,0,0,[]
1,1,"[[5525,11285]]",0,0,[],1,0,[],0,0,0,0,0,[],5525,0,0,[]
2,2,"[[5524,5526],[5526,5856]]",0,0,[],2,0,[],0,0,0,0,0,[],5526,0,0,[]
2,2,"[[2968,5527],[3003,5527]]",0,0,[],2,0,[],0,0,0,0,0,[],5527,0,0,[]
1,1,"[[5528,11734]]",0,0,[],1,0,[],0,0,0,0,0,[],5528,0,0,[]
1,1,"[[5529,5682]]",0,0,[],1,0,[],0,0,0,0,0,[],5529,0,0,[]
2,2,"[[2949,5530],[5530,7762]]",0,0,[],2,0,[],0,0,0,0,0,[],5530,0,0,[]
1,1,"[[5531,9064]]",0,0,[],1,0,[],0,0,0,0,0,[],5531,0,0,[]
1,1,"[[5532,5837]]",0,0,[],1,0,[],0,0,0,0,0,[],5532,0,0,[]
1,1,"[[5533,11209]]",0,0,[],1,0,[],0,0,0,0,0,[],5533,0,0,[]
2,2,"[[676,5534],[5534,7596]]",0,0,[],2,0,[],0,0,0,0,0,[],5534,0,0,[]
2,2,"[[3663,5535],[5535,8110]]",0,0,[],2,0,[],0,0,0,0,0,[],5535,0,0,[]
1,1,"[[2784,5536]]",0,0,[],1,0,[],0,0,0,0,0,[],5536,0,0,[]
2,2,"[[2007,5537],[4933,5537]]",0,0,[],2,0,[],0,0,0,0,0,[],5537,0,0,[]
2,2,"[[2514,5538],[5465,5538]]",0,0,[],2,0,[],0,0,0,0,0,[],5538,0,0,[]
1,1,"[[5539,8251]]",0,0,[],1,0,[],0,0,0,0,0,[],5539,0,0,[]
2,2,"[[5475,5542],[5483,5542]]",0,0,[],2,0,[],0,0,0,0,0,[],5542,0,0,[]
1,1,"[[3353,5543]]",0,0,[],1,0,[],0,0,0,0,0,[],5543,0,0,[]
2,2,"[[3637,5544],[5544,9994]]",0,0,[],2,0,[],0,0,0,0,0,[],5544,0,0,[]
2,2,"[[5545,9164],[5545,10200]]",0,0,[],2,0,[],0,0,0,0,0,[],5545,0,0,[]
2,2,"[[5011,5546],[5546,9076]]",0,0,[],2,0,[],0,0,0,0,0,[],5546,0,0,[]
1,1,"[[2910,5547]]",0,0,[],1,0,[],0,0,0,0,0,[],5547,0,0,[]
2,2,"[[5548,8805],[5548,10927]]",0,0,[],2,0,[],0,0,0,0,0,[],5548,0,0,[]
2,2,"[[1845,5549],[5549,6145]]",0,0,[],2,0,[],0,0,0,0,0,[],5549,0,0,[]
1,1,"[[5550,9215]]",0,0,[],1,0,[],0,0,0,0,0,[],5550,0,0,[]
1,1,"[[5551,6170]]",0,0,[],1,0,[],0,0,0,0,0,[],5551,0,0,[]
2,2,"[[2612,5553],[3130,5553]]",0,0,[],2,0,[],0,0,0,0,0,[],5553,0,0,[]
2,2,"[[4481,5554],[5554,6591]]",0,0,[],2,0,[],0,0,0,0,0,[],5554,0,0,[]
1,1,"[[5555,7779]]",0,0,[],1,0,[],0,0,0,0,0,[],5555,0,0,[]
1,1,"[[5556,10459]]",0,0,[],1,0,[],0,0,0,0,0,[],5556,0,0,[]
1,1,"[[5557,7682]]",0,0,[],1,0,[],0,0,0,0,0,[],5557,0,0,[]
1,1,"[[5558,6833]]",0,0,[],1,0,[],0,0,0,0,0,[],5558,0,0,[]
1,1,"[[3921,5559]]",0,0,[],1,0,[],0,0,0,0,0,[],5559,0,0,[]
2,2,"[[3471,5560],[3844,5560]]",0,0,[],2,0,[],0,0,0,0,0,[],5560,0,0,[]
2,2,"[[1033,5561],[2045,5561]]",0,0,[],2,0,[],0,0,0,0,0,[],5561,0,0,[]
2,2,"[[2696,5562],[5072,5562]]",0,0,[],2,0,[],0,0,0,0,0,[],5562,0,0,[]
1,1,"[[5563,8965]]",0,0,[],1,0,[],0,0,0,0,0,[],5563,0,0,[]
2,2,"[[5421,5564],[5564,6220]]",0,0,[],2,0,[],0,0,0,0,0,[],5564,0,0,[]
1,1,"[[3752,5565]]",0,0,[],1,0,[],0,0,0,0,0,[],5565,0,0,[]
2,2,"[[5101,5566],[5566,6546]]",0,0,[],2,0,[],0,0,0,0,0,[],5566,0,0,[]
1,1,"[[5567,10142]]",0,0,[],1,0,[],0,0,0,0,0,[],5567,0,0,[]
2,2,"[[5568,6762],[5568,7617]]",0,0,[],2,0,[],0,0,0,0,0,[],5568,0,0,[]
2,2,"[[4302,5569],[5569,7150]]",0,0,[],2,0,[],0,0,0,0,0,[],5569,0,0,[]
1,1,"[[5135,5570]]",0,0,[],1,0,[],0,0,0,0,0,[],5570,0,0,[]
2,2,"[[1756,5571],[2514,5571]]",0,0,[],2,0,[],0,0,0,0,0,[],5571,0,0,[]
2,2,"[[4967,5573],[5573,8921]]",0,0,[],2,0,[],0,0,0,0,0,[],5573,0,0,[]
1,1,"[[3842,5574]]",0,0,[],1,0,[],0,0,0,0,0,[],5574,0,0,[]
1,1,"[[5575,6872]]",0,0,[],1,0,[],0,0,0,0,0,[],5575,0,0,[]
2,2,"[[2712,5577],[5292,5577]]",0,0,[],2,0,[],0,0,0,0,0,[],5577,0,0,[]
1,1,"[[3705,5578]]",0,0,[],1,0,[],0,0,0,0,0,[],5578,0,0,[]
2,2,"[[199,5579],[1661,5579]]",0,0,[],2,0,[],0,0,0,0,0,[],5579,0,0,[]
2,2,"[[5580,10789],[5580,11773]]",0,0,[],2,0,[],0,0,0,0,0,[],5580,0,0,[]
1,1,"[[5581,7767]]",0,0,[],1,0,[],0,0,0,0,0,[],5581,0,0,[]
2,2,"[[3871,5582],[5582,9311]]",0,0,[],2,0,[],0,0,0,0,0,[],5582,0,0,[]
1,1,"[[5584,6172]]",0,0,[],1,0,[],0,0,0,0,0,[],5584,0,0,[]
1,1,"[[5585,7017]]",0,0,[],1,0,[],0,0,0,0,0,[],5585,0,0,[]
1,1,"[[5586,9671]]",0,0,[],1,0,[],0,0,0,0,0,[],5586,0,0,[]
2,2,"[[5587,5760],[5587,6528]]",0,0,[],2,0,[],0,0,0,0,0,[],5587,0,0,[]
2,2,"[[3067,5588],[5588,11417]]",0,0,[],2,0,[],0,0,0,0,0,[],5588,0,0,[]
1,1,"[[5589,10899]]",0,0,[],1,0,[],0,0,0,0,0,[],5589,0,0,[]
2,2,"[[5590,6979],[5590,8134]]",0,0,[],2,0,[],0,0,0,0,0,[],5590,0,0,[]
1,1,"[[5591,7769]]",0,0,[],1,0,[],0,0,0,0,0,[],5591,0,0,[]
1,1,"[[5593,13053]]",0,0,[],1,0,[],0,0,0,0,0,[],5593,0,0,[]
1,1,"[[5594,10317]]",0,0,[],1,0,[],0,0,0,0,0,[],5594,0,0,[]
1,1,"[[3131,5595]]",0,0,[],1,0,[],0,0,0,0,0,[],5595,0,0,[]
2,2,"[[211,5596],[4041,5596]]",0,0,[],2,0,[],0,0,0,0,0,[],5596,0,0,[]
2,2,"[[507,5597],[3814,5597]]",0,0,[],2,0,[],0,0,0,0,0,[],5597,0,0,[]
2,2,"[[5598,12802],[5598,13516]]",0,0,[],2,0,[],0,0,0,0,0,[],5598,0,0,[]
1,1,"[[5599,7045]]",0,0,[],1,0,[],0,0,0,0,0,[],5599,0,0,[]
2,2,"[[5601,8943],[5601,12872]]",0,0,[],2,0,[],0,0,0,0,0,[],5601,0,0,[]
2,2,"[[5602,7490],[5602,7608]]",0,0,[],2,0,[],0,0,0,0,0,[],5602,0,0,[]
2,2,"[[4065,5604],[5604,6690]]",0,0,[],2,0,[],0,0,0,0,0,[],5604,0,0,[]
1,1,"[[2620,5605]]",0,0,[],1,0,[],0,0,0,0,0,[],5605,0,0,[]
1,1,"[[8,5606]]",0,0,[],1,0,[],0,0,0,0,0,[],5606,0,0,[]
2,2,"[[5261,5607],[5607,7877]]",0,0,[],2,0,[],0,0,0,0,0,[],5607,0,0,[]
2,2,"[[1310,5608],[5608,11875]]",0,0,[],2,0,[],0,0,0,0,0,[],5608,0,0,[]
2,2,"[[5209,5609],[5609,9034]]",0,0,[],2,0,[],0,0,0,0,0,[],5609,0,0,[]
1,1,"[[5610,9610]]",0,0,[],1,0,[],0,0,0,0,0,[],5610,0,0,[]
2,2,"[[2700,5612],[5612,11663]]",0,0,[],2,0,[],0,0,0,0,0,[],5612,0,0,[]
1,1,"[[5613,9338]]",0,0,[],1,0,[],0,0,0,0,0,[],5613,0,0,[]
2,2,"[[3338,5614],[5073,5614]]",0,0,[],2,0,[],0,0,0,0,0,[],5614,0,0,[]
2,2,"[[4312,5615],[5615,11424]]",0,0,[],2,0,[],0,0,0,0,0,[],5615,0,0,[]
1,1,"[[5065,5617]]",0,0,[],1,0,[],0,0,0,0,0,[],5617,0,0,[]
2,2,"[[5618,7839],[5618,10075]]",0,0,[],2,0,[],0,0,0,0,0,[],5618,0,0,[]
1,1,"[[3683,5619]]",0,0,[],1,0,[],0,0,0,0,0,[],5619,0,0,[]
2,2,"[[733,5620],[5620,12405]]",0,0,[],2,0,[],0,0,0,0,0,[],5620,0,0,[]
1,1,"[[5621,10326]]",0,0,[],1,0,[],0,0,0,0,0,[],5621,0,0,[]
1,1,"[[5622,11893]]",0,0,[],1,0,[],0,0,0,0,0,[],5622,0,0,[]
2,2,"[[5623,7726],[5623,9866]]",0,0,[],2,0,[],0,0,0,0,0,[],5623,0,0,[]
1,1,"[[5624,13166]]",0,0,[],1,0,[],0,0,0,0,0,[],5624,0,0,[]
1,1,"[[5625,5720]]",0,0,[],1,0,[],0,0,0,0,0,[],5625,0,0,[]
2,2,"[[4258,5626],[4880,5626]]",0,0,[],2,0,[],0,0,0,0,0,[],5626,0,0,[]
2,2,"[[5627,5937],[5627,11673]]",0,0,[],2,0,[],0,0,0,0,0,[],5627,0,0,[]
2,2,"[[539,5628],[4145,5628]]",0,0,[],2,0,[],0,0,0,0,0,[],5628,0,0,[]
1,1,"[[31,5629]]",0,0,[],1,0,[],0,0,0,0,0,[],5629,0,0,[]
1,1,"[[3241,5630]]",0,0,[],1,0,[],0,0,0,0,0,[],5630,0,0,[]
2,2,"[[3661,5631],[5631,10710]]",0,0,[],2,0,[],0,0,0,0,0,[],5631,0,0,[]
2,2,"[[3163,5632],[3774,5632]]",0,0,[],2,0,[],0,0,0,0,0,[],5632,0,0,[]
2,2,"[[4238,5633],[4611,5633]]",0,0,[],2,0,[],0,0,0,0,0,[],5633,0,0,[]
2,2,"[[1762,5636],[5483,5636]]",0,0,[],2,0,[],0,0,0,0,0,[],5636,0,0,[]
1,1,"[[5638,9167]]",0,0,[],1,0,[],0,0,0,0,0,[],5638,0,0,[]
2,2,"[[2175,5639],[5639,8463]]",0,0,[],2,0,[],0,0,0,0,0,[],5639,0,0,[]
1,1,"[[5077,5640]]",0,0,[],1,0,[],0,0,0,0,0,[],5640,0,0,[]
2,2,"[[467,5641],[5641,9404]]",0,0,[],2,0,[],0,0,0,0,0,[],5641,0,0,[]
1,1,"[[5456,5642]]",0,0,[],1,0,[],0,0,0,0,0,[],5642,0,0,[]
2,2,"[[251,5643],[5643,13238]]",0,0,[],2,0,[],0,0,0,0,0,[],5643,0,0,[]
2,2,"[[2831,5644],[4136,5644]]",0,0,[],2,0,[],0,0,0,0,0,[],5644,0,0,[]
2,2,"[[2916,5645],[5645,8186]]",0,0,[],2,0,[],0,0,0,0,0,[],5645,0,0,[]
2,2,"[[5646,6309],[5646,10105]]",0,0,[],2,0,[],0,0,0,0,0,[],5646,0,0,[]
1,1,"[[5647,9249]]",0,0,[],1,0,[],0,0,0,0,0,[],5647,0,0,[]
2,2,"[[5648,6852],[5648,9292]]",0,0,[],2,0,[],0,0,0,0,0,[],5648,0,0,[]
1,1,"[[5649,8131]]",0,0,[],1,0,[],0,0,0,0,0,[],5649,0,0,[]
2,2,"[[5163,5650],[5650,13036]]",0,0,[],2,0,[],0,0,0,0,0,[],5650,0,0,[]
2,2,"[[583,5651],[1353,5651]]",0,0,[],2,0,[],0,0,0,0,0,[],5651,0,0,[]
1,1,"[[5652,6667]]",0,0,[],1,0,[],0,0,0,0,0,[],5652,0,0,[]
2,2,"[[4670,5653],[5653,6999]]",0,0,[],2,0,[],0,0,0,0,0,[],5653,0,0,[]
1,1,"[[5654,9063]]",0,0,[],1,0,[],0,0,0,0,0,[],5654,0,0,[]
2,2,"[[291,5655],[5655,9958]]",0,0,[],2,0,[],0,0,0,0,0,[],5655,0,0,[]
1,1,"[[3025,5657]]",0,0,[],1,0,[],0,0,0,0,0,[],5657,0,0,[]
1,1,"[[255,5659]]",0,0,[],1,0,[],0,0,0,0,0,[],5659,0,0,[]
2,2,"[[56,5661],[4124,5661]]",0,0,[],2,0,[],0,0,0,0,0,[],5661,0,0,[]
2,2,"[[5662,10336],[5662,13536]]",0,0,[],2,0,[],0,0,0,0,0,[],5662,0,0,[]
2,2,"[[4119,5663],[5663,5868]]",0,0,[],2,0,[],0,0,0,0,0,[],5663,0,0,[]
2,2,"[[3585,5665],[5665,13261]]",0,0,[],2,0,[],0,0,0,0,0,[],5665,0,0,[]
2,2,"[[1915,5666],[5666,7071]]",0,0,[],2,0,[],0,0,0,0,0,[],5666,0,0,[]
1,1,"[[1920,5667]]",0,0,[],1,0,[],0,0,0,0,0,[],5667,0,0,[]
2,2,"[[5668,6948],[5668,9914]]",0,0,[],2,0,[],0,0,0,0,0,[],5668,0,0,[]
1,1,"[[4124,5669]]",0,0,[],1,0,[],0,0,0,0,0,[],5669,0,0,[]
2,2,"[[3136,5670],[5670,7045]]",0,0,[],2,0,[],0,0,0,0,0,[],5670,0,0,[]
1,1,"[[5671,12223]]",0,0,[],1,0,[],0,0,0,0,0,[],5671,0,0,[]
2,2,"[[4591,5672],[5198,5672]]",0,0,[],2,0,[],0,0,0,0,0,[],5672,0,0,[]
2,2,"[[5673,11250],[5673,11597]]",0,0,[],2,0,[],0,0,0,0,0,[],5673,0,0,[]
1,1,"[[5404,5674]]",0,0,[],1,0,[],0,0,0,0,0,[],5674,0,0,[]
1,1,"[[5675,6591]]",0,0,[],1,0,[],0,0,0,0,0,[],5675,0,0,[]
1,1,"[[2149,5676]]",0,0,[],1,0,[],0,0,0,0,0,[],5676,0,0,[]
2,2,"[[3443,5677],[4124,5677]]",0,0,[],2,0,[],0,0,0,0,0,[],5677,0,0,[]
2,2,"[[4989,5678],[5678,10852]]",0,0,[],2,0,[],0,0,0,0,0,[],5678,0,0,[]
2,2,"[[736,5679],[5679,6131]]",0,0,[],2,0,[],0,0,0,0,0,[],5679,0,0,[]
2,2,"[[3885,5680],[5551,5680]]",0,0,[],2,0,[],0,0,0,0,0,[],5680,0,0,[]
1,1,"[[4106,5681]]",0,0,[],1,0,[],0,0,0,0,0,[],5681,0,0,[]
2,2,"[[529,5683],[5683,12742]]",0,0,[],2,0,[],0,0,0,0,0,[],5683,0,0,[]
2,2,"[[2875,5684],[4596,5684]]",0,0,[],2,0,[],0,0,0,0,0,[],5684,0,0,[]
2,2,"[[796,5685],[4705,5685]]",0,0,[],2,0,[],0,0,0,0,0,[],5685,0,0,[]
1,1,"[[5686,7599]]",0,0,[],1,0,[],0,0,0,0,0,[],5686,0,0,[]
2,2,"[[5687,7951],[5687,10659]]",0,0,[],2,0,[],0,0,0,0,0,[],5687,0,0,[]
1,1,"[[5688,9574]]",0,0,[],1,0,[],0,0,0,0,0,[],5688,0,0,[]
1,1,"[[3997,5689]]",0,0,[],1,0,[],0,0,0,0,0,[],5689,0,0,[]
1,1,"[[4948,5690]]",0,0,[],1,0,[],0,0,0,0,0,[],5690,0,0,[]
2,2,"[[2862,5691],[5691,5780]]",0,0,[],2,0,[],0,0,0,0,0,[],5691,0,0,[]
2,2,"[[1773,5692],[5692,11152]]",0,0,[],2,0,[],0,0,0,0,0,[],5692,0,0,[]
2,2,"[[5693,6074],[5693,12111]]",0,0,[],2,0,[],0,0,0,0,0,[],5693,0,0,[]
2,2,"[[5694,8428],[5694,9264]]",0,0,[],2,0,[],0,0,0,0,0,[],5694,0,0,[]
1,1,"[[5623,5695]]",0,0,[],1,0,[],0,0,0,0,0,[],5695,0,0,[]
1,1,"[[1658,5696]]",0,0,[],1,0,[],0,0,0,0,0,[],5696,0,0,[]
2,2,"[[5028,5698],[5698,7551]]",0,0,[],2,0,[],0,0,0,0,0,[],5698,0,0,[]
2,2,"[[2005,5699],[5699,5867]]",0,0,[],2,0,[],0,0,0,0,0,[],5699,0,0,[]
2,2,"[[895,5700],[1529,5700]]",0,0,[],2,0,[],0,0,0,0,0,[],5700,0,0,[]
2,2,"[[1803,5701],[3736,5701]]",0,0,[],2,0,[],0,0,0,0,0,[],5701,0,0,[]
1,1,"[[4209,5702]]",0,0,[],1,0,[],0,0,0,0,0,[],5702,0,0,[]
2,2,"[[81,5703],[2969,5703]]",0,0,[],2,0,[],0,0,0,0,0,[],5703,0,0,[]
2,2,"[[5704,8951],[5704,12942]]",0,0,[],2,0,[],0,0,0,0,0,[],5704,0,0,[]
1,1,"[[5342,5706]]",0,0,[],1,0,[],0,0,0,0,0,[],5706,0,0,[]
2,2,"[[1778,5707],[5707,8179]]",0,0,[],2,0,[],0,0,0,0,0,[],5707,0,0,[]
1,1,"[[3620,5708]]",0,0,[],1,0,[],0,0,0,0,0,[],5708,0,0,[]
1,1,"[[5710,6271]]",0,0,[],1,0,[],0,0,0,0,0,[],5710,0,0,[]
2,2,"[[2716,5711],[5441,5711]]",0,0,[],2,0,[],0,0,0,0,0,[],5711,0,0,[]
1,1,"[[5712,6467]]",0,0,[],1,0,[],0,0,0,0,0,[],5712,0,0,[]
1,1,"[[5713,9397]]",0,0,[],1,0,[],0,0,0,0,0,[],5713,0,0,[]
1,1,"[[1803,5714]]",0,0,[],1,0,[],0,0,0,0,0,[],5714,0,0,[]
1,1,"[[5715,6125]]",0,0,[],1,0,[],0,0,0,0,0,[],5715,0,0,[]
1,1,"[[5716,12228]]",0,0,[],1,0,[],0,0,0,0,0,[],5716,0,0,[]
1,1,"[[5717,5818]]",0,0,[],1,0,[],0,0,0,0,0,[],5717,0,0,[]
1,1,"[[3524,5718]]",0,0,[],1,0,[],0,0,0,0,0,[],5718,0,0,[]
2,2,"[[5719,10372],[5719,10475]]",0,0,[],2,0,[],0,0,0,0,0,[],5719,0,0,[]
2,2,"[[5720,10804],[5720,12802]]",0,0,[],2,0,[],0,0,0,0,0,[],5720,0,0,[]
1,1,"[[2869,5721]]",0,0,[],1,0,[],0,0,0,0,0,[],5721,0,0,[]
1,1,"[[4243,5722]]",0,0,[],1,0,[],0,0,0,0,0,[],5722,0,0,[]
2,2,"[[1528,5723],[3542,5723]]",0,0,[],2,0,[],0,0,0,0,0,[],5723,0,0,[]
1,1,"[[1172,5725]]",0,0,[],1,0,[],0,0,0,0,0,[],5725,0,0,[]
1,1,"[[5726,9062]]",0,0,[],1,0,[],0,0,0,0,0,[],5726,0,0,[]
1,1,"[[2646,5727]]",0,0,[],1,0,[],0,0,0,0,0,[],5727,0,0,[]
1,1,"[[5728,6072]]",0,0,[],1,0,[],0,0,0,0,0,[],5728,0,0,[]
1,1,"[[5729,9243]]",0,0,[],1,0,[],0,0,0,0,0,[],5729,0,0,[]
2,2,"[[5730,5793],[5730,7014]]",0,0,[],2,0,[],0,0,0,0,0,[],5730,0,0,[]
1,1,"[[5731,8865]]",0,0,[],1,0,[],0,0,0,0,0,[],5731,0,0,[]
2,2,"[[4245,5732],[5732,6934]]",0,0,[],2,0,[],0,0,0,0,0,[],5732,0,0,[]
1,1,"[[3326,5733]]",0,0,[],1,0,[],0,0,0,0,0,[],5733,0,0,[]
1,1,"[[5734,8170]]",0,0,[],1,0,[],0,0,0,0,0,[],5734,0,0,[]
2,2,"[[5316,5736],[5736,6662]]",0,0,[],2,0,[],0,0,0,0,0,[],5736,0,0,[]
2,2,"[[5737,9047],[5737,9064]]",0,0,[],2,0,[],0,0,0,0,0,[],5737,0,0,[]
1,1,"[[5739,8459]]",0,0,[],1,0,[],0,0,0,0,0,[],5739,0,0,[]
1,1,"[[5740,9597]]",0,0,[],1,0,[],0,0,0,0,0,[],5740,0,0,[]
2,2,"[[5741,6970],[5741,8146]]",0,0,[],2,0,[],0,0,0,0,0,[],5741,0,0,[]
2,2,"[[2166,5742],[5742,9992]]",0,0,[],2,0,[],0,0,0,0,0,[],5742,0,0,[]
1,1,"[[3214,5743]]",0,0,[],1,0,[],0,0,0,0,0,[],5743,0,0,[]
2,2,"[[1999,5744],[5744,5963]]",0,0,[],2,0,[],0,0,0,0,0,[],5744,0,0,[]
1,1,"[[5745,9813]]",0,0,[],1,0,[],0,0,0,0,0,[],5745,0,0,[]
2,2,"[[4392,5746],[5746,11243]]",0,0,[],2,0,[],0,0,0,0,0,[],5746,0,0,[]
1,1,"[[4072,5747]]",0,0,[],1,0,[],0,0,0,0,0,[],5747,0,0,[]
2,2,"[[5748,9851],[5748,9879]]",0,0,[],2,0,[],0,0,0,0,0,[],5748,0,0,[]
2,2,"[[5749,6553],[5749,7771]]",0,0,[],2,0,[],0,0,0,0,0,[],5749,0,0,[]
2,2,"[[1267,5751],[2158,5751]]",0,0,[],2,0,[],0,0,0,0,0,[],5751,0,0,[]
2,2,"[[3853,5752],[4729,5752]]",0,0,[],2,0,[],0,0,0,0,0,[],5752,0,0,[]
2,2,"[[1782,5753],[5753,8076]]",0,0,[],2,0,[],0,0,0,0,0,[],5753,0,0,[]
2,2,"[[2806,5756],[5756,10430]]",0,0,[],2,0,[],0,0,0,0,0,[],5756,0,0,[]
1,1,"[[4171,5757]]",0,0,[],1,0,[],0,0,0,0,0,[],5757,0,0,[]
1,1,"[[3662,5758]]",0,0,[],1,0,[],0,0,0,0,0,[],5758,0,0,[]
1,1,"[[5759,7133]]",0,0,[],1,0,[],0,0,0,0,0,[],5759,0,0,[]
2,2,"[[3538,5760],[5760,8441]]",0,0,[],2,0,[],0,0,0,0,0,[],5760,0,0,[]
2,2,"[[766,5761],[5761,10179]]",0,0,[],2,0,[],0,0,0,0,0,[],5761,0,0,[]
1,1,"[[5762,8866]]",0,0,[],1,0,[],0,0,0,0,0,[],5762,0,0,[]
1,1,"[[336,5763]]",0,0,[],1,0,[],0,0,0,0,0,[],5763,0,0,[]
2,2,"[[2973,5764],[5764,6648]]",0,0,[],2,0,[],0,0,0,0,0,[],5764,0,0,[]
1,1,"[[5765,9748]]",0,0,[],1,0,[],0,0,0,0,0,[],5765,0,0,[]
1,1,"[[4268,5766]]",0,0,[],1,0,[],0,0,0,0,0,[],5766,0,0,[]
1,1,"[[5767,11419]]",0,0,[],1,0,[],0,0,0,0,0,[],5767,0,0,[]
2,2,"[[5768,10213],[5768,11537]]",0,0,[],2,0,[],0,0,0,0,0,[],5768,0,0,[]
1,1,"[[5770,9787]]",0,0,[],1,0,[],0,0,0,0,0,[],5770,0,0,[]
2,2,"[[5033,5771],[5771,6727]]",0,0,[],2,0,[],0,0,0,0,0,[],5771,0,0,[]
2,2,"[[2162,5772],[5729,5772]]",0,0,[],2,0,[],0,0,0,0,0,[],5772,0,0,[]
2,2,"[[3462,5773],[5773,7344]]",0,0,[],2,0,[],0,0,0,0,0,[],5773,0,0,[]
1,1,"[[5774,8010]]",0,0,[],1,0,[],0,0,0,0,0,[],5774,0,0,[]
1,1,"[[164,5775]]",0,0,[],1,0,[],0,0,0,0,0,[],5775,0,0,[]
1,1,"[[687,5777]]",0,0,[],1,0,[],0,0,0,0,0,[],5777,0,0,[]
2,2,"[[5778,5966],[5778,6675]]",0,0,[],2,0,[],0,0,0,0,0,[],5778,0,0,[]
1,1,"[[5779,6879]]",0,0,[],1,0,[],0,0,0,0,0,[],5779,0,0,[]
1,1,"[[5781,9197]]",0,0,[],1,0,[],0,0,0,0,0,[],5781,0,0,[]
2,2,"[[1786,5782],[5782,7675]]",0,0,[],2,0,[],0,0,0,0,0,[],5782,0,0,[]
1,1,"[[2814,5783]]",0,0,[],1,0,[],0,0,0,0,0,[],5783,0,0,[]
2,2,"[[3291,5784],[3864,5784]]",0,0,[],2,0,[],0,0,0,0,0,[],5784,0,0,[]
1,1,"[[2193,5785]]",0,0,[],1,0,[],0,0,0,0,0,[],5785,0,0,[]
2,2,"[[5787,6491],[5787,12042]]",0,0,[],2,0,[],0,0,0,0,0,[],5787,0,0,[]
1,1,"[[4414,5789]]",0,0,[],1,0,[],0,0,0,0,0,[],5789,0,0,[]
2,2,"[[5790,8561],[5790,10316]]",0,0,[],2,0,[],0,0,0,0,0,[],5790,0,0,[]
2,2,"[[3535,5791],[5791,11550]]",0,0,[],2,0,[],0,0,0,0,0,[],5791,0,0,[]
1,1,"[[5792,7060]]",0,0,[],1,0,[],0,0,0,0,0,[],5792,0,0,[]
2,2,"[[5471,5793],[5793,7903]]",0,0,[],2,0,[],0,0,0,0,0,[],5793,0,0,[]
2,2,"[[5117,5794],[5794,8071]]",0,0,[],2,0,[],0,0,0,0,0,[],5794,0,0,[]
2,2,"[[1046,5795],[5795,8867]]",0,0,[],2,0,[],0,0,0,0,0,[],5795,0,0,[]
1,1,"[[5796,9893]]",0,0,[],1,0,[],0,0,0,0,0,[],5796,0,0,[]
1,1,"[[376,5799]]",0,0,[],1,0,[],0,0,0,0,0,[],5799,0,0,[]
2,2,"[[309,5800],[5800,6219]]",0,0,[],2,0,[],0,0,0,0,0,[],5800,0,0,[]
1,1,"[[2937,5801]]",0,0,[],1,0,[],0,0,0,0,0,[],5801,0,0,[]
2,2,"[[1944,5802],[4991,5802]]",0,0,[],2,0,[],0,0,0,0,0,[],5802,0,0,[]
2,2,"[[5604,5804],[5652,5804]]",0,0,[],2,0,[],0,0,0,0,0,[],5804,0,0,[]
2,2,"[[4648,5805],[5805,12664]]",0,0,[],2,0,[],0,0,0,0,0,[],5805,0,0,[]
2,2,"[[4574,5806],[5305,5806]]",0,0,[],2,0,[],0,0,0,0,0,[],5806,0,0,[]
2,2,"[[5808,5858],[5808,11299]]",0,0,[],2,0,[],0,0,0,0,0,[],5808,0,0,[]
2,2,"[[722,5809],[1106,5809]]",0,0,[],2,0,[],0,0,0,0,0,[],5809,0,0,[]
1,1,"[[1159,5810]]",0,0,[],1,0,[],0,0,0,0,0,[],5810,0,0,[]
2,2,"[[3704,5813],[3909,5813]]",0,0,[],2,0,[],0,0,0,0,0,[],5813,0,0,[]
1,1,"[[5814,6006]]",0,0,[],1,0,[],0,0,0,0,0,[],5814,0,0,[]
2,2,"[[5815,7278],[5815,7877]]",0,0,[],2,0,[],0,0,0,0,0,[],5815,0,0,[]
2,2,"[[2198,5816],[3284,5816]]",0,0,[],2,0,[],0,0,0,0,0,[],5816,0,0,[]
1,1,"[[5817,10506]]",0,0,[],1,0,[],0,0,0,0,0,[],5817,0,0,[]
2,2,"[[1701,5818],[5818,9128]]",0,0,[],2,0,[],0,0,0,0,0,[],5818,0,0,[]
1,1,"[[5819,7027]]",0,0,[],1,0,[],0,0,0,0,0,[],5819,0,0,[]
2,2,"[[5820,6066],[5820,7112]]",0,0,[],2,0,[],0,0,0,0,0,[],5820,0,0,[]
2,2,"[[4404,5821],[5821,11351]]",0,0,[],2,0,[],0,0,0,0,0,[],5821,0,0,[]
1,1,"[[1842,5823]]",0,0,[],1,0,[],0,0,0,0,0,[],5823,0,0,[]
2,2,"[[4012,5826],[5826,6727]]",0,0,[],2,0,[],0,0,0,0,0,[],5826,0,0,[]
2,2,"[[5827,7979],[5827,11742]]",0,0,[],2,0,[],0,0,0,0,0,[],5827,0,0,[]
2,2,"[[4535,5828],[5828,6044]]",0,0,[],2,0,[],0,0,0,0,0,[],5828,0,0,[]
1,1,"[[2304,5829]]",0,0,[],1,0,[],0,0,0,0,0,[],5829,0,0,[]
2,2,"[[5830,7324],[5830,11869]]",0,0,[],2,0,[],0,0,0,0,0,[],5830,0,0,[]
1,1,"[[5832,6586]]",0,0,[],1,0,[],0,0,0,0,0,[],5832,0,0,[]
1,1,"[[1336,5833]]",0,0,[],1,0,[],0,0,0,0,0,[],5833,0,0,[]
1,1,"[[5834,10253]]",0,0,[],1,0,[],0,0,0,0,0,[],5834,0,0,[]
2,2,"[[2910,5835],[3305,5835]]",0,0,[],2,0,[],0,0,0,0,0,[],5835,0,0,[]
2,2,"[[1658,5836],[5836,7573]]",0,0,[],2,0,[],0,0,0,0,0,[],5836,0,0,[]
2,2,"[[3416,5838],[4747,5838]]",0,0,[],2,0,[],0,0,0,0,0,[],5838,0,0,[]
2,2,"[[5406,5839],[5839,8052]]",0,0,[],2,0,[],0,0,0,0,0,[],5839,0,0,[]
2,2,"[[2789,5841],[2877,5841]]",0,0,[],2,0,[],0,0,0,0,0,[],5841,0,0,[]
1,1,"[[3656,5842]]",0,0,[],1,0,[],0,0,0,0,0,[],5842,0,0,[]
2,2,"[[3335,5843],[3789,5843]]",0,0,[],2,0,[],0,0,0,0,0,[],5843,0,0,[]
1,1,"[[5844,9320]]",0,0,[],1,0,[],0,0,0,0,0,[],5844,0,0,[]
2,2,"[[5274,5845],[5845,11144]]",0,0,[],2,0,[],0,0,0,0,0,[],5845,0,0,[]
1,1,"[[4309,5846]]",0,0,[],1,0,[],0,0,0,0,0,[],5846,0,0,[]
2,2,"[[2191,5847],[5847,5880]]",0,0,[],2,0,[],0,0,0,0,0,[],5847,0,0,[]
1,1,"[[4357,5850]]",0,0,[],1,0,[],0,0,0,0,0,[],5850,0,0,[]
2,2,"[[4924,5851],[5851,10782]]",0,0,[],2,0,[],0,0,0,0,0,[],5851,0,0,[]
2,2,"[[3167,5852],[5852,10345]]",0,0,[],2,0,[],0,0,0,0,0,[],5852,0,0,[]
1,1,"[[5853,11844]]",0,0,[],1,0,[],0,0,0,0,0,[],5853,0,0,[]
2,2,"[[5854,6192],[5854,9983]]",0,0,[],2,0,[],0,0,0,0,0,[],5854,0,0,[]
1,1,"[[981,5855]]",0,0,[],1,0,[],0,0,0,0,0,[],5855,0,0,[]
1,1,"[[2282,5856]]",0,0,[],1,0,[],0,0,0,0,0,[],5856,0,0,[]
1,1,"[[5454,5857]]",0,0,[],1,0,[],0,0,0,0,0,[],5857,0,0,[]
1,1,"[[5858,8599]]",0,0,[],1,0,[],0,0,0,0,0,[],5858,0,0,[]
2,2,"[[4995,5859],[5859,6475]]",0,0,[],2,0,[],0,0,0,0,0,[],5859,0,0,[]
2,2,"[[3825,5862],[5862,8232]]",0,0,[],2,0,[],0,0,0,0,0,[],5862,0,0,[]
1,1,"[[5863,10783]]",0,0,[],1,0,[],0,0,0,0,0,[],5863,0,0,[]
2,2,"[[5864,10280],[5864,12530]]",0,0,[],2,0,[],0,0,0,0,0,[],5864,0,0,[]
1,1,"[[5865,11282]]",0,0,[],1,0,[],0,0,0,0,0,[],5865,0,0,[]
2,2,"[[338,5866],[4156,5866]]",0,0,[],2,0,[],0,0,0,0,0,[],5866,0,0,[]
1,1,"[[5547,5867]]",0,0,[],1,0,[],0,0,0,0,0,[],5867,0,0,[]
1,1,"[[3691,5868]]",0,0,[],1,0,[],0,0,0,0,0,[],5868,0,0,[]
1,1,"[[5270,5869]]",0,0,[],1,0,[],0,0,0,0,0,[],5869,0,0,[]
2,2,"[[5871,7724],[5871,10839]]",0,0,[],2,0,[],0,0,0,0,0,[],5871,0,0,[]
2,2,"[[5873,7485],[5873,8879]]",0,0,[],2,0,[],0,0,0,0,0,[],5873,0,0,[]
2,2,"[[4820,5874],[5874,5894]]",0,0,[],2,0,[],0,0,0,0,0,[],5874,0,0,[]
2,2,"[[5876,6299],[5876,9269]]",0,0,[],2,0,[],0,0,0,0,0,[],5876,0,0,[]
1,1,"[[4229,5877]]",0,0,[],1,0,[],0,0,0,0,0,[],5877,0,0,[]
1,1,"[[5878,6402]]",0,0,[],1,0,[],0,0,0,0,0,[],5878,0,0,[]
1,1,"[[3738,5879]]",0,0,[],1,0,[],0,0,0,0,0,[],5879,0,0,[]
2,2,"[[3352,5880],[5880,9833]]",0,0,[],2,0,[],0,0,0,0,0,[],5880,0,0,[]
2,2,"[[4796,5881],[5881,7272]]",0,0,[],2,0,[],0,0,0,0,0,[],5881,0,0,[]
2,2,"[[1867,5883],[2970,5883]]",0,0,[],2,0,[],0,0,0,0,0,[],5883,0,0,[]
1,1,"[[5509,5884]]",0,0,[],1,0,[],0,0,0,0,0,[],5884,0,0,[]
1,1,"[[5885,9245]]",0,0,[],1,0,[],0,0,0,0,0,[],5885,0,0,[]
2,2,"[[5,5887],[5887,7527]]",0,0,[],2,0,[],0,0,0,0,0,[],5887,0,0,[]
2,2,"[[5889,6831],[5889,7037]]",0,0,[],2,0,[],0,0,0,0,0,[],5889,0,0,[]
2,2,"[[5890,10540],[5890,10858]]",0,0,[],2,0,[],0,0,0,0,0,[],5890,0,0,[]
2,2,"[[4749,5891],[5891,12771]]",0,0,[],2,0,[],0,0,0,0,0,[],5891,0,0,[]
1,1,"[[5892,6505]]",0,0,[],1,0,[],0,0,0,0,0,[],5892,0,0,[]
1,1,"[[5128,5894]]",0,0,[],1,0,[],0,0,0,0,0,[],5894,0,0,[]
1,1,"[[5895,6563]]",0,0,[],1,0,[],0,0,0,0,0,[],5895,0,0,[]
1,1,"[[5371,5896]]",0,0,[],1,0,[],0,0,0,0,0,[],5896,0,0,[]
1,1,"[[5897,6728]]",0,0,[],1,0,[],0,0,0,0,0,[],5897,0,0,[]
2,2,"[[5898,8120],[5898,9963]]",0,0,[],2,0,[],0,0,0,0,0,[],5898,0,0,[]
1,1,"[[5899,12266]]",0,0,[],1,0,[],0,0,0,0,0,[],5899,0,0,[]
2,2,"[[5900,8401],[5900,12558]]",0,0,[],2,0,[],0,0,0,0,0,[],5900,0,0,[]
1,1,"[[2380,5902]]",0,0,[],1,0,[],0,0,0,0,0,[],5902,0,0,[]
2,2,"[[5903,7299],[5903,7769]]",0,0,[],2,0,[],0,0,0,0,0,[],5903,0,0,[]
2,2,"[[5150,5904],[5904,8200]]",0,0,[],2,0,[],0,0,0,0,0,[],5904,0,0,[]
2,2,"[[214,5905],[3290,5905]]",0,0,[],2,0,[],0,0,0,0,0,[],5905,0,0,[]
2,2,"[[5133,5907],[5907,7587]]",0,0,[],2,0,[],0,0,0,0,0,[],5907,0,0,[]
1,1,"[[4444,5908]]",0,0,[],1,0,[],0,0,0,0,0,[],5908,0,0,[]
2,2,"[[5909,8377],[5909,8781]]",0,0,[],2,0,[],0,0,0,0,0,[],5909,0,0,[]
1,1,"[[5910,7095]]",0,0,[],1,0,[],0,0,0,0,0,[],5910,0,0,[]
1,1,"[[5911,6894]]",0,0,[],1,0,[],0,0,0,0,0,[],5911,0,0,[]
1,1,"[[5912,11726]]",0,0,[],1,0,[],0,0,0,0,0,[],5912,0,0,[]
2,2,"[[4352,5913],[5913,6830]]",0,0,[],2,0,[],0,0,0,0,0,[],5913,0,0,[]
2,2,"[[2984,5914],[5914,8393]]",0,0,[],2,0,[],0,0,0,0,0,[],5914,0,0,[]
1,1,"[[5915,10990]]",0,0,[],1,0,[],0,0,0,0,0,[],5915,0,0,[]
1,1,"[[3517,5916]]",0,0,[],1,0,[],0,0,0,0,0,[],5916,0,0,[]
2,2,"[[1189,5919],[4066,5919]]",0,0,[],2,0,[],0,0,0,0,0,[],5919,0,0,[]
1,1,"[[2024,5921]]",0,0,[],1,0,[],0,0,0,0,0,[],5921,0,0,[]
2,2,"[[1284,5922],[3985,5922]]",0,0,[],2,0,[],0,0,0,0,0,[],5922,0,0,[]
2,2,"[[26,5923],[5923,6085]]",0,0,[],2,0,[],0,0,0,0,0,[],5923,0,0,[]
2,2,"[[2422,5924],[5098,5924]]",0,0,[],2,0,[],0,0,0,0,0,[],5924,0,0,[]
1,1,"[[5925,6617]]",0,0,[],1,0,[],0,0,0,0,0,[],5925,0,0,[]
1,1,"[[3977,5926]]",0,0,[],1,0,[],0,0,0,0,0,[],5926,0,0,[]
2,2,"[[4190,5927],[5927,10289]]",0,0,[],2,0,[],0,0,0,0,0,[],5927,0,0,[]
2,2,"[[5928,10645],[5928,10743]]",0,0,[],2,0,[],0,0,0,0,0,[],5928,0,0,[]
2,2,"[[3634,5929],[5929,6706]]",0,0,[],2,0,[],0,0,0,0,0,[],5929,0,0,[]
2,2,"[[4968,5931],[5931,7265]]",0,0,[],2,0,[],0,0,0,0,0,[],5931,0,0,[]
2,2,"[[5236,5932],[5932,6918]]",0,0,[],2,0,[],0,0,0,0,0,[],5932,0,0,[]
1,1,"[[4420,5933]]",0,0,[],1,0,[],0,0,0,0,0,[],5933,0,0,[]
2,2,"[[5667,5934],[5934,9308]]",0,0,[],2,0,[],0,0,0,0,0,[],5934,0,0,[]
1,1,"[[5709,5935]]",0,0,[],1,0,[],0,0,0,0,0,[],5935,0,0,[]
2,2,"[[4741,5937],[5937,7720]]",0,0,[],2,0,[],0,0,0,0,0,[],5937,0,0,[]
1,1,"[[1799,5939]]",0,0,[],1,0,[],0,0,0,0,0,[],5939,0,0,[]
1,1,"[[5856,5941]]",0,0,[],1,0,[],0,0,0,0,0,[],5941,0,0,[]
1,1,"[[944,5942]]",0,0,[],1,0,[],0,0,0,0,0,[],5942,0,0,[]
2,2,"[[5944,6800],[5944,8744]]",0,0,[],2,0,[],0,0,0,0,0,[],5944,0,0,[]
2,2,"[[690,5945],[5945,7736]]",0,0,[],2,0,[],0,0,0,0,0,[],5945,0,0,[]
2,2,"[[2029,5946],[5946,10198]]",0,0,[],2,0,[],0,0,0,0,0,[],5946,0,0,[]
2,2,"[[5947,7093],[5947,9386]]",0,0,[],2,0,[],0,0,0,0,0,[],5947,0,0,[]
2,2,"[[5948,6542],[5948,11467]]",0,0,[],2,0,[],0,0,0,0,0,[],5948,0,0,[]
2,2,"[[5949,12180],[5949,12620]]",0,0,[],2,0,[],0,0,0,0,0,[],5949,0,0,[]
2,2,"[[1419,5950],[5950,7544]]",0,0,[],2,0,[],0,0,0,0,0,[],5950,0,0,[]
1,1,"[[5951,9013]]",0,0,[],1,0,[],0,0,0,0,0,[],5951,0,0,[]
1,1,"[[4649,5952]]",0,0,[],1,0,[],0,0,0,0,0,[],5952,0,0,[]
1,1,"[[5953,9386]]",0,0,[],1,0,[],0,0,0,0,0,[],5953,0,0,[]
2,2,"[[5954,6669],[5954,12020]]",0,0,[],2,0,[],0,0,0,0,0,[],5954,0,0,[]
1,1,"[[5648,5955]]",0,0,[],1,0,[],0,0,0,0,0,[],5955,0,0,[]
1,1,"[[5957,12003]]",0,0,[],1,0,[],0,0,0,0,0,[],5957,0,0,[]
1,1,"[[3582,5959]]",0,0,[],1,0,[],0,0,0,0,0,[],5959,0,0,[]
1,1,"[[5960,6068]]",0,0,[],1,0,[],0,0,0,0,0,[],5960,0,0,[]
1,1,"[[5775,5961]]",0,0,[],1,0,[],0,0,0,0,0,[],5961,0,0,[]
1,1,"[[8,5964]]",0,0,[],1,0,[],0,0,0,0,0,[],5964,0,0,[]
1,1,"[[5966,7652]]",0,0,[],1,0,[],0,0,0,0,0,[],5966,0,0,[]
2,2,"[[4447,5968],[5968,7074]]",0,0,[],2,0,[],0,0,0,0,0,[],5968,0,0,[]
1,1,"[[25,5969]]",0,0,[],1,0,[],0,0,0,0,0,[],5969,0,0,[]
1,1,"[[5971,11846]]",0,0,[],1,0,[],0,0,0,0,0,[],5971,0,0,[]
1,1,"[[2807,5972]]",0,0,[],1,0,[],0,0,0,0,0,[],5972,0,0,[]
2,2,"[[5973,7822],[5973,11199]]",0,0,[],2,0,[],0,0,0,0,0,[],5973,0,0,[]
1,1,"[[4163,5974]]",0,0,[],1,0,[],0,0,0,0,0,[],5974,0,0,[]
1,1,"[[5244,5975]]",0,0,[],1,0,[],0,0,0,0,0,[],5975,0,0,[]
2,2,"[[3883,5976],[4361,5976]]",0,0,[],2,0,[],0,0,0,0,0,[],5976,0,0,[]
2,2,"[[5977,7582],[5977,8572]]",0,0,[],2,0,[],0,0,0,0,0,[],5977,0,0,[]
1,1,"[[5978,7645]]",0,0,[],1,0,[],0,0,0,0,0,[],5978,0,0,[]
1,1,"[[5783,5979]]",0,0,[],1,0,[],0,0,0,0,0,[],5979,0,0,[]
2,2,"[[5981,7146],[5981,9935]]",0,0,[],2,0,[],0,0,0,0,0,[],5981,0,0,[]
1,1,"[[5982,8550]]",0,0,[],1,0,[],0,0,0,0,0,[],5982,0,0,[]
1,1,"[[5983,10127]]",0,0,[],1,0,[],0,0,0,0,0,[],5983,0,0,[]
1,1,"[[4727,5984]]",0,0,[],1,0,[],0,0,0,0,0,[],5984,0,0,[]
1,1,"[[4204,5985]]",0,0,[],1,0,[],0,0,0,0,0,[],5985,0,0,[]
2,2,"[[5987,8369],[5987,11052]]",0,0,[],2,0,[],0,0,0,0,0,[],5987,0,0,[]
2,2,"[[5988,10135],[5988,10287]]",0,0,[],2,0,[],0,0,0,0,0,[],5988,0,0,[]
2,2,"[[870,5989],[2225,5989]]",0,0,[],2,0,[],0,0,0,0,0,[],5989,0,0,[]
2,2,"[[5990,6588],[5990,10053]]",0,0,[],2,0,[],0,0,0,0,0,[],5990,0,0,[]
2,2,"[[5991,7000],[5991,10666]]",0,0,[],2,0,[],0,0,0,0,0,[],5991,0,0,[]
2,2,"[[5372,5992],[5992,6458]]",0,0,[],2,0,[],0,0,0,0,0,[],5992,0,0,[]
2,2,"[[5993,8264],[5993,12729]]",0,0,[],2,0,[],0,0,0,0,0,[],5993,0,0,[]
2,2,"[[5994,6618],[5994,10545]]",0,0,[],2,0,[],0,0,0,0,0,[],5994,0,0,[]
1,1,"[[3477,5995]]",0,0,[],1,0,[],0,0,0,0,0,[],5995,0,0,[]
1,1,"[[5469,5996]]",0,0,[],1,0,[],0,0,0,0,0,[],5996,0,0,[]
1,1,"[[5436,5998]]",0,0,[],1,0,[],0,0,0,0,0,[],5998,0,0,[]
2,2,"[[5999,9070],[5999,9325]]",0,0,[],2,0,[],0,0,0,0,0,[],5999,0,0,[]
1,1,"[[3313,6000]]",0,0,[],1,0,[],0,0,0,0,0,[],6000,0,0,[]
2,2,"[[6001,6819],[6001,10548]]",0,0,[],2,0,[],0,0,0,0,0,[],6001,0,0,[]
2,2,"[[291,6004],[6004,11021]]",0,0,[],2,0,[],0,0,0,0,0,[],6004,0,0,[]
2,2,"[[6005,7032],[6005,10063]]",0,0,[],2,0,[],0,0,0,0,0,[],6005,0,0,[]
1,1,"[[1118,6006]]",0,0,[],1,0,[],0,0,0,0,0,[],6006,0,0,[]
1,1,"[[6007,10498]]",0,0,[],1,0,[],0,0,0,0,0,[],6007,0,0,[]
1,1,"[[3640,6008]]",0,0,[],1,0,[],0,0,0,0,0,[],6008,0,0,[]
2,2,"[[6009,6214],[6009,10215]]",0,0,[],2,0,[],0,0,0,0,0,[],6009,0,0,[]
2,2,"[[319,6010],[5302,6010]]",0,0,[],2,0,[],0,0,0,0,0,[],6010,0,0,[]
2,2,"[[2005,6011],[5333,6011]]",0,0,[],2,0,[],0,0,0,0,0,[],6011,0,0,[]
2,2,"[[607,6012],[1141,6012]]",0,0,[],2,0,[],0,0,0,0,0,[],6012,0,0,[]
1,1,"[[5254,6015]]",0,0,[],1,0,[],0,0,0,0,0,[],6015,0,0,[]
2,2,"[[6016,6533],[6016,6932]]",0,0,[],2,0,[],0,0,0,0,0,[],6016,0,0,[]
2,2,"[[2395,6017],[4628,6017]]",0,0,[],2,0,[],0,0,0,0,0,[],6017,0,0,[]
2,2,"[[885,6018],[6018,7853]]",0,0,[],2,0,[],0,0,0,0,0,[],6018,0,0,[]
1,1,"[[6019,6586]]",0,0,[],1,0,[],0,0,0,0,0,[],6019,0,0,[]
2,2,"[[2465,6020],[2603,6020]]",0,0,[],2,0,[],0,0,0,0,0,[],6020,0,0,[]
2,2,"[[6023,7716],[6023,12450]]",0,0,[],2,0,[],0,0,0,0,0,[],6023,0,0,[]
1,1,"[[4104,6024]]",0,0,[],1,0,[],0,0,0,0,0,[],6024,0,0,[]
2,2,"[[3391,6025],[4199,6025]]",0,0,[],2,0,[],0,0,0,0,0,[],6025,0,0,[]
1,1,"[[6026,8607]]",0,0,[],1,0,[],0,0,0,0,0,[],6026,0,0,[]
2,2,"[[5008,6027],[6027,7341]]",0,0,[],2,0,[],0,0,0,0,0,[],6027,0,0,[]
1,1,"[[6028,7223]]",0,0,[],1,0,[],0,0,0,0,0,[],6028,0,0,[]
2,2,"[[2724,6029],[6029,11851]]",0,0,[],2,0,[],0,0,0,0,0,[],6029,0,0,[]
2,2,"[[557,6030],[3332,6030]]",0,0,[],2,0,[],0,0,0,0,0,[],6030,0,0,[]
2,2,"[[1260,6031],[3410,6031]]",0,0,[],2,0,[],0,0,0,0,0,[],6031,0,0,[]
1,1,"[[6032,9922]]",0,0,[],1,0,[],0,0,0,0,0,[],6032,0,0,[]
2,2,"[[3939,6034],[6034,9628]]",0,0,[],2,0,[],0,0,0,0,0,[],6034,0,0,[]
2,2,"[[4408,6035],[4803,6035]]",0,0,[],2,0,[],0,0,0,0,0,[],6035,0,0,[]
1,1,"[[6036,11783]]",0,0,[],1,0,[],0,0,0,0,0,[],6036,0,0,[]
1,1,"[[6037,7882]]",0,0,[],1,0,[],0,0,0,0,0,[],6037,0,0,[]
2,2,"[[3834,6038],[6038,6289]]",0,0,[],2,0,[],0,0,0,0,0,[],6038,0,0,[]
2,2,"[[6039,7181],[6039,13375]]",0,0,[],2,0,[],0,0,0,0,0,[],6039,0,0,[]
1,1,"[[5668,6040]]",0,0,[],1,0,[],0,0,0,0,0,[],6040,0,0,[]
2,2,"[[2565,6041],[4226,6041]]",0,0,[],2,0,[],0,0,0,0,0,[],6041,0,0,[]
1,1,"[[6042,6067]]",0,0,[],1,0,[],0,0,0,0,0,[],6042,0,0,[]
2,2,"[[6043,9852],[6043,10355]]",0,0,[],2,0,[],0,0,0,0,0,[],6043,0,0,[]
2,2,"[[5355,6045],[6045,8631]]",0,0,[],2,0,[],0,0,0,0,0,[],6045,0,0,[]
2,2,"[[236,6046],[6046,8658]]",0,0,[],2,0,[],0,0,0,0,0,[],6046,0,0,[]
2,2,"[[4057,6047],[6047,7418]]",0,0,[],2,0,[],0,0,0,0,0,[],6047,0,0,[]
1,1,"[[1962,6049]]",0,0,[],1,0,[],0,0,0,0,0,[],6049,0,0,[]
2,2,"[[6050,10198],[6050,12713]]",0,0,[],2,0,[],0,0,0,0,0,[],6050,0,0,[]
2,2,"[[5409,6052],[6052,7083]]",0,0,[],2,0,[],0,0,0,0,0,[],6052,0,0,[]
1,1,"[[4456,6054]]",0,0,[],1,0,[],0,0,0,0,0,[],6054,0,0,[]
1,1,"[[3398,6055]]",0,0,[],1,0,[],0,0,0,0,0,[],6055,0,0,[]
2,2,"[[3869,6057],[6057,9678]]",0,0,[],2,0,[],0,0,0,0,0,[],6057,0,0,[]
1,1,"[[4205,6058]]",0,0,[],1,0,[],0,0,0,0,0,[],6058,0,0,[]
2,2,"[[5066,6059],[6059,6888]]",0,0,[],2,0,[],0,0,0,0,0,[],6059,0,0,[]
1,1,"[[6060,8312]]",0,0,[],1,0,[],0,0,0,0,0,[],6060,0,0,[]
1,1,"[[6029,6061]]",0,0,[],1,0,[],0,0,0,0,0,[],6061,0,0,[]
2,2,"[[3994,6062],[5228,6062]]",0,0,[],2,0,[],0,0,0,0,0,[],6062,0,0,[]
2,2,"[[1235,6064],[6064,8476]]",0,0,[],2,0,[],0,0,0,0,0,[],6064,0,0,[]
1,1,"[[6065,8276]]",0,0,[],1,0,[],0,0,0,0,0,[],6065,0,0,[]
2,2,"[[731,6066],[6066,12224]]",0,0,[],2,0,[],0,0,0,0,0,[],6066,0,0,[]
1,1,"[[6067,6271]]",0,0,[],1,0,[],0,0,0,0,0,[],6067,0,0,[]
1,1,"[[4697,6068]]",0,0,[],1,0,[],0,0,0,0,0,[],6068,0,0,[]
2,2,"[[662,6069],[1854,6069]]",0,0,[],2,0,[],0,0,0,0,0,[],6069,0,0,[]
1,1,"[[6070,10519]]",0,0,[],1,0,[],0,0,0,0,0,[],6070,0,0,[]
2,2,"[[4386,6073],[6073,8734]]",0,0,[],2,0,[],0,0,0,0,0,[],6073,0,0,[]
1,1,"[[5200,6075]]",0,0,[],1,0,[],0,0,0,0,0,[],6075,0,0,[]
1,1,"[[2444,6076]]",0,0,[],1,0,[],0,0,0,0,0,[],6076,0,0,[]
2,2,"[[1389,6077],[6077,12522]]",0,0,[],2,0,[],0,0,0,0,0,[],6077,0,0,[]
2,2,"[[6078,6931],[6078,13146]]",0,0,[],2,0,[],0,0,0,0,0,[],6078,0,0,[]
2,2,"[[6079,7756],[6079,8893]]",0,0,[],2,0,[],0,0,0,0,0,[],6079,0,0,[]
2,2,"[[3347,6080],[6080,9960]]",0,0,[],2,0,[],0,0,0,0,0,[],6080,0,0,[]
2,2,"[[6081,7318],[6081,7413]]",0,0,[],2,0,[],0,0,0,0,0,[],6081,0,0,[]
2,2,"[[5303,6083],[6083,10677]]",0,0,[],2,0,[],0,0,0,0,0,[],6083,0,0,[]
1,1,"[[2328,6084]]",0,0,[],1,0,[],0,0,0,0,0,[],6084,0,0,[]
1,1,"[[5477,6085]]",0,0,[],1,0,[],0,0,0,0,0,[],6085,0,0,[]
1,1,"[[6086,10109]]",0,0,[],1,0,[],0,0,0,0,0,[],6086,0,0,[]
1,1,"[[5310,6087]]",0,0,[],1,0,[],0,0,0,0,0,[],6087,0,0,[]
2,2,"[[5124,6088],[6088,10844]]",0,0,[],2,0,[],0,0,0,0,0,[],6088,0,0,[]
2,2,"[[6089,6426],[6089,7344]]",0,0,[],2,0,[],0,0,0,0,0,[],6089,0,0,[]
1,1,"[[6090,12543]]",0,0,[],1,0,[],0,0,0,0,0,[],6090,0,0,[]
1,1,"[[3765,6091]]",0,0,[],1,0,[],0,0,0,0,0,[],6091,0,0,[]
1,1,"[[6092,11710]]",0,0,[],1,0,[],0,0,0,0,0,[],6092,0,0,[]
2,2,"[[6093,8444],[6093,11678]]",0,0,[],2,0,[],0,0,0,0,0,[],6093,0,0,[]
2,2,"[[6094,7647],[6094,9180]]",0,0,[],2,0,[],0,0,0,0,0,[],6094,0,0,[]
1,1,"[[6095,12338]]",0,0,[],1,0,[],0,0,0,0,0,[],6095,0,0,[]
1,1,"[[6096,12703]]",0,0,[],1,0,[],0,0,0,0,0,[],6096,0,0,[]
2,2,"[[6099,6519],[6099,11880]]",0,0,[],2,0,[],0,0,0,0,0,[],6099,0,0,[]
2,2,"[[6100,11109],[6100,13577]]",0,0,[],2,0,[],0,0,0,0,0,[],6100,0,0,[]
2,2,"[[5938,6102],[6102,8486]]",0,0,[],2,0,[],0,0,0,0,0,[],6102,0,0,[]
2,2,"[[6103,9933],[6103,12414]]",0,0,[],2,0,[],0,0,0,0,0,[],6103,0,0,[]
2,2,"[[550,6104],[6104,13038]]",0,0,[],2,0,[],0,0,0,0,0,[],6104,0,0,[]
2,2,"[[412,6106],[5266,6106]]",0,0,[],2,0,[],0,0,0,0,0,[],6106,0,0,[]
1,1,"[[4281,6107]]",0,0,[],1,0,[],0,0,0,0,0,[],6107,0,0,[]
1,1,"[[6108,6359]]",0,0,[],1,0,[],0,0,0,0,0,[],6108,0,0,[]
1,1,"[[5811,6109]]",0,0,[],1,0,[],0,0,0,0,0,[],6109,0,0,[]
2,2,"[[3980,6110],[6110,7814]]",0,0,[],2,0,[],0,0,0,0,0,[],6110,0,0,[]
2,2,"[[3185,6111],[6111,6646]]",0,0,[],2,0,[],0,0,0,0,0,[],6111,0,0,[]
2,2,"[[2793,6113],[3972,6113]]",0,0,[],2,0,[],0,0,0,0,0,[],6113,0,0,[]
2,2,"[[897,6115],[6115,9609]]",0,0,[],2,0,[],0,0,0,0,0,[],6115,0,0,[]
2,2,"[[6116,6209],[6116,10672]]",0,0,[],2,0,[],0,0,0,0,0,[],6116,0,0,[]
2,2,"[[6117,10498],[6117,13288]]",0,0,[],2,0,[],0,0,0,0,0,[],6117,0,0,[]
2,2,"[[1443,6118],[6118,6296]]",0,0,[],2,0,[],0,0,0,0,0,[],6118,0,0,[]
2,2,"[[484,6119],[6119,6139]]",0,0,[],2,0,[],0,0,0,0,0,[],6119,0,0,[]
1,1,"[[6120,7869]]",0,0,[],1,0,[],0,0,0,0,0,[],6120,0,0,[]
1,1,"[[6121,7868]]",0,0,[],1,0,[],0,0,0,0,0,[],6121,0,0,[]
2,2,"[[5058,6122],[6122,7191]]",0,0,[],2,0,[],0,0,0,0,0,[],6122,0,0,[]
2,2,"[[6123,10857],[6123,11022]]",0,0,[],2,0,[],0,0,0,0,0,[],6123,0,0,[]
2,2,"[[750,6124],[5445,6124]]",0,0,[],2,0,[],0,0,0,0,0,[],6124,0,0,[]
1,1,"[[5230,6125]]",0,0,[],1,0,[],0,0,0,0,0,[],6125,0,0,[]
2,2,"[[6126,7836],[6126,8556]]",0,0,[],2,0,[],0,0,0,0,0,[],6126,0,0,[]
2,2,"[[1994,6127],[3890,6127]]",0,0,[],2,0,[],0,0,0,0,0,[],6127,0,0,[]
2,2,"[[2531,6128],[6128,7497]]",0,0,[],2,0,[],0,0,0,0,0,[],6128,0,0,[]
2,2,"[[2794,6129],[6129,10724]]",0,0,[],2,0,[],0,0,0,0,0,[],6129,0,0,[]
2,2,"[[4704,6130],[6130,8979]]",0,0,[],2,0,[],0,0,0,0,0,[],6130,0,0,[]
1,1,"[[344,6131]]",0,0,[],1,0,[],0,0,0,0,0,[],6131,0,0,[]
1,1,"[[5381,6132]]",0,0,[],1,0,[],0,0,0,0,0,[],6132,0,0,[]
1,1,"[[6133,7763]]",0,0,[],1,0,[],0,0,0,0,0,[],6133,0,0,[]
1,1,"[[3720,6134]]",0,0,[],1,0,[],0,0,0,0,0,[],6134,0,0,[]
1,1,"[[2762,6136]]",0,0,[],1,0,[],0,0,0,0,0,[],6136,0,0,[]
2,2,"[[2325,6137],[5525,6137]]",0,0,[],2,0,[],0,0,0,0,0,[],6137,0,0,[]
1,1,"[[2255,6138]]",0,0,[],1,0,[],0,0,0,0,0,[],6138,0,0,[]
2,2,"[[3322,6139],[5915,6139]]",0,0,[],2,0,[],0,0,0,0,0,[],6139,0,0,[]
2,2,"[[6140,7976],[6140,12985]]",0,0,[],2,0,[],0,0,0,0,0,[],6140,0,0,[]
2,2,"[[4607,6142],[6142,6575]]",0,0,[],2,0,[],0,0,0,0,0,[],6142,0,0,[]
2,2,"[[2827,6143],[2935,6143]]",0,0,[],2,0,[],0,0,0,0,0,[],6143,0,0,[]
1,1,"[[6144,6271]]",0,0,[],1,0,[],0,0,0,0,0,[],6144,0,0,[]
1,1,"[[3972,6145]]",0,0,[],1,0,[],0,0,0,0,0,[],6145,0,0,[]
2,2,"[[6146,6949],[6146,11369]]",0,0,[],2,0,[],0,0,0,0,0,[],6146,0,0,[]
2,2,"[[2392,6147],[5883,6147]]",0,0,[],2,0,[],0,0,0,0,0,[],6147,0,0,[]
2,2,"[[910,6148],[2926,6148]]",0,0,[],2,0,[],0,0,0,0,0,[],6148,0,0,[]
1,1,"[[5589,6149]]",0,0,[],1,0,[],0,0,0,0,0,[],6149,0,0,[]
2,2,"[[6013,6150],[6150,6229]]",0,0,[],2,0,[],0,0,0,0,0,[],6150,0,0,[]
2,2,"[[4611,6151],[6151,9796]]",0,0,[],2,0,[],0,0,0,0,0,[],6151,0,0,[]
2,2,"[[658,6153],[1813,6153]]",0,0,[],2,0,[],0,0,0,0,0,[],6153,0,0,[]
2,2,"[[6154,8131],[6154,8176]]",0,0,[],2,0,[],0,0,0,0,0,[],6154,0,0,[]
2,2,"[[3609,6156],[6156,6807]]",0,0,[],2,0,[],0,0,0,0,0,[],6156,0,0,[]
1,1,"[[5424,6157]]",0,0,[],1,0,[],0,0,0,0,0,[],6157,0,0,[]
1,1,"[[6158,7597]]",0,0,[],1,0,[],0,0,0,0,0,[],6158,0,0,[]
2,2,"[[7,6159],[6159,8032]]",0,0,[],2,0,[],0,0,0,0,0,[],6159,0,0,[]
2,2,"[[4753,6161],[6161,9321]]",0,0,[],2,0,[],0,0,0,0,0,[],6161,0,0,[]
1,1,"[[1821,6162]]",0,0,[],1,0,[],0,0,0,0,0,[],6162,0,0,[]
1,1,"[[18,6163]]",0,0,[],1,0,[],0,0,0,0,0,[],6163,0,0,[]
1,1,"[[6164,11438]]",0,0,[],1,0,[],0,0,0,0,0,[],6164,0,0,[]
2,2,"[[6165,6766],[6165,9377]]",0,0,[],2,0,[],0,0,0,0,0,[],6165,0,0,[]
1,1,"[[1919,6166]]",0,0,[],1,0,[],0,0,0,0,0,[],6166,0,0,[]
1,1,"[[6167,6493]]",0,0,[],1,0,[],0,0,0,0,0,[],6167,0,0,[]
2,2,"[[2695,6168],[4910,6168]]",0,0,[],2,0,[],0,0,0,0,0,[],6168,0,0,[]
1,1,"[[1518,6169]]",0,0,[],1,0,[],0,0,0,0,0,[],6169,0,0,[]
2,2,"[[1949,6170],[2771,6170]]",0,0,[],2,0,[],0,0,0,0,0,[],6170,0,0,[]
2,2,"[[6173,6787],[6173,9614]]",0,0,[],2,0,[],0,0,0,0,0,[],6173,0,0,[]
2,2,"[[5364,6174],[6174,6652]]",0,0,[],2,0,[],0,0,0,0,0,[],6174,0,0,[]
2,2,"[[6175,10006],[6175,10865]]",0,0,[],2,0,[],0,0,0,0,0,[],6175,0,0,[]
1,1,"[[1238,6176]]",0,0,[],1,0,[],0,0,0,0,0,[],6176,0,0,[]
2,2,"[[2887,6177],[3978,6177]]",0,0,[],2,0,[],0,0,0,0,0,[],6177,0,0,[]
2,2,"[[6178,7964],[6178,12968]]",0,0,[],2,0,[],0,0,0,0,0,[],6178,0,0,[]
2,2,"[[6179,8404],[6179,9559]]",0,0,[],2,0,[],0,0,0,0,0,[],6179,0,0,[]
1,1,"[[4836,6180]]",0,0,[],1,0,[],0,0,0,0,0,[],6180,0,0,[]
1,1,"[[1606,6181]]",0,0,[],1,0,[],0,0,0,0,0,[],6181,0,0,[]
1,1,"[[6065,6183]]",0,0,[],1,0,[],0,0,0,0,0,[],6183,0,0,[]
2,2,"[[6184,7179],[6184,13136]]",0,0,[],2,0,[],0,0,0,0,0,[],6184,0,0,[]
1,1,"[[6185,6793]]",0,0,[],1,0,[],0,0,0,0,0,[],6185,0,0,[]
2,2,"[[1408,6186],[4178,6186]]",0,0,[],2,0,[],0,0,0,0,0,[],6186,0,0,[]
2,2,"[[2922,6187],[4182,6187]]",0,0,[],2,0,[],0,0,0,0,0,[],6187,0,0,[]
1,1,"[[6188,8999]]",0,0,[],1,0,[],0,0,0,0,0,[],6188,0,0,[]
2,2,"[[6189,7529],[6189,11177]]",0,0,[],2,0,[],0,0,0,0,0,[],6189,0,0,[]
2,2,"[[170,6190],[6190,6779]]",0,0,[],2,0,[],0,0,0,0,0,[],6190,0,0,[]
2,2,"[[2362,6191],[3333,6191]]",0,0,[],2,0,[],0,0,0,0,0,[],6191,0,0,[]
1,1,"[[6192,9916]]",0,0,[],1,0,[],0,0,0,0,0,[],6192,0,0,[]
2,2,"[[892,6193],[6046,6193]]",0,0,[],2,0,[],0,0,0,0,0,[],6193,0,0,[]
2,2,"[[1918,6194],[3822,6194]]",0,0,[],2,0,[],0,0,0,0,0,[],6194,0,0,[]
2,2,"[[2229,6195],[2866,6195]]",0,0,[],2,0,[],0,0,0,0,0,[],6195,0,0,[]
1,1,"[[6196,8901]]",0,0,[],1,0,[],0,0,0,0,0,[],6196,0,0,[]
2,2,"[[4647,6197],[6197,10434]]",0,0,[],2,0,[],0,0,0,0,0,[],6197,0,0,[]
2,2,"[[815,6198],[6198,8355]]",0,0,[],2,0,[],0,0,0,0,0,[],6198,0,0,[]
2,2,"[[724,6199],[6199,11259]]",0,0,[],2,0,[],0,0,0,0,0,[],6199,0,0,[]
2,2,"[[843,6200],[6200,7759]]",0,0,[],2,0,[],0,0,0,0,0,[],6200,0,0,[]
1,1,"[[2407,6201]]",0,0,[],1,0,[],0,0,0,0,0,[],6201,0,0,[]
2,2,"[[2484,6202],[3700,6202]]",0,0,[],2,0,[],0,0,0,0,0,[],6202,0,0,[]
2,2,"[[2255,6203],[5735,6203]]",0,0,[],2,0,[],0,0,0,0,0,[],6203,0,0,[]
1,1,"[[6204,6817]]",0,0,[],1,0,[],0,0,0,0,0,[],6204,0,0,[]
2,2,"[[6205,7343],[6205,7760]]",0,0,[],2,0,[],0,0,0,0,0,[],6205,0,0,[]
2,2,"[[6206,6275],[6206,7019]]",0,0,[],2,0,[],0,0,0,0,0,[],6206,0,0,[]
1,1,"[[6207,6555]]",0,0,[],1,0,[],0,0,0,0,0,[],6207,0,0,[]
2,2,"[[2470,6208],[6208,9412]]",0,0,[],2,0,[],0,0,0,0,0,[],6208,0,0,[]
2,2,"[[859,6209],[4272,6209]]",0,0,[],2,0,[],0,0,0,0,0,[],6209,0,0,[]
2,2,"[[6210,10736],[6210,12135]]",0,0,[],2,0,[],0,0,0,0,0,[],6210,0,0,[]
2,2,"[[6211,6979],[6211,8170]]",0,0,[],2,0,[],0,0,0,0,0,[],6211,0,0,[]
2,2,"[[6212,8173],[6212,8819]]",0,0,[],2,0,[],0,0,0,0,0,[],6212,0,0,[]
2,2,"[[2077,6213],[3772,6213]]",0,0,[],2,0,[],0,0,0,0,0,[],6213,0,0,[]
2,2,"[[3564,6214],[6214,12016]]",0,0,[],2,0,[],0,0,0,0,0,[],6214,0,0,[]
1,1,"[[770,6215]]",0,0,[],1,0,[],0,0,0,0,0,[],6215,0,0,[]
2,2,"[[3725,6216],[6216,7325]]",0,0,[],2,0,[],0,0,0,0,0,[],6216,0,0,[]
2,2,"[[439,6217],[2114,6217]]",0,0,[],2,0,[],0,0,0,0,0,[],6217,0,0,[]
2,2,"[[4578,6218],[6218,8966]]",0,0,[],2,0,[],0,0,0,0,0,[],6218,0,0,[]
1,1,"[[2699,6219]]",0,0,[],1,0,[],0,0,0,0,0,[],6219,0,0,[]
2,2,"[[2628,6221],[6221,8008]]",0,0,[],2,0,[],0,0,0,0,0,[],6221,0,0,[]
2,2,"[[2191,6222],[6222,7925]]",0,0,[],2,0,[],0,0,0,0,0,[],6222,0,0,[]
2,2,"[[2803,6223],[6223,7741]]",0,0,[],2,0,[],0,0,0,0,0,[],6223,0,0,[]
1,1,"[[2633,6224]]",0,0,[],1,0,[],0,0,0,0,0,[],6224,0,0,[]
2,2,"[[3550,6225],[3576,6225]]",0,0,[],2,0,[],0,0,0,0,0,[],6225,0,0,[]
1,1,"[[6226,10587]]",0,0,[],1,0,[],0,0,0,0,0,[],6226,0,0,[]
2,2,"[[4704,6227],[6227,11405]]",0,0,[],2,0,[],0,0,0,0,0,[],6227,0,0,[]
2,2,"[[5806,6228],[6228,9211]]",0,0,[],2,0,[],0,0,0,0,0,[],6228,0,0,[]
1,1,"[[6170,6229]]",0,0,[],1,0,[],0,0,0,0,0,[],6229,0,0,[]
2,2,"[[6230,7450],[6230,11749]]",0,0,[],2,0,[],0,0,0,0,0,[],6230,0,0,[]
1,1,"[[4260,6231]]",0,0,[],1,0,[],0,0,0,0,0,[],6231,0,0,[]
1,1,"[[5740,6233]]",0,0,[],1,0,[],0,0,0,0,0,[],6233,0,0,[]
1,1,"[[286,6234]]",0,0,[],1,0,[],0,0,0,0,0,[],6234,0,0,[]
1,1,"[[6235,8044]]",0,0,[],1,0,[],0,0,0,0,0,[],6235,0,0,[]
1,1,"[[2250,6236]]",0,0,[],1,0,[],0,0,0,0,0,[],6236,0,0,[]
2,2,"[[6237,7934],[6237,9970]]",0,0,[],2,0,[],0,0,0,0,0,[],6237,0,0,[]
2,2,"[[3451,6239],[6239,7807]]",0,0,[],2,0,[],0,0,0,0,0,[],6239,0,0,[]
1,1,"[[6240,6902]]",0,0,[],1,0,[],0,0,0,0,0,[],6240,0,0,[]
2,2,"[[3755,6241],[6241,10509]]",0,0,[],2,0,[],0,0,0,0,0,[],6241,0,0,[]
2,2,"[[3013,6242],[4581,6242]]",0,0,[],2,0,[],0,0,0,0,0,[],6242,0,0,[]
1,1,"[[6246,8667]]",0,0,[],1,0,[],0,0,0,0,0,[],6246,0,0,[]
2,2,"[[6247,8190],[6247,8980]]",0,0,[],2,0,[],0,0,0,0,0,[],6247,0,0,[]
2,2,"[[5034,6249],[5272,6249]]",0,0,[],2,0,[],0,0,0,0,0,[],6249,0,0,[]
1,1,"[[6070,6250]]",0,0,[],1,0,[],0,0,0,0,0,[],6250,0,0,[]
2,2,"[[6251,9512],[6251,9744]]",0,0,[],2,0,[],0,0,0,0,0,[],6251,0,0,[]
2,2,"[[439,6252],[4257,6252]]",0,0,[],2,0,[],0,0,0,0,0,[],6252,0,0,[]
2,2,"[[2899,6253],[2972,6253]]",0,0,[],2,0,[],0,0,0,0,0,[],6253,0,0,[]
1,1,"[[6254,7069]]",0,0,[],1,0,[],0,0,0,0,0,[],6254,0,0,[]
2,2,"[[2000,6255],[3643,6255]]",0,0,[],2,0,[],0,0,0,0,0,[],6255,0,0,[]
2,2,"[[6256,10139],[6256,12483]]",0,0,[],2,0,[],0,0,0,0,0,[],6256,0,0,[]
1,1,"[[3152,6257]]",0,0,[],1,0,[],0,0,0,0,0,[],6257,0,0,[]
2,2,"[[2832,6258],[6258,10601]]",0,0,[],2,0,[],0,0,0,0,0,[],6258,0,0,[]
1,1,"[[3808,6259]]",0,0,[],1,0,[],0,0,0,0,0,[],6259,0,0,[]
2,2,"[[6260,7175],[6260,8349]]",0,0,[],2,0,[],0,0,0,0,0,[],6260,0,0,[]
2,2,"[[6061,6261],[6261,7719]]",0,0,[],2,0,[],0,0,0,0,0,[],6261,0,0,[]
1,1,"[[6262,7265]]",0,0,[],1,0,[],0,0,0,0,0,[],6262,0,0,[]
1,1,"[[6263,8691]]",0,0,[],1,0,[],0,0,0,0,0,[],6263,0,0,[]
2,2,"[[2839,6264],[6264,10521]]",0,0,[],2,0,[],0,0,0,0,0,[],6264,0,0,[]
1,1,"[[6265,9555]]",0,0,[],1,0,[],0,0,0,0,0,[],6265,0,0,[]
2,2,"[[6266,11024],[6266,13142]]",0,0,[],2,0,[],0,0,0,0,0,[],6266,0,0,[]
1,1,"[[6268,9070]]",0,0,[],1,0,[],0,0,0,0,0,[],6268,0,0,[]
1,1,"[[547,6270]]",0,0,[],1,0,[],0,0,0,0,0,[],6270,0,0,[]
2,2,"[[3626,6271],[5202,6271]]",0,0,[],2,0,[],0,0,0,0,0,[],6271,0,0,[]
2,2,"[[4264,6272],[6272,10505]]",0,0,[],2,0,[],0,0,0,0,0,[],6272,0,0,[]
1,1,"[[5553,6273]]",0,0,[],1,0,[],0,0,0,0,0,[],6273,0,0,[]
2,2,"[[3934,6274],[6274,7887]]",0,0,[],2,0,[],0,0,0,0,0,[],6274,0,0,[]
2,2,"[[6041,6275],[6275,8173]]",0,0,[],2,0,[],0,0,0,0,0,[],6275,0,0,[]
2,2,"[[6276,7139],[6276,10604]]",0,0,[],2,0,[],0,0,0,0,0,[],6276,0,0,[]
2,2,"[[1804,6277],[5818,6277]]",0,0,[],2,0,[],0,0,0,0,0,[],6277,0,0,[]
1,1,"[[3291,6278]]",0,0,[],1,0,[],0,0,0,0,0,[],6278,0,0,[]
2,2,"[[4349,6279],[4556,6279]]",0,0,[],2,0,[],0,0,0,0,0,[],6279,0,0,[]
2,2,"[[2776,6280],[4229,6280]]",0,0,[],2,0,[],0,0,0,0,0,[],6280,0,0,[]
1,1,"[[17,6281]]",0,0,[],1,0,[],0,0,0,0,0,[],6281,0,0,[]
1,1,"[[6282,7362]]",0,0,[],1,0,[],0,0,0,0,0,[],6282,0,0,[]
1,1,"[[3462,6283]]",0,0,[],1,0,[],0,0,0,0,0,[],6283,0,0,[]
2,2,"[[2603,6284],[2715,6284]]",0,0,[],2,0,[],0,0,0,0,0,[],6284,0,0,[]
2,2,"[[50,6285],[5832,6285]]",0,0,[],2,0,[],0,0,0,0,0,[],6285,0,0,[]
1,1,"[[6286,12325]]",0,0,[],1,0,[],0,0,0,0,0,[],6286,0,0,[]
1,1,"[[6287,8574]]",0,0,[],1,0,[],0,0,0,0,0,[],6287,0,0,[]
1,1,"[[6288,10999]]",0,0,[],1,0,[],0,0,0,0,0,[],6288,0,0,[]
2,2,"[[527,6289],[3677,6289]]",0,0,[],2,0,[],0,0,0,0,0,[],6289,0,0,[]
2,2,"[[4682,6291],[6291,13246]]",0,0,[],2,0,[],0,0,0,0,0,[],6291,0,0,[]
2,2,"[[6292,8882],[6292,12228]]",0,0,[],2,0,[],0,0,0,0,0,[],6292,0,0,[]
2,2,"[[973,6293],[4962,6293]]",0,0,[],2,0,[],0,0,0,0,0,[],6293,0,0,[]
1,1,"[[5771,6294]]",0,0,[],1,0,[],0,0,0,0,0,[],6294,0,0,[]
1,1,"[[6295,6487]]",0,0,[],1,0,[],0,0,0,0,0,[],6295,0,0,[]
2,2,"[[1583,6296],[3789,6296]]",0,0,[],2,0,[],0,0,0,0,0,[],6296,0,0,[]
1,1,"[[6297,11805]]",0,0,[],1,0,[],0,0,0,0,0,[],6297,0,0,[]
1,1,"[[6298,6643]]",0,0,[],1,0,[],0,0,0,0,0,[],6298,0,0,[]
1,1,"[[5537,6299]]",0,0,[],1,0,[],0,0,0,0,0,[],6299,0,0,[]
1,1,"[[6300,7509]]",0,0,[],1,0,[],0,0,0,0,0,[],6300,0,0,[]
2,2,"[[6301,6842],[6301,7168]]",0,0,[],2,0,[],0,0,0,0,0,[],6301,0,0,[]
2,2,"[[6302,9579],[6302,13062]]",0,0,[],2,0,[],0,0,0,0,0,[],6302,0,0,[]
2,2,"[[6303,7666],[6303,11064]]",0,0,[],2,0,[],0,0,0,0,0,[],6303,0,0,[]
1,1,"[[2522,6305]]",0,0,[],1,0,[],0,0,0,0,0,[],6305,0,0,[]
2,2,"[[5643,6306],[6306,9844]]",0,0,[],2,0,[],0,0,0,0,0,[],6306,0,0,[]
2,2,"[[3717,6307],[6307,8128]]",0,0,[],2,0,[],0,0,0,0,0,[],6307,0,0,[]
2,2,"[[6309,7309],[6309,9971]]",0,0,[],2,0,[],0,0,0,0,0,[],6309,0,0,[]
2,2,"[[6310,6741],[6310,8113]]",0,0,[],2,0,[],0,0,0,0,0,[],6310,0,0,[]
2,2,"[[2000,6311],[2783,6311]]",0,0,[],2,0,[],0,0,0,0,0,[],6311,0,0,[]
2,2,"[[900,6312],[6312,6860]]",0,0,[],2,0,[],0,0,0,0,0,[],6312,0,0,[]
1,1,"[[4324,6313]]",0,0,[],1,0,[],0,0,0,0,0,[],6313,0,0,[]
1,1,"[[5317,6314]]",0,0,[],1,0,[],0,0,0,0,0,[],6314,0,0,[]
1,1,"[[6207,6315]]",0,0,[],1,0,[],0,0,0,0,0,[],6315,0,0,[]
1,1,"[[6316,11524]]",0,0,[],1,0,[],0,0,0,0,0,[],6316,0,0,[]
2,2,"[[4730,6317],[5014,6317]]",0,0,[],2,0,[],0,0,0,0,0,[],6317,0,0,[]
2,2,"[[6318,7695],[6318,11054]]",0,0,[],2,0,[],0,0,0,0,0,[],6318,0,0,[]
2,2,"[[3394,6319],[6319,7551]]",0,0,[],2,0,[],0,0,0,0,0,[],6319,0,0,[]
2,2,"[[5856,6320],[6320,7331]]",0,0,[],2,0,[],0,0,0,0,0,[],6320,0,0,[]
1,1,"[[6321,10472]]",0,0,[],1,0,[],0,0,0,0,0,[],6321,0,0,[]
1,1,"[[6322,10816]]",0,0,[],1,0,[],0,0,0,0,0,[],6322,0,0,[]
2,2,"[[6323,8026],[6323,9282]]",0,0,[],2,0,[],0,0,0,0,0,[],6323,0,0,[]
1,1,"[[1778,6324]]",0,0,[],1,0,[],0,0,0,0,0,[],6324,0,0,[]
1,1,"[[6325,10223]]",0,0,[],1,0,[],0,0,0,0,0,[],6325,0,0,[]
1,1,"[[6327,12558]]",0,0,[],1,0,[],0,0,0,0,0,[],6327,0,0,[]
1,1,"[[2265,6328]]",0,0,[],1,0,[],0,0,0,0,0,[],6328,0,0,[]
2,2,"[[4142,6329],[5325,6329]]",0,0,[],2,0,[],0,0,0,0,0,[],6329,0,0,[]
2,2,"[[1113,6331],[6331,11463]]",0,0,[],2,0,[],0,0,0,0,0,[],6331,0,0,[]
1,1,"[[4215,6332]]",0,0,[],1,0,[],0,0,0,0,0,[],6332,0,0,[]
1,1,"[[6333,8121]]",0,0,[],1,0,[],0,0,0,0,0,[],6333,0,0,[]
2,2,"[[3369,6334],[6334,11095]]",0,0,[],2,0,[],0,0,0,0,0,[],6334,0,0,[]
2,2,"[[6335,11771],[6335,12424]]",0,0,[],2,0,[],0,0,0,0,0,[],6335,0,0,[]
1,1,"[[4404,6336]]",0,0,[],1,0,[],0,0,0,0,0,[],6336,0,0,[]
2,2,"[[5318,6337],[6337,8927]]",0,0,[],2,0,[],0,0,0,0,0,[],6337,0,0,[]
1,1,"[[2135,6338]]",0,0,[],1,0,[],0,0,0,0,0,[],6338,0,0,[]
1,1,"[[6341,7131]]",0,0,[],1,0,[],0,0,0,0,0,[],6341,0,0,[]
1,1,"[[4921,6342]]",0,0,[],1,0,[],0,0,0,0,0,[],6342,0,0,[]
2,2,"[[5233,6343],[6343,6950]]",0,0,[],2,0,[],0,0,0,0,0,[],6343,0,0,[]
1,1,"[[2274,6344]]",0,0,[],1,0,[],0,0,0,0,0,[],6344,0,0,[]
2,2,"[[6345,10187],[6345,11322]]",0,0,[],2,0,[],0,0,0,0,0,[],6345,0,0,[]
1,1,"[[1837,6347]]",0,0,[],1,0,[],0,0,0,0,0,[],6347,0,0,[]
2,2,"[[3132,6348],[5371,6348]]",0,0,[],2,0,[],0,0,0,0,0,[],6348,0,0,[]
2,2,"[[4379,6349],[5218,6349]]",0,0,[],2,0,[],0,0,0,0,0,[],6349,0,0,[]
2,2,"[[6350,6544],[6350,8166]]",0,0,[],2,0,[],0,0,0,0,0,[],6350,0,0,[]
2,2,"[[3643,6351],[5592,6351]]",0,0,[],2,0,[],0,0,0,0,0,[],6351,0,0,[]
1,1,"[[4140,6352]]",0,0,[],1,0,[],0,0,0,0,0,[],6352,0,0,[]
1,1,"[[4925,6353]]",0,0,[],1,0,[],0,0,0,0,0,[],6353,0,0,[]
1,1,"[[1499,6354]]",0,0,[],1,0,[],0,0,0,0,0,[],6354,0,0,[]
2,2,"[[2025,6355],[4833,6355]]",0,0,[],2,0,[],0,0,0,0,0,[],6355,0,0,[]
2,2,"[[6356,7710],[6356,11760]]",0,0,[],2,0,[],0,0,0,0,0,[],6356,0,0,[]
2,2,"[[2673,6357],[5576,6357]]",0,0,[],2,0,[],0,0,0,0,0,[],6357,0,0,[]
2,2,"[[3786,6358],[5571,6358]]",0,0,[],2,0,[],0,0,0,0,0,[],6358,0,0,[]
2,2,"[[446,6359],[2469,6359]]",0,0,[],2,0,[],0,0,0,0,0,[],6359,0,0,[]
2,2,"[[6360,6708],[6360,7138]]",0,0,[],2,0,[],0,0,0,0,0,[],6360,0,0,[]
2,2,"[[6361,10242],[6361,11499]]",0,0,[],2,0,[],0,0,0,0,0,[],6361,0,0,[]
1,1,"[[1637,6362]]",0,0,[],1,0,[],0,0,0,0,0,[],6362,0,0,[]
2,2,"[[4501,6365],[6365,11730]]",0,0,[],2,0,[],0,0,0,0,0,[],6365,0,0,[]
1,1,"[[6366,8435]]",0,0,[],1,0,[],0,0,0,0,0,[],6366,0,0,[]
1,1,"[[3257,6367]]",0,0,[],1,0,[],0,0,0,0,0,[],6367,0,0,[]
2,2,"[[6368,7073],[6368,8860]]",0,0,[],2,0,[],0,0,0,0,0,[],6368,0,0,[]
2,2,"[[6370,8335],[6370,8419]]",0,0,[],2,0,[],0,0,0,0,0,[],6370,0,0,[]
2,2,"[[3669,6371],[6371,8669]]",0,0,[],2,0,[],0,0,0,0,0,[],6371,0,0,[]
2,2,"[[5684,6372],[6372,6850]]",0,0,[],2,0,[],0,0,0,0,0,[],6372,0,0,[]
2,2,"[[6373,9698],[6373,11211]]",0,0,[],2,0,[],0,0,0,0,0,[],6373,0,0,[]
1,1,"[[1482,6374]]",0,0,[],1,0,[],0,0,0,0,0,[],6374,0,0,[]
2,2,"[[3395,6376],[6376,7968]]",0,0,[],2,0,[],0,0,0,0,0,[],6376,0,0,[]
1,1,"[[6377,12761]]",0,0,[],1,0,[],0,0,0,0,0,[],6377,0,0,[]
1,1,"[[1530,6379]]",0,0,[],1,0,[],0,0,0,0,0,[],6379,0,0,[]
2,2,"[[3477,6380],[6380,9875]]",0,0,[],2,0,[],0,0,0,0,0,[],6380,0,0,[]
2,2,"[[4296,6381],[6381,7047]]",0,0,[],2,0,[],0,0,0,0,0,[],6381,0,0,[]
2,2,"[[147,6382],[6382,8770]]",0,0,[],2,0,[],0,0,0,0,0,[],6382,0,0,[]
2,2,"[[3322,6383],[4278,6383]]",0,0,[],2,0,[],0,0,0,0,0,[],6383,0,0,[]
1,1,"[[3065,6384]]",0,0,[],1,0,[],0,0,0,0,0,[],6384,0,0,[]
1,1,"[[456,6385]]",0,0,[],1,0,[],0,0,0,0,0,[],6385,0,0,[]
1,1,"[[3948,6388]]",0,0,[],1,0,[],0,0,0,0,0,[],6388,0,0,[]
2,2,"[[3451,6389],[6389,9171]]",0,0,[],2,0,[],0,0,0,0,0,[],6389,0,0,[]
2,2,"[[6391,9219],[6391,10334]]",0,0,[],2,0,[],0,0,0,0,0,[],6391,0,0,[]
1,1,"[[4777,6392]]",0,0,[],1,0,[],0,0,0,0,0,[],6392,0,0,[]
1,1,"[[5138,6393]]",0,0,[],1,0,[],0,0,0,0,0,[],6393,0,0,[]
2,2,"[[6394,8288],[6394,11377]]",0,0,[],2,0,[],0,0,0,0,0,[],6394,0,0,[]
1,1,"[[6395,10787]]",0,0,[],1,0,[],0,0,0,0,0,[],6395,0,0,[]
2,2,"[[673,6396],[6396,7589]]",0,0,[],2,0,[],0,0,0,0,0,[],6396,0,0,[]
2,2,"[[5706,6397],[6397,11860]]",0,0,[],2,0,[],0,0,0,0,0,[],6397,0,0,[]
1,1,"[[6398,8660]]",0,0,[],1,0,[],0,0,0,0,0,[],6398,0,0,[]
2,2,"[[3201,6399],[6399,6712]]",0,0,[],2,0,[],0,0,0,0,0,[],6399,0,0,[]
1,1,"[[6400,10812]]",0,0,[],1,0,[],0,0,0,0,0,[],6400,0,0,[]
1,1,"[[3308,6401]]",0,0,[],1,0,[],0,0,0,0,0,[],6401,0,0,[]
2,2,"[[6402,6525],[6402,11214]]",0,0,[],2,0,[],0,0,0,0,0,[],6402,0,0,[]
1,1,"[[6403,8353]]",0,0,[],1,0,[],0,0,0,0,0,[],6403,0,0,[]
1,1,"[[6404,6952]]",0,0,[],1,0,[],0,0,0,0,0,[],6404,0,0,[]
2,2,"[[6405,7992],[6405,13549]]",0,0,[],2,0,[],0,0,0,0,0,[],6405,0,0,[]
1,1,"[[6406,7053]]",0,0,[],1,0,[],0,0,0,0,0,[],6406,0,0,[]
2,2,"[[6407,7195],[6407,7706]]",0,0,[],2,0,[],0,0,0,0,0,[],6407,0,0,[]
1,1,"[[6408,10395]]",0,0,[],1,0,[],0,0,0,0,0,[],6408,0,0,[]
1,1,"[[2353,6409]]",0,0,[],1,0,[],0,0,0,0,0,[],6409,0,0,[]
2,2,"[[6410,7321],[6410,7614]]",0,0,[],2,0,[],0,0,0,0,0,[],6410,0,0,[]
2,2,"[[4219,6411],[6411,8154]]",0,0,[],2,0,[],0,0,0,0,0,[],6411,0,0,[]
1,1,"[[2832,6412]]",0,0,[],1,0,[],0,0,0,0,0,[],6412,0,0,[]
1,1,"[[6413,7431]]",0,0,[],1,0,[],0,0,0,0,0,[],6413,0,0,[]
1,1,"[[6414,7689]]",0,0,[],1,0,[],0,0,0,0,0,[],6414,0,0,[]
2,2,"[[6415,8771],[6415,11038]]",0,0,[],2,0,[],0,0,0,0,0,[],6415,0,0,[]
2,2,"[[6416,9205],[6416,10953]]",0,0,[],2,0,[],0,0,0,0,0,[],6416,0,0,[]
2,2,"[[6417,9772],[6417,12182]]",0,0,[],2,0,[],0,0,0,0,0,[],6417,0,0,[]
1,1,"[[6418,11322]]",0,0,[],1,0,[],0,0,0,0,0,[],6418,0,0,[]
1,1,"[[6419,6735]]",0,0,[],1,0,[],0,0,0,0,0,[],6419,0,0,[]
2,2,"[[5997,6420],[6420,7229]]",0,0,[],2,0,[],0,0,0,0,0,[],6420,0,0,[]
2,2,"[[1655,6421],[4452,6421]]",0,0,[],2,0,[],0,0,0,0,0,[],6421,0,0,[]
2,2,"[[2714,6423],[6423,9724]]",0,0,[],2,0,[],0,0,0,0,0,[],6423,0,0,[]
2,2,"[[6424,7974],[6424,9551]]",0,0,[],2,0,[],0,0,0,0,0,[],6424,0,0,[]
2,2,"[[5137,6425],[6425,6993]]",0,0,[],2,0,[],0,0,0,0,0,[],6425,0,0,[]
1,1,"[[6426,7344]]",0,0,[],1,0,[],0,0,0,0,0,[],6426,0,0,[]
1,1,"[[2278,6428]]",0,0,[],1,0,[],0,0,0,0,0,[],6428,0,0,[]
2,2,"[[5100,6429],[6429,10145]]",0,0,[],2,0,[],0,0,0,0,0,[],6429,0,0,[]
1,1,"[[5081,6430]]",0,0,[],1,0,[],0,0,0,0,0,[],6430,0,0,[]
2,2,"[[6431,9950],[6431,10057]]",0,0,[],2,0,[],0,0,0,0,0,[],6431,0,0,[]
2,2,"[[6432,8453],[6432,10114]]",0,0,[],2,0,[],0,0,0,0,0,[],6432,0,0,[]
1,1,"[[6433,7288]]",0,0,[],1,0,[],0,0,0,0,0,[],6433,0,0,[]
1,1,"[[5288,6434]]",0,0,[],1,0,[],0,0,0,0,0,[],6434,0,0,[]
2,2,"[[1513,6435],[6435,10219]]",0,0,[],2,0,[],0,0,0,0,0,[],6435,0,0,[]
2,2,"[[4404,6436],[6436,11648]]",0,0,[],2,0,[],0,0,0,0,0,[],6436,0,0,[]
1,1,"[[2498,6437]]",0,0,[],1,0,[],0,0,0,0,0,[],6437,0,0,[]
2,2,"[[2095,6438],[4140,6438]]",0,0,[],2,0,[],0,0,0,0,0,[],6438,0,0,[]
1,1,"[[6439,7504]]",0,0,[],1,0,[],0,0,0,0,0,[],6439,0,0,[]
2,2,"[[3096,6440],[6286,6440]]",0,0,[],2,0,[],0,0,0,0,0,[],6440,0,0,[]
2,2,"[[5440,6441],[6441,7606]]",0,0,[],2,0,[],0,0,0,0,0,[],6441,0,0,[]
1,1,"[[6442,6546]]",0,0,[],1,0,[],0,0,0,0,0,[],6442,0,0,[]
1,1,"[[3899,6443]]",0,0,[],1,0,[],0,0,0,0,0,[],6443,0,0,[]
1,1,"[[6444,6860]]",0,0,[],1,0,[],0,0,0,0,0,[],6444,0,0,[]
2,2,"[[6172,6446],[6446,9819]]",0,0,[],2,0,[],0,0,0,0,0,[],6446,0,0,[]
1,1,"[[668,6447]]",0,0,[],1,0,[],0,0,0,0,0,[],6447,0,0,[]
2,2,"[[6448,8927],[6448,12442]]",0,0,[],2,0,[],0,0,0,0,0,[],6448,0,0,[]
2,2,"[[6449,7492],[6449,7773]]",0,0,[],2,0,[],0,0,0,0,0,[],6449,0,0,[]
1,1,"[[6450,7324]]",0,0,[],1,0,[],0,0,0,0,0,[],6450,0,0,[]
2,2,"[[3326,6452],[4320,6452]]",0,0,[],2,0,[],0,0,0,0,0,[],6452,0,0,[]
2,2,"[[3396,6453],[3531,6453]]",0,0,[],2,0,[],0,0,0,0,0,[],6453,0,0,[]
1,1,"[[4727,6454]]",0,0,[],1,0,[],0,0,0,0,0,[],6454,0,0,[]
1,1,"[[2223,6455]]",0,0,[],1,0,[],0,0,0,0,0,[],6455,0,0,[]
1,1,"[[6456,7373]]",0,0,[],1,0,[],0,0,0,0,0,[],6456,0,0,[]
2,2,"[[6059,6457],[6457,6850]]",0,0,[],2,0,[],0,0,0,0,0,[],6457,0,0,[]
2,2,"[[6458,7730],[6458,8096]]",0,0,[],2,0,[],0,0,0,0,0,[],6458,0,0,[]
2,2,"[[5847,6460],[6460,11579]]",0,0,[],2,0,[],0,0,0,0,0,[],6460,0,0,[]
2,2,"[[6461,8265],[6461,12770]]",0,0,[],2,0,[],0,0,0,0,0,[],6461,0,0,[]
2,2,"[[3116,6462],[5819,6462]]",0,0,[],2,0,[],0,0,0,0,0,[],6462,0,0,[]
2,2,"[[6463,10297],[6463,10657]]",0,0,[],2,0,[],0,0,0,0,0,[],6463,0,0,[]
1,1,"[[6464,9451]]",0,0,[],1,0,[],0,0,0,0,0,[],6464,0,0,[]
1,1,"[[2725,6465]]",0,0,[],1,0,[],0,0,0,0,0,[],6465,0,0,[]
2,2,"[[1209,6466],[5160,6466]]",0,0,[],2,0,[],0,0,0,0,0,[],6466,0,0,[]
1,1,"[[2343,6467]]",0,0,[],1,0,[],0,0,0,0,0,[],6467,0,0,[]
1,1,"[[4789,6469]]",0,0,[],1,0,[],0,0,0,0,0,[],6469,0,0,[]
1,1,"[[6470,8670]]",0,0,[],1,0,[],0,0,0,0,0,[],6470,0,0,[]
2,2,"[[6471,6956],[6471,10993]]",0,0,[],2,0,[],0,0,0,0,0,[],6471,0,0,[]
2,2,"[[6472,10889],[6472,11870]]",0,0,[],2,0,[],0,0,0,0,0,[],6472,0,0,[]
1,1,"[[6473,7866]]",0,0,[],1,0,[],0,0,0,0,0,[],6473,0,0,[]
1,1,"[[6474,8387]]",0,0,[],1,0,[],0,0,0,0,0,[],6474,0,0,[]
2,2,"[[6475,9943],[6475,10527]]",0,0,[],2,0,[],0,0,0,0,0,[],6475,0,0,[]
1,1,"[[6476,10695]]",0,0,[],1,0,[],0,0,0,0,0,[],6476,0,0,[]
2,2,"[[5770,6477],[6477,9196]]",0,0,[],2,0,[],0,0,0,0,0,[],6477,0,0,[]
1,1,"[[6478,9703]]",0,0,[],1,0,[],0,0,0,0,0,[],6478,0,0,[]
1,1,"[[6479,6668]]",0,0,[],1,0,[],0,0,0,0,0,[],6479,0,0,[]
1,1,"[[6480,11144]]",0,0,[],1,0,[],0,0,0,0,0,[],6480,0,0,[]
1,1,"[[868,6481]]",0,0,[],1,0,[],0,0,0,0,0,[],6481,0,0,[]
2,2,"[[6482,7215],[6482,8532]]",0,0,[],2,0,[],0,0,0,0,0,[],6482,0,0,[]
2,2,"[[5372,6483],[6483,9424]]",0,0,[],2,0,[],0,0,0,0,0,[],6483,0,0,[]
1,1,"[[6484,13333]]",0,0,[],1,0,[],0,0,0,0,0,[],6484,0,0,[]
2,2,"[[3254,6486],[6486,12236]]",0,0,[],2,0,[],0,0,0,0,0,[],6486,0,0,[]
2,2,"[[5873,6487],[6099,6487]]",0,0,[],2,0,[],0,0,0,0,0,[],6487,0,0,[]
2,2,"[[6488,11738],[6488,12933]]",0,0,[],2,0,[],0,0,0,0,0,[],6488,0,0,[]
1,1,"[[1200,6489]]",0,0,[],1,0,[],0,0,0,0,0,[],6489,0,0,[]
1,1,"[[6490,6896]]",0,0,[],1,0,[],0,0,0,0,0,[],6490,0,0,[]
2,2,"[[6491,9030],[6491,11518]]",0,0,[],2,0,[],0,0,0,0,0,[],6491,0,0,[]
2,2,"[[6492,10017],[6492,12134]]",0,0,[],2,0,[],0,0,0,0,0,[],6492,0,0,[]
2,2,"[[2395,6493],[6493,7422]]",0,0,[],2,0,[],0,0,0,0,0,[],6493,0,0,[]
2,2,"[[1316,6494],[2846,6494]]",0,0,[],2,0,[],0,0,0,0,0,[],6494,0,0,[]
2,2,"[[1854,6495],[6495,8624]]",0,0,[],2,0,[],0,0,0,0,0,[],6495,0,0,[]
2,2,"[[6484,6496],[6496,8157]]",0,0,[],2,0,[],0,0,0,0,0,[],6496,0,0,[]
1,1,"[[6497,7994]]",0,0,[],1,0,[],0,0,0,0,0,[],6497,0,0,[]
2,2,"[[1696,6498],[3071,6498]]",0,0,[],2,0,[],0,0,0,0,0,[],6498,0,0,[]
2,2,"[[6439,6499],[6499,9942]]",0,0,[],2,0,[],0,0,0,0,0,[],6499,0,0,[]
1,1,"[[3448,6500]]",0,0,[],1,0,[],0,0,0,0,0,[],6500,0,0,[]
1,1,"[[91,6501]]",0,0,[],1,0,[],0,0,0,0,0,[],6501,0,0,[]
2,2,"[[902,6502],[3586,6502]]",0,0,[],2,0,[],0,0,0,0,0,[],6502,0,0,[]
2,2,"[[4411,6503],[4901,6503]]",0,0,[],2,0,[],0,0,0,0,0,[],6503,0,0,[]
1,1,"[[6504,8109]]",0,0,[],1,0,[],0,0,0,0,0,[],6504,0,0,[]
1,1,"[[4136,6505]]",0,0,[],1,0,[],0,0,0,0,0,[],6505,0,0,[]
1,1,"[[6506,7558]]",0,0,[],1,0,[],0,0,0,0,0,[],6506,0,0,[]
2,2,"[[6507,12850],[6507,13651]]",0,0,[],2,0,[],0,0,0,0,0,[],6507,0,0,[]
2,2,"[[4924,6509],[6509,8230]]",0,0,[],2,0,[],0,0,0,0,0,[],6509,0,0,[]
1,1,"[[6511,9157]]",0,0,[],1,0,[],0,0,0,0,0,[],6511,0,0,[]
1,1,"[[2936,6512]]",0,0,[],1,0,[],0,0,0,0,0,[],6512,0,0,[]
1,1,"[[2317,6513]]",0,0,[],1,0,[],0,0,0,0,0,[],6513,0,0,[]
2,2,"[[452,6514],[3955,6514]]",0,0,[],2,0,[],0,0,0,0,0,[],6514,0,0,[]
2,2,"[[4699,6516],[6516,7758]]",0,0,[],2,0,[],0,0,0,0,0,[],6516,0,0,[]
1,1,"[[6517,10789]]",0,0,[],1,0,[],0,0,0,0,0,[],6517,0,0,[]
2,2,"[[3802,6518],[5839,6518]]",0,0,[],2,0,[],0,0,0,0,0,[],6518,0,0,[]
1,1,"[[6519,7485]]",0,0,[],1,0,[],0,0,0,0,0,[],6519,0,0,[]
1,1,"[[3823,6520]]",0,0,[],1,0,[],0,0,0,0,0,[],6520,0,0,[]
1,1,"[[3825,6521]]",0,0,[],1,0,[],0,0,0,0,0,[],6521,0,0,[]
1,1,"[[6341,6522]]",0,0,[],1,0,[],0,0,0,0,0,[],6522,0,0,[]
1,1,"[[670,6524]]",0,0,[],1,0,[],0,0,0,0,0,[],6524,0,0,[]
1,1,"[[3874,6525]]",0,0,[],1,0,[],0,0,0,0,0,[],6525,0,0,[]
1,1,"[[1951,6526]]",0,0,[],1,0,[],0,0,0,0,0,[],6526,0,0,[]
2,2,"[[3227,6527],[5321,6527]]",0,0,[],2,0,[],0,0,0,0,0,[],6527,0,0,[]
2,2,"[[6529,8651],[6529,11447]]",0,0,[],2,0,[],0,0,0,0,0,[],6529,0,0,[]
2,2,"[[3850,6530],[6530,6981]]",0,0,[],2,0,[],0,0,0,0,0,[],6530,0,0,[]
1,1,"[[6534,9254]]",0,0,[],1,0,[],0,0,0,0,0,[],6534,0,0,[]
2,2,"[[6535,6721],[6535,7889]]",0,0,[],2,0,[],0,0,0,0,0,[],6535,0,0,[]
1,1,"[[6536,10109]]",0,0,[],1,0,[],0,0,0,0,0,[],6536,0,0,[]
2,2,"[[4099,6537],[5606,6537]]",0,0,[],2,0,[],0,0,0,0,0,[],6537,0,0,[]
2,2,"[[3502,6538],[5368,6538]]",0,0,[],2,0,[],0,0,0,0,0,[],6538,0,0,[]
1,1,"[[4832,6539]]",0,0,[],1,0,[],0,0,0,0,0,[],6539,0,0,[]
1,1,"[[3403,6540]]",0,0,[],1,0,[],0,0,0,0,0,[],6540,0,0,[]
1,1,"[[2594,6541]]",0,0,[],1,0,[],0,0,0,0,0,[],6541,0,0,[]
2,2,"[[401,6542],[6542,10126]]",0,0,[],2,0,[],0,0,0,0,0,[],6542,0,0,[]
2,2,"[[3393,6543],[6543,9683]]",0,0,[],2,0,[],0,0,0,0,0,[],6543,0,0,[]
2,2,"[[6544,8705],[6544,11255]]",0,0,[],2,0,[],0,0,0,0,0,[],6544,0,0,[]
2,2,"[[5931,6545],[6383,6545]]",0,0,[],2,0,[],0,0,0,0,0,[],6545,0,0,[]
1,1,"[[3991,6546]]",0,0,[],1,0,[],0,0,0,0,0,[],6546,0,0,[]
2,2,"[[6547,7468],[6547,9957]]",0,0,[],2,0,[],0,0,0,0,0,[],6547,0,0,[]
1,1,"[[6283,6549]]",0,0,[],1,0,[],0,0,0,0,0,[],6549,0,0,[]
2,2,"[[6550,7043],[6550,9400]]",0,0,[],2,0,[],0,0,0,0,0,[],6550,0,0,[]
1,1,"[[6551,9091]]",0,0,[],1,0,[],0,0,0,0,0,[],6551,0,0,[]
2,2,"[[6552,11836],[6552,13348]]",0,0,[],2,0,[],0,0,0,0,0,[],6552,0,0,[]
2,2,"[[6290,6554],[6554,11007]]",0,0,[],2,0,[],0,0,0,0,0,[],6554,0,0,[]
2,2,"[[1940,6555],[6555,12117]]",0,0,[],2,0,[],0,0,0,0,0,[],6555,0,0,[]
1,1,"[[6556,7099]]",0,0,[],1,0,[],0,0,0,0,0,[],6556,0,0,[]
1,1,"[[6557,7326]]",0,0,[],1,0,[],0,0,0,0,0,[],6557,0,0,[]
2,2,"[[6558,9277],[6558,10146]]",0,0,[],2,0,[],0,0,0,0,0,[],6558,0,0,[]
2,2,"[[6559,7607],[6559,10290]]",0,0,[],2,0,[],0,0,0,0,0,[],6559,0,0,[]
1,1,"[[6560,11975]]",0,0,[],1,0,[],0,0,0,0,0,[],6560,0,0,[]
1,1,"[[3942,6561]]",0,0,[],1,0,[],0,0,0,0,0,[],6561,0,0,[]
2,2,"[[6562,6610],[6562,12943]]",0,0,[],2,0,[],0,0,0,0,0,[],6562,0,0,[]
1,1,"[[1152,6563]]",0,0,[],1,0,[],0,0,0,0,0,[],6563,0,0,[]
2,2,"[[3328,6564],[4732,6564]]",0,0,[],2,0,[],0,0,0,0,0,[],6564,0,0,[]
2,2,"[[5091,6565],[6565,10864]]",0,0,[],2,0,[],0,0,0,0,0,[],6565,0,0,[]
1,1,"[[6566,11253]]",0,0,[],1,0,[],0,0,0,0,0,[],6566,0,0,[]
2,2,"[[1655,6567],[5245,6567]]",0,0,[],2,0,[],0,0,0,0,0,[],6567,0,0,[]
2,2,"[[5106,6568],[6568,11285]]",0,0,[],2,0,[],0,0,0,0,0,[],6568,0,0,[]
2,2,"[[4113,6569],[4249,6569]]",0,0,[],2,0,[],0,0,0,0,0,[],6569,0,0,[]
2,2,"[[1571,6570],[2068,6570]]",0,0,[],2,0,[],0,0,0,0,0,[],6570,0,0,[]
1,1,"[[6571,8182]]",0,0,[],1,0,[],0,0,0,0,0,[],6571,0,0,[]
2,2,"[[6572,6875],[6572,7512]]",0,0,[],2,0,[],0,0,0,0,0,[],6572,0,0,[]
1,1,"[[3626,6573]]",0,0,[],1,0,[],0,0,0,0,0,[],6573,0,0,[]
1,1,"[[6358,6574]]",0,0,[],1,0,[],0,0,0,0,0,[],6574,0,0,[]
2,2,"[[4220,6575],[6526,6575]]",0,0,[],2,0,[],0,0,0,0,0,[],6575,0,0,[]
2,2,"[[6577,7231],[6577,7955]]",0,0,[],2,0,[],0,0,0,0,0,[],6577,0,0,[]
2,2,"[[2594,6578],[6136,6578]]",0,0,[],2,0,[],0,0,0,0,0,[],6578,0,0,[]
2,2,"[[6579,6738],[6579,6820]]",0,0,[],2,0,[],0,0,0,0,0,[],6579,0,0,[]
2,2,"[[5328,6580],[6580,7247]]",0,0,[],2,0,[],0,0,0,0,0,[],6580,0,0,[]
1,1,"[[894,6581]]",0,0,[],1,0,[],0,0,0,0,0,[],6581,0,0,[]
2,2,"[[6583,9152],[6583,10435]]",0,0,[],2,0,[],0,0,0,0,0,[],6583,0,0,[]
1,1,"[[1784,6584]]",0,0,[],1,0,[],0,0,0,0,0,[],6584,0,0,[]
1,1,"[[6585,7044]]",0,0,[],1,0,[],0,0,0,0,0,[],6585,0,0,[]
1,1,"[[3624,6587]]",0,0,[],1,0,[],0,0,0,0,0,[],6587,0,0,[]
1,1,"[[4395,6588]]",0,0,[],1,0,[],0,0,0,0,0,[],6588,0,0,[]
1,1,"[[6589,8011]]",0,0,[],1,0,[],0,0,0,0,0,[],6589,0,0,[]
2,2,"[[4519,6590],[5076,6590]]",0,0,[],2,0,[],0,0,0,0,0,[],6590,0,0,[]
2,2,"[[3194,6591],[4577,6591]]",0,0,[],2,0,[],0,0,0,0,0,[],6591,0,0,[]
2,2,"[[6592,6681],[6592,8985]]",0,0,[],2,0,[],0,0,0,0,0,[],6592,0,0,[]
1,1,"[[6593,11105]]",0,0,[],1,0,[],0,0,0,0,0,[],6593,0,0,[]
1,1,"[[4147,6594]]",0,0,[],1,0,[],0,0,0,0,0,[],6594,0,0,[]
1,1,"[[6596,7874]]",0,0,[],1,0,[],0,0,0,0,0,[],6596,0,0,[]
1,1,"[[4669,6597]]",0,0,[],1,0,[],0,0,0,0,0,[],6597,0,0,[]
2,2,"[[6598,11451],[6598,12508]]",0,0,[],2,0,[],0,0,0,0,0,[],6598,0,0,[]
2,2,"[[3684,6599],[5082,6599]]",0,0,[],2,0,[],0,0,0,0,0,[],6599,0,0,[]
1,1,"[[6600,9232]]",0,0,[],1,0,[],0,0,0,0,0,[],6600,0,0,[]
2,2,"[[6601,7175],[6601,9529]]",0,0,[],2,0,[],0,0,0,0,0,[],6601,0,0,[]
2,2,"[[5792,6603],[6603,6893]]",0,0,[],2,0,[],0,0,0,0,0,[],6603,0,0,[]
2,2,"[[5284,6604],[6604,9103]]",0,0,[],2,0,[],0,0,0,0,0,[],6604,0,0,[]
2,2,"[[6605,7195],[6605,10907]]",0,0,[],2,0,[],0,0,0,0,0,[],6605,0,0,[]
1,1,"[[3091,6606]]",0,0,[],1,0,[],0,0,0,0,0,[],6606,0,0,[]
2,2,"[[5093,6607],[6607,10913]]",0,0,[],2,0,[],0,0,0,0,0,[],6607,0,0,[]
2,2,"[[6608,7835],[6608,13062]]",0,0,[],2,0,[],0,0,0,0,0,[],6608,0,0,[]
1,1,"[[3447,6611]]",0,0,[],1,0,[],0,0,0,0,0,[],6611,0,0,[]
2,2,"[[2486,6613],[6613,9832]]",0,0,[],2,0,[],0,0,0,0,0,[],6613,0,0,[]
2,2,"[[5913,6614],[6614,11968]]",0,0,[],2,0,[],0,0,0,0,0,[],6614,0,0,[]
1,1,"[[6615,6982]]",0,0,[],1,0,[],0,0,0,0,0,[],6615,0,0,[]
1,1,"[[2544,6616]]",0,0,[],1,0,[],0,0,0,0,0,[],6616,0,0,[]
2,2,"[[690,6617],[5596,6617]]",0,0,[],2,0,[],0,0,0,0,0,[],6617,0,0,[]
1,1,"[[6619,10229]]",0,0,[],1,0,[],0,0,0,0,0,[],6619,0,0,[]
2,2,"[[4589,6620],[6620,8803]]",0,0,[],2,0,[],0,0,0,0,0,[],6620,0,0,[]
1,1,"[[6621,6907]]",0,0,[],1,0,[],0,0,0,0,0,[],6621,0,0,[]
1,1,"[[1950,6622]]",0,0,[],1,0,[],0,0,0,0,0,[],6622,0,0,[]
2,2,"[[745,6623],[2893,6623]]",0,0,[],2,0,[],0,0,0,0,0,[],6623,0,0,[]
2,2,"[[5535,6624],[6624,8120]]",0,0,[],2,0,[],0,0,0,0,0,[],6624,0,0,[]
2,2,"[[2909,6625],[6625,7034]]",0,0,[],2,0,[],0,0,0,0,0,[],6625,0,0,[]
1,1,"[[6626,9980]]",0,0,[],1,0,[],0,0,0,0,0,[],6626,0,0,[]
2,2,"[[2760,6627],[6627,10369]]",0,0,[],2,0,[],0,0,0,0,0,[],6627,0,0,[]
2,2,"[[6628,10851],[6628,13236]]",0,0,[],2,0,[],0,0,0,0,0,[],6628,0,0,[]
1,1,"[[4762,6630]]",0,0,[],1,0,[],0,0,0,0,0,[],6630,0,0,[]
2,2,"[[5671,6631],[6631,12936]]",0,0,[],2,0,[],0,0,0,0,0,[],6631,0,0,[]
1,1,"[[6632,11982]]",0,0,[],1,0,[],0,0,0,0,0,[],6632,0,0,[]
1,1,"[[2480,6633]]",0,0,[],1,0,[],0,0,0,0,0,[],6633,0,0,[]
1,1,"[[6634,7882]]",0,0,[],1,0,[],0,0,0,0,0,[],6634,0,0,[]
1,1,"[[2889,6635]]",0,0,[],1,0,[],0,0,0,0,0,[],6635,0,0,[]
1,1,"[[6636,7030]]",0,0,[],1,0,[],0,0,0,0,0,[],6636,0,0,[]
2,2,"[[6313,6637],[6637,10651]]",0,0,[],2,0,[],0,0,0,0,0,[],6637,0,0,[]
2,2,"[[6207,6638],[6638,7039]]",0,0,[],2,0,[],0,0,0,0,0,[],6638,0,0,[]
2,2,"[[420,6639],[3911,6639]]",0,0,[],2,0,[],0,0,0,0,0,[],6639,0,0,[]
1,1,"[[3916,6640]]",0,0,[],1,0,[],0,0,0,0,0,[],6640,0,0,[]
1,1,"[[4612,6642]]",0,0,[],1,0,[],0,0,0,0,0,[],6642,0,0,[]
2,2,"[[6643,8378],[6643,9703]]",0,0,[],2,0,[],0,0,0,0,0,[],6643,0,0,[]
2,2,"[[3091,6644],[4555,6644]]",0,0,[],2,0,[],0,0,0,0,0,[],6644,0,0,[]
2,2,"[[4672,6645],[6645,8942]]",0,0,[],2,0,[],0,0,0,0,0,[],6645,0,0,[]
1,1,"[[3517,6648]]",0,0,[],1,0,[],0,0,0,0,0,[],6648,0,0,[]
2,2,"[[2938,6649],[4057,6649]]",0,0,[],2,0,[],0,0,0,0,0,[],6649,0,0,[]
1,1,"[[2499,6651]]",0,0,[],1,0,[],0,0,0,0,0,[],6651,0,0,[]
2,2,"[[4704,6652],[6652,7186]]",0,0,[],2,0,[],0,0,0,0,0,[],6652,0,0,[]
2,2,"[[2036,6654],[4342,6654]]",0,0,[],2,0,[],0,0,0,0,0,[],6654,0,0,[]
2,2,"[[6655,10076],[6655,11445]]",0,0,[],2,0,[],0,0,0,0,0,[],6655,0,0,[]
2,2,"[[5916,6656],[6656,9090]]",0,0,[],2,0,[],0,0,0,0,0,[],6656,0,0,[]
1,1,"[[6657,7834]]",0,0,[],1,0,[],0,0,0,0,0,[],6657,0,0,[]
1,1,"[[6658,12622]]",0,0,[],1,0,[],0,0,0,0,0,[],6658,0,0,[]
2,2,"[[5081,6659],[6659,6820]]",0,0,[],2,0,[],0,0,0,0,0,[],6659,0,0,[]
2,2,"[[6660,7416],[6660,8549]]",0,0,[],2,0,[],0,0,0,0,0,[],6660,0,0,[]
2,2,"[[6661,8581],[6661,11832]]",0,0,[],2,0,[],0,0,0,0,0,[],6661,0,0,[]
2,2,"[[1238,6662],[6662,9736]]",0,0,[],2,0,[],0,0,0,0,0,[],6662,0,0,[]
2,2,"[[2841,6663],[6663,9898]]",0,0,[],2,0,[],0,0,0,0,0,[],6663,0,0,[]
2,2,"[[4069,6664],[4449,6664]]",0,0,[],2,0,[],0,0,0,0,0,[],6664,0,0,[]
1,1,"[[2040,6665]]",0,0,[],1,0,[],0,0,0,0,0,[],6665,0,0,[]
2,2,"[[1554,6666],[6666,7699]]",0,0,[],2,0,[],0,0,0,0,0,[],6666,0,0,[]
2,2,"[[873,6667],[2048,6667]]",0,0,[],2,0,[],0,0,0,0,0,[],6667,0,0,[]
1,1,"[[6668,7148]]",0,0,[],1,0,[],0,0,0,0,0,[],6668,0,0,[]
2,2,"[[5478,6669],[6669,12465]]",0,0,[],2,0,[],0,0,0,0,0,[],6669,0,0,[]
1,1,"[[4453,6670]]",0,0,[],1,0,[],0,0,0,0,0,[],6670,0,0,[]
2,2,"[[6671,8142],[6671,8621]]",0,0,[],2,0,[],0,0,0,0,0,[],6671,0,0,[]
1,1,"[[6672,12061]]",0,0,[],1,0,[],0,0,0,0,0,[],6672,0,0,[]
1,1,"[[1204,6673]]",0,0,[],1,0,[],0,0,0,0,0,[],6673,0,0,[]
2,2,"[[6498,6674],[6674,10959]]",0,0,[],2,0,[],0,0,0,0,0,[],6674,0,0,[]
1,1,"[[897,6675]]",0,0,[],1,0,[],0,0,0,0,0,[],6675,0,0,[]
1,1,"[[6676,8766]]",0,0,[],1,0,[],0,0,0,0,0,[],6676,0,0,[]
1,1,"[[6677,6755]]",0,0,[],1,0,[],0,0,0,0,0,[],6677,0,0,[]
1,1,"[[4090,6678]]",0,0,[],1,0,[],0,0,0,0,0,[],6678,0,0,[]
2,2,"[[3873,6679],[5469,6679]]",0,0,[],2,0,[],0,0,0,0,0,[],6679,0,0,[]
1,1,"[[2258,6680]]",0,0,[],1,0,[],0,0,0,0,0,[],6680,0,0,[]
1,1,"[[5669,6682]]",0,0,[],1,0,[],0,0,0,0,0,[],6682,0,0,[]
1,1,"[[6683,8733]]",0,0,[],1,0,[],0,0,0,0,0,[],6683,0,0,[]
2,2,"[[6684,8417],[6684,8520]]",0,0,[],2,0,[],0,0,0,0,0,[],6684,0,0,[]
2,2,"[[5127,6685],[6685,7877]]",0,0,[],2,0,[],0,0,0,0,0,[],6685,0,0,[]
2,2,"[[6686,8601],[6686,12833]]",0,0,[],2,0,[],0,0,0,0,0,[],6686,0,0,[]
2,2,"[[4070,6687],[6687,6774]]",0,0,[],2,0,[],0,0,0,0,0,[],6687,0,0,[]
2,2,"[[6443,6688],[6688,9084]]",0,0,[],2,0,[],0,0,0,0,0,[],6688,0,0,[]
1,1,"[[2067,6689]]",0,0,[],1,0,[],0,0,0,0,0,[],6689,0,0,[]
1,1,"[[6690,7564]]",0,0,[],1,0,[],0,0,0,0,0,[],6690,0,0,[]
2,2,"[[3891,6691],[6691,6991]]",0,0,[],2,0,[],0,0,0,0,0,[],6691,0,0,[]
2,2,"[[6692,7982],[6692,10961]]",0,0,[],2,0,[],0,0,0,0,0,[],6692,0,0,[]
2,2,"[[6693,7518],[6693,9164]]",0,0,[],2,0,[],0,0,0,0,0,[],6693,0,0,[]
2,2,"[[6342,6694],[6694,11513]]",0,0,[],2,0,[],0,0,0,0,0,[],6694,0,0,[]
2,2,"[[4729,6695],[6695,11709]]",0,0,[],2,0,[],0,0,0,0,0,[],6695,0,0,[]
1,1,"[[2274,6696]]",0,0,[],1,0,[],0,0,0,0,0,[],6696,0,0,[]
1,1,"[[1939,6697]]",0,0,[],1,0,[],0,0,0,0,0,[],6697,0,0,[]
2,2,"[[3050,6700],[6700,11173]]",0,0,[],2,0,[],0,0,0,0,0,[],6700,0,0,[]
1,1,"[[3679,6701]]",0,0,[],1,0,[],0,0,0,0,0,[],6701,0,0,[]
1,1,"[[6702,7757]]",0,0,[],1,0,[],0,0,0,0,0,[],6702,0,0,[]
1,1,"[[1601,6703]]",0,0,[],1,0,[],0,0,0,0,0,[],6703,0,0,[]
1,1,"[[6704,7193]]",0,0,[],1,0,[],0,0,0,0,0,[],6704,0,0,[]
1,1,"[[6706,7685]]",0,0,[],1,0,[],0,0,0,0,0,[],6706,0,0,[]
1,1,"[[6707,11712]]",0,0,[],1,0,[],0,0,0,0,0,[],6707,0,0,[]
1,1,"[[5858,6708]]",0,0,[],1,0,[],0,0,0,0,0,[],6708,0,0,[]
2,2,"[[6709,8941],[6709,11137]]",0,0,[],2,0,[],0,0,0,0,0,[],6709,0,0,[]
2,2,"[[4317,6710],[6710,7408]]",0,0,[],2,0,[],0,0,0,0,0,[],6710,0,0,[]
2,2,"[[1254,6711],[6711,11832]]",0,0,[],2,0,[],0,0,0,0,0,[],6711,0,0,[]
1,1,"[[4658,6712]]",0,0,[],1,0,[],0,0,0,0,0,[],6712,0,0,[]
2,2,"[[6713,8936],[6713,8985]]",0,0,[],2,0,[],0,0,0,0,0,[],6713,0,0,[]
2,2,"[[6643,6714],[6714,7005]]",0,0,[],2,0,[],0,0,0,0,0,[],6714,0,0,[]
1,1,"[[482,6715]]",0,0,[],1,0,[],0,0,0,0,0,[],6715,0,0,[]
1,1,"[[1015,6717]]",0,0,[],1,0,[],0,0,0,0,0,[],6717,0,0,[]
2,2,"[[2041,6718],[6718,7478]]",0,0,[],2,0,[],0,0,0,0,0,[],6718,0,0,[]
1,1,"[[3344,6719]]",0,0,[],1,0,[],0,0,0,0,0,[],6719,0,0,[]
1,1,"[[6721,8646]]",0,0,[],1,0,[],0,0,0,0,0,[],6721,0,0,[]
2,2,"[[6722,11083],[6722,11986]]",0,0,[],2,0,[],0,0,0,0,0,[],6722,0,0,[]
1,1,"[[4897,6723]]",0,0,[],1,0,[],0,0,0,0,0,[],6723,0,0,[]
2,2,"[[3679,6725],[6725,11103]]",0,0,[],2,0,[],0,0,0,0,0,[],6725,0,0,[]
1,1,"[[6726,8619]]",0,0,[],1,0,[],0,0,0,0,0,[],6726,0,0,[]
1,1,"[[3374,6727]]",0,0,[],1,0,[],0,0,0,0,0,[],6727,0,0,[]
1,1,"[[1474,6728]]",0,0,[],1,0,[],0,0,0,0,0,[],6728,0,0,[]
2,2,"[[6730,7777],[6730,9342]]",0,0,[],2,0,[],0,0,0,0,0,[],6730,0,0,[]
1,1,"[[3571,6732]]",0,0,[],1,0,[],0,0,0,0,0,[],6732,0,0,[]
1,1,"[[6734,6867]]",0,0,[],1,0,[],0,0,0,0,0,[],6734,0,0,[]
2,2,"[[6735,7218],[6735,10240]]",0,0,[],2,0,[],0,0,0,0,0,[],6735,0,0,[]
1,1,"[[2014,6736]]",0,0,[],1,0,[],0,0,0,0,0,[],6736,0,0,[]
2,2,"[[2952,6737],[6737,12410]]",0,0,[],2,0,[],0,0,0,0,0,[],6737,0,0,[]
1,1,"[[4246,6738]]",0,0,[],1,0,[],0,0,0,0,0,[],6738,0,0,[]
2,2,"[[2142,6739],[6739,9919]]",0,0,[],2,0,[],0,0,0,0,0,[],6739,0,0,[]
2,2,"[[6476,6740],[6740,9041]]",0,0,[],2,0,[],0,0,0,0,0,[],6740,0,0,[]
1,1,"[[2818,6741]]",0,0,[],1,0,[],0,0,0,0,0,[],6741,0,0,[]
1,1,"[[6742,8549]]",0,0,[],1,0,[],0,0,0,0,0,[],6742,0,0,[]
1,1,"[[6744,13041]]",0,0,[],1,0,[],0,0,0,0,0,[],6744,0,0,[]
2,2,"[[4761,6745],[6745,9848]]",0,0,[],2,0,[],0,0,0,0,0,[],6745,0,0,[]
2,2,"[[371,6746],[6746,9343]]",0,0,[],2,0,[],0,0,0,0,0,[],6746,0,0,[]
1,1,"[[6747,7479]]",0,0,[],1,0,[],0,0,0,0,0,[],6747,0,0,[]
2,2,"[[6748,8156],[6748,11438]]",0,0,[],2,0,[],0,0,0,0,0,[],6748,0,0,[]
2,2,"[[3903,6749],[4108,6749]]",0,0,[],2,0,[],0,0,0,0,0,[],6749,0,0,[]
2,2,"[[4873,6751],[6751,11057]]",0,0,[],2,0,[],0,0,0,0,0,[],6751,0,0,[]
2,2,"[[6752,10978],[6752,11148]]",0,0,[],2,0,[],0,0,0,0,0,[],6752,0,0,[]
2,2,"[[5566,6753],[6753,8992]]",0,0,[],2,0,[],0,0,0,0,0,[],6753,0,0,[]
1,1,"[[6756,13221]]",0,0,[],1,0,[],0,0,0,0,0,[],6756,0,0,[]
2,2,"[[1799,6757],[6757,9137]]",0,0,[],2,0,[],0,0,0,0,0,[],6757,0,0,[]
2,2,"[[1842,6758],[3917,6758]]",0,0,[],2,0,[],0,0,0,0,0,[],6758,0,0,[]
1,1,"[[6759,13396]]",0,0,[],1,0,[],0,0,0,0,0,[],6759,0,0,[]
1,1,"[[5166,6760]]",0,0,[],1,0,[],0,0,0,0,0,[],6760,0,0,[]
2,2,"[[6761,8706],[6761,12649]]",0,0,[],2,0,[],0,0,0,0,0,[],6761,0,0,[]
2,2,"[[56,6762],[3884,6762]]",0,0,[],2,0,[],0,0,0,0,0,[],6762,0,0,[]
1,1,"[[6763,9338]]",0,0,[],1,0,[],0,0,0,0,0,[],6763,0,0,[]
1,1,"[[6764,11775]]",0,0,[],1,0,[],0,0,0,0,0,[],6764,0,0,[]
2,2,"[[1879,6765],[6765,8510]]",0,0,[],2,0,[],0,0,0,0,0,[],6765,0,0,[]
1,1,"[[6766,11978]]",0,0,[],1,0,[],0,0,0,0,0,[],6766,0,0,[]
1,1,"[[6116,6767]]",0,0,[],1,0,[],0,0,0,0,0,[],6767,0,0,[]
2,2,"[[4387,6768],[6768,10970]]",0,0,[],2,0,[],0,0,0,0,0,[],6768,0,0,[]
1,1,"[[6770,6785]]",0,0,[],1,0,[],0,0,0,0,0,[],6770,0,0,[]
1,1,"[[3029,6771]]",0,0,[],1,0,[],0,0,0,0,0,[],6771,0,0,[]
1,1,"[[6772,8942]]",0,0,[],1,0,[],0,0,0,0,0,[],6772,0,0,[]
2,2,"[[6560,6773],[6773,8438]]",0,0,[],2,0,[],0,0,0,0,0,[],6773,0,0,[]
2,2,"[[6775,8980],[6775,9146]]",0,0,[],2,0,[],0,0,0,0,0,[],6775,0,0,[]
2,2,"[[111,6776],[5125,6776]]",0,0,[],2,0,[],0,0,0,0,0,[],6776,0,0,[]
2,2,"[[6532,6777],[6777,9046]]",0,0,[],2,0,[],0,0,0,0,0,[],6777,0,0,[]
2,2,"[[5907,6779],[6779,9121]]",0,0,[],2,0,[],0,0,0,0,0,[],6779,0,0,[]
2,2,"[[2337,6780],[6198,6780]]",0,0,[],2,0,[],0,0,0,0,0,[],6780,0,0,[]
2,2,"[[6256,6781],[6781,10998]]",0,0,[],2,0,[],0,0,0,0,0,[],6781,0,0,[]
1,1,"[[6782,6894]]",0,0,[],1,0,[],0,0,0,0,0,[],6782,0,0,[]
1,1,"[[706,6783]]",0,0,[],1,0,[],0,0,0,0,0,[],6783,0,0,[]
2,2,"[[6784,12009],[6784,12233]]",0,0,[],2,0,[],0,0,0,0,0,[],6784,0,0,[]
1,1,"[[6785,10364]]",0,0,[],1,0,[],0,0,0,0,0,[],6785,0,0,[]
2,2,"[[5846,6786],[6786,11586]]",0,0,[],2,0,[],0,0,0,0,0,[],6786,0,0,[]
1,1,"[[6787,10820]]",0,0,[],1,0,[],0,0,0,0,0,[],6787,0,0,[]
2,2,"[[5453,6788],[6788,8914]]",0,0,[],2,0,[],0,0,0,0,0,[],6788,0,0,[]
1,1,"[[229,6790]]",0,0,[],1,0,[],0,0,0,0,0,[],6790,0,0,[]
1,1,"[[4830,6791]]",0,0,[],1,0,[],0,0,0,0,0,[],6791,0,0,[]
1,1,"[[6792,10756]]",0,0,[],1,0,[],0,0,0,0,0,[],6792,0,0,[]
2,2,"[[4158,6793],[6793,12294]]",0,0,[],2,0,[],0,0,0,0,0,[],6793,0,0,[]
1,1,"[[6794,8704]]",0,0,[],1,0,[],0,0,0,0,0,[],6794,0,0,[]
1,1,"[[2935,6795]]",0,0,[],1,0,[],0,0,0,0,0,[],6795,0,0,[]
1,1,"[[6796,9536]]",0,0,[],1,0,[],0,0,0,0,0,[],6796,0,0,[]
2,2,"[[1762,6797],[5636,6797]]",0,0,[],2,0,[],0,0,0,0,0,[],6797,0,0,[]
2,2,"[[2776,6799],[6799,6978]]",0,0,[],2,0,[],0,0,0,0,0,[],6799,0,0,[]
1,1,"[[4937,6800]]",0,0,[],1,0,[],0,0,0,0,0,[],6800,0,0,[]
1,1,"[[6801,8786]]",0,0,[],1,0,[],0,0,0,0,0,[],6801,0,0,[]
2,2,"[[5174,6802],[6802,9304]]",0,0,[],2,0,[],0,0,0,0,0,[],6802,0,0,[]
1,1,"[[4277,6803]]",0,0,[],1,0,[],0,0,0,0,0,[],6803,0,0,[]
2,2,"[[4878,6804],[5359,6804]]",0,0,[],2,0,[],0,0,0,0,0,[],6804,0,0,[]
1,1,"[[6806,6916]]",0,0,[],1,0,[],0,0,0,0,0,[],6806,0,0,[]
2,2,"[[1266,6807],[3609,6807]]",0,0,[],2,0,[],0,0,0,0,0,[],6807,0,0,[]
2,2,"[[649,6808],[6808,13536]]",0,0,[],2,0,[],0,0,0,0,0,[],6808,0,0,[]
1,1,"[[453,6809]]",0,0,[],1,0,[],0,0,0,0,0,[],6809,0,0,[]
2,2,"[[155,6810],[3972,6810]]",0,0,[],2,0,[],0,0,0,0,0,[],6810,0,0,[]
2,2,"[[69,6811],[3268,6811]]",0,0,[],2,0,[],0,0,0,0,0,[],6811,0,0,[]
2,2,"[[6813,6832],[6813,8882]]",0,0,[],2,0,[],0,0,0,0,0,[],6813,0,0,[]
1,1,"[[6814,11517]]",0,0,[],1,0,[],0,0,0,0,0,[],6814,0,0,[]
2,2,"[[6815,7462],[6815,13175]]",0,0,[],2,0,[],0,0,0,0,0,[],6815,0,0,[]
1,1,"[[3491,6816]]",0,0,[],1,0,[],0,0,0,0,0,[],6816,0,0,[]
1,1,"[[6817,8154]]",0,0,[],1,0,[],0,0,0,0,0,[],6817,0,0,[]
2,2,"[[6309,6818],[6818,7815]]",0,0,[],2,0,[],0,0,0,0,0,[],6818,0,0,[]
1,1,"[[4904,6819]]",0,0,[],1,0,[],0,0,0,0,0,[],6819,0,0,[]
1,1,"[[4458,6820]]",0,0,[],1,0,[],0,0,0,0,0,[],6820,0,0,[]
2,2,"[[5814,6821],[6821,7710]]",0,0,[],2,0,[],0,0,0,0,0,[],6821,0,0,[]
2,2,"[[5907,6822],[6822,7477]]",0,0,[],2,0,[],0,0,0,0,0,[],6822,0,0,[]
2,2,"[[6531,6823],[6823,12612]]",0,0,[],2,0,[],0,0,0,0,0,[],6823,0,0,[]
1,1,"[[6824,7075]]",0,0,[],1,0,[],0,0,0,0,0,[],6824,0,0,[]
1,1,"[[3405,6825]]",0,0,[],1,0,[],0,0,0,0,0,[],6825,0,0,[]
2,2,"[[5781,6826],[6252,6826]]",0,0,[],2,0,[],0,0,0,0,0,[],6826,0,0,[]
2,2,"[[5531,6827],[6827,7263]]",0,0,[],2,0,[],0,0,0,0,0,[],6827,0,0,[]
1,1,"[[2878,6828]]",0,0,[],1,0,[],0,0,0,0,0,[],6828,0,0,[]
2,2,"[[2010,6829],[5857,6829]]",0,0,[],2,0,[],0,0,0,0,0,[],6829,0,0,[]
1,1,"[[5248,6830]]",0,0,[],1,0,[],0,0,0,0,0,[],6830,0,0,[]
2,2,"[[2852,6831],[4781,6831]]",0,0,[],2,0,[],0,0,0,0,0,[],6831,0,0,[]
2,2,"[[6768,6832],[6832,10970]]",0,0,[],2,0,[],0,0,0,0,0,[],6832,0,0,[]
2,2,"[[4886,6833],[6114,6833]]",0,0,[],2,0,[],0,0,0,0,0,[],6833,0,0,[]
2,2,"[[6834,9009],[6834,10473]]",0,0,[],2,0,[],0,0,0,0,0,[],6834,0,0,[]
2,2,"[[3535,6835],[5791,6835]]",0,0,[],2,0,[],0,0,0,0,0,[],6835,0,0,[]
1,1,"[[6836,6906]]",0,0,[],1,0,[],0,0,0,0,0,[],6836,0,0,[]
1,1,"[[5273,6837]]",0,0,[],1,0,[],0,0,0,0,0,[],6837,0,0,[]
2,2,"[[3101,6838],[5782,6838]]",0,0,[],2,0,[],0,0,0,0,0,[],6838,0,0,[]
1,1,"[[2459,6839]]",0,0,[],1,0,[],0,0,0,0,0,[],6839,0,0,[]
1,1,"[[6840,7981]]",0,0,[],1,0,[],0,0,0,0,0,[],6840,0,0,[]
1,1,"[[6841,7094]]",0,0,[],1,0,[],0,0,0,0,0,[],6841,0,0,[]
1,1,"[[6241,6842]]",0,0,[],1,0,[],0,0,0,0,0,[],6842,0,0,[]
2,2,"[[6843,11502],[6843,11593]]",0,0,[],2,0,[],0,0,0,0,0,[],6843,0,0,[]
1,1,"[[6844,10646]]",0,0,[],1,0,[],0,0,0,0,0,[],6844,0,0,[]
1,1,"[[6326,6846]]",0,0,[],1,0,[],0,0,0,0,0,[],6846,0,0,[]
1,1,"[[6847,7495]]",0,0,[],1,0,[],0,0,0,0,0,[],6847,0,0,[]
2,2,"[[6848,7875],[6848,11672]]",0,0,[],2,0,[],0,0,0,0,0,[],6848,0,0,[]
2,2,"[[3010,6849],[6849,10391]]",0,0,[],2,0,[],0,0,0,0,0,[],6849,0,0,[]
1,1,"[[6850,8254]]",0,0,[],1,0,[],0,0,0,0,0,[],6850,0,0,[]
1,1,"[[6851,7693]]",0,0,[],1,0,[],0,0,0,0,0,[],6851,0,0,[]
2,2,"[[5955,6852],[6852,7045]]",0,0,[],2,0,[],0,0,0,0,0,[],6852,0,0,[]
2,2,"[[5572,6853],[5995,6853]]",0,0,[],2,0,[],0,0,0,0,0,[],6853,0,0,[]
1,1,"[[1732,6854]]",0,0,[],1,0,[],0,0,0,0,0,[],6854,0,0,[]
1,1,"[[6701,6855]]",0,0,[],1,0,[],0,0,0,0,0,[],6855,0,0,[]
2,2,"[[4116,6856],[6082,6856]]",0,0,[],2,0,[],0,0,0,0,0,[],6856,0,0,[]
1,1,"[[3555,6857]]",0,0,[],1,0,[],0,0,0,0,0,[],6857,0,0,[]
2,2,"[[4565,6858],[6858,12840]]",0,0,[],2,0,[],0,0,0,0,0,[],6858,0,0,[]
1,1,"[[6859,10647]]",0,0,[],1,0,[],0,0,0,0,0,[],6859,0,0,[]
2,2,"[[2417,6860],[6860,8898]]",0,0,[],2,0,[],0,0,0,0,0,[],6860,0,0,[]
1,1,"[[4371,6861]]",0,0,[],1,0,[],0,0,0,0,0,[],6861,0,0,[]
1,1,"[[3952,6862]]",0,0,[],1,0,[],0,0,0,0,0,[],6862,0,0,[]
2,2,"[[2569,6863],[6863,8541]]",0,0,[],2,0,[],0,0,0,0,0,[],6863,0,0,[]
2,2,"[[6864,8033],[6864,8122]]",0,0,[],2,0,[],0,0,0,0,0,[],6864,0,0,[]
2,2,"[[4385,6866],[5890,6866]]",0,0,[],2,0,[],0,0,0,0,0,[],6866,0,0,[]
1,1,"[[2751,6868]]",0,0,[],1,0,[],0,0,0,0,0,[],6868,0,0,[]
2,2,"[[6869,11031],[6869,12629]]",0,0,[],2,0,[],0,0,0,0,0,[],6869,0,0,[]
2,2,"[[5819,6870],[6870,7315]]",0,0,[],2,0,[],0,0,0,0,0,[],6870,0,0,[]
2,2,"[[6232,6872],[6872,10325]]",0,0,[],2,0,[],0,0,0,0,0,[],6872,0,0,[]
1,1,"[[631,6874]]",0,0,[],1,0,[],0,0,0,0,0,[],6874,0,0,[]
1,1,"[[3591,6875]]",0,0,[],1,0,[],0,0,0,0,0,[],6875,0,0,[]
2,2,"[[3803,6877],[6877,7088]]",0,0,[],2,0,[],0,0,0,0,0,[],6877,0,0,[]
2,2,"[[2577,6878],[6878,12695]]",0,0,[],2,0,[],0,0,0,0,0,[],6878,0,0,[]
1,1,"[[6879,7756]]",0,0,[],1,0,[],0,0,0,0,0,[],6879,0,0,[]
1,1,"[[6880,11602]]",0,0,[],1,0,[],0,0,0,0,0,[],6880,0,0,[]
2,2,"[[3896,6881],[6881,8597]]",0,0,[],2,0,[],0,0,0,0,0,[],6881,0,0,[]
2,2,"[[6882,8273],[6882,8625]]",0,0,[],2,0,[],0,0,0,0,0,[],6882,0,0,[]
1,1,"[[6883,12343]]",0,0,[],1,0,[],0,0,0,0,0,[],6883,0,0,[]
2,2,"[[247,6884],[2290,6884]]",0,0,[],2,0,[],0,0,0,0,0,[],6884,0,0,[]
1,1,"[[5801,6886]]",0,0,[],1,0,[],0,0,0,0,0,[],6886,0,0,[]
1,1,"[[3784,6887]]",0,0,[],1,0,[],0,0,0,0,0,[],6887,0,0,[]
2,2,"[[6888,7069],[6888,8134]]",0,0,[],2,0,[],0,0,0,0,0,[],6888,0,0,[]
2,2,"[[6183,6890],[6890,9266]]",0,0,[],2,0,[],0,0,0,0,0,[],6890,0,0,[]
1,1,"[[6892,9903]]",0,0,[],1,0,[],0,0,0,0,0,[],6892,0,0,[]
2,2,"[[453,6893],[6893,8539]]",0,0,[],2,0,[],0,0,0,0,0,[],6893,0,0,[]
1,1,"[[2376,6894]]",0,0,[],1,0,[],0,0,0,0,0,[],6894,0,0,[]
2,2,"[[5817,6895],[6895,10595]]",0,0,[],2,0,[],0,0,0,0,0,[],6895,0,0,[]
1,1,"[[6378,6897]]",0,0,[],1,0,[],0,0,0,0,0,[],6897,0,0,[]
2,2,"[[5830,6898],[6898,10664]]",0,0,[],2,0,[],0,0,0,0,0,[],6898,0,0,[]
2,2,"[[1283,6899],[6567,6899]]",0,0,[],2,0,[],0,0,0,0,0,[],6899,0,0,[]
1,1,"[[5060,6901]]",0,0,[],1,0,[],0,0,0,0,0,[],6901,0,0,[]
1,1,"[[2462,6902]]",0,0,[],1,0,[],0,0,0,0,0,[],6902,0,0,[]
1,1,"[[5063,6903]]",0,0,[],1,0,[],0,0,0,0,0,[],6903,0,0,[]
1,1,"[[6904,8074]]",0,0,[],1,0,[],0,0,0,0,0,[],6904,0,0,[]
2,2,"[[2827,6905],[6905,10072]]",0,0,[],2,0,[],0,0,0,0,0,[],6905,0,0,[]
1,1,"[[6906,9898]]",0,0,[],1,0,[],0,0,0,0,0,[],6906,0,0,[]
2,2,"[[3989,6908],[6908,8570]]",0,0,[],2,0,[],0,0,0,0,0,[],6908,0,0,[]
2,2,"[[4635,6909],[4758,6909]]",0,0,[],2,0,[],0,0,0,0,0,[],6909,0,0,[]
2,2,"[[6910,7226],[6910,9945]]",0,0,[],2,0,[],0,0,0,0,0,[],6910,0,0,[]
2,2,"[[2029,6911],[6911,11078]]",0,0,[],2,0,[],0,0,0,0,0,[],6911,0,0,[]
1,1,"[[4817,6912]]",0,0,[],1,0,[],0,0,0,0,0,[],6912,0,0,[]
1,1,"[[6913,8054]]",0,0,[],1,0,[],0,0,0,0,0,[],6913,0,0,[]
1,1,"[[6914,12682]]",0,0,[],1,0,[],0,0,0,0,0,[],6914,0,0,[]
2,2,"[[6919,8570],[6919,12706]]",0,0,[],2,0,[],0,0,0,0,0,[],6919,0,0,[]
1,1,"[[6920,7198]]",0,0,[],1,0,[],0,0,0,0,0,[],6920,0,0,[]
2,2,"[[1437,6921],[4236,6921]]",0,0,[],2,0,[],0,0,0,0,0,[],6921,0,0,[]
1,1,"[[5109,6922]]",0,0,[],1,0,[],0,0,0,0,0,[],6922,0,0,[]
1,1,"[[3612,6923]]",0,0,[],1,0,[],0,0,0,0,0,[],6923,0,0,[]
2,2,"[[2373,6924],[6924,9503]]",0,0,[],2,0,[],0,0,0,0,0,[],6924,0,0,[]
2,2,"[[6557,6925],[6925,7326]]",0,0,[],2,0,[],0,0,0,0,0,[],6925,0,0,[]
1,1,"[[1336,6927]]",0,0,[],1,0,[],0,0,0,0,0,[],6927,0,0,[]
1,1,"[[3634,6928]]",0,0,[],1,0,[],0,0,0,0,0,[],6928,0,0,[]
2,2,"[[282,6929],[4320,6929]]",0,0,[],2,0,[],0,0,0,0,0,[],6929,0,0,[]
2,2,"[[865,6931],[3000,6931]]",0,0,[],2,0,[],0,0,0,0,0,[],6931,0,0,[]
1,1,"[[6932,12040]]",0,0,[],1,0,[],0,0,0,0,0,[],6932,0,0,[]
1,1,"[[6934,7884]]",0,0,[],1,0,[],0,0,0,0,0,[],6934,0,0,[]
2,2,"[[2214,6936],[4514,6936]]",0,0,[],2,0,[],0,0,0,0,0,[],6936,0,0,[]
1,1,"[[6937,9598]]",0,0,[],1,0,[],0,0,0,0,0,[],6937,0,0,[]
1,1,"[[6938,9783]]",0,0,[],1,0,[],0,0,0,0,0,[],6938,0,0,[]
2,2,"[[6939,7783],[6939,9412]]",0,0,[],2,0,[],0,0,0,0,0,[],6939,0,0,[]
2,2,"[[6940,9632],[6940,10686]]",0,0,[],2,0,[],0,0,0,0,0,[],6940,0,0,[]
2,2,"[[6941,9993],[6941,12767]]",0,0,[],2,0,[],0,0,0,0,0,[],6941,0,0,[]
1,1,"[[6942,7867]]",0,0,[],1,0,[],0,0,0,0,0,[],6942,0,0,[]
2,2,"[[3641,6943],[4787,6943]]",0,0,[],2,0,[],0,0,0,0,0,[],6943,0,0,[]
1,1,"[[5104,6944]]",0,0,[],1,0,[],0,0,0,0,0,[],6944,0,0,[]
2,2,"[[4990,6945],[6945,8616]]",0,0,[],2,0,[],0,0,0,0,0,[],6945,0,0,[]
1,1,"[[6267,6946]]",0,0,[],1,0,[],0,0,0,0,0,[],6946,0,0,[]
2,2,"[[2570,6947],[4249,6947]]",0,0,[],2,0,[],0,0,0,0,0,[],6947,0,0,[]
2,2,"[[6949,7050],[6949,11462]]",0,0,[],2,0,[],0,0,0,0,0,[],6949,0,0,[]
2,2,"[[4289,6953],[6953,10441]]",0,0,[],2,0,[],0,0,0,0,0,[],6953,0,0,[]
1,1,"[[6955,7410]]",0,0,[],1,0,[],0,0,0,0,0,[],6955,0,0,[]
1,1,"[[6126,6956]]",0,0,[],1,0,[],0,0,0,0,0,[],6956,0,0,[]
2,2,"[[1053,6957],[6957,11963]]",0,0,[],2,0,[],0,0,0,0,0,[],6957,0,0,[]
1,1,"[[6958,9641]]",0,0,[],1,0,[],0,0,0,0,0,[],6958,0,0,[]
1,1,"[[4369,6959]]",0,0,[],1,0,[],0,0,0,0,0,[],6959,0,0,[]
1,1,"[[6960,12282]]",0,0,[],1,0,[],0,0,0,0,0,[],6960,0,0,[]
2,2,"[[6962,7580],[6962,10542]]",0,0,[],2,0,[],0,0,0,0,0,[],6962,0,0,[]
1,1,"[[5046,6964]]",0,0,[],1,0,[],0,0,0,0,0,[],6964,0,0,[]
1,1,"[[6965,7527]]",0,0,[],1,0,[],0,0,0,0,0,[],6965,0,0,[]
1,1,"[[6968,9815]]",0,0,[],1,0,[],0,0,0,0,0,[],6968,0,0,[]
2,2,"[[4893,6969],[6969,7870]]",0,0,[],2,0,[],0,0,0,0,0,[],6969,0,0,[]
1,1,"[[4878,6970]]",0,0,[],1,0,[],0,0,0,0,0,[],6970,0,0,[]
2,2,"[[6971,9326],[6971,12984]]",0,0,[],2,0,[],0,0,0,0,0,[],6971,0,0,[]
1,1,"[[6972,8649]]",0,0,[],1,0,[],0,0,0,0,0,[],6972,0,0,[]
2,2,"[[6973,7199],[6973,13494]]",0,0,[],2,0,[],0,0,0,0,0,[],6973,0,0,[]
2,2,"[[5029,6974],[5031,6974]]",0,0,[],2,0,[],0,0,0,0,0,[],6974,0,0,[]
1,1,"[[6976,9028]]",0,0,[],1,0,[],0,0,0,0,0,[],6976,0,0,[]
1,1,"[[6270,6977]]",0,0,[],1,0,[],0,0,0,0,0,[],6977,0,0,[]
1,1,"[[6978,7514]]",0,0,[],1,0,[],0,0,0,0,0,[],6978,0,0,[]
1,1,"[[4037,6979]]",0,0,[],1,0,[],0,0,0,0,0,[],6979,0,0,[]
1,1,"[[6980,9676]]",0,0,[],1,0,[],0,0,0,0,0,[],6980,0,0,[]
2,2,"[[6981,7248],[6981,9568]]",0,0,[],2,0,[],0,0,0,0,0,[],6981,0,0,[]
1,1,"[[6982,8824]]",0,0,[],1,0,[],0,0,0,0,0,[],6982,0,0,[]
2,2,"[[6983,10150],[6983,11109]]",0,0,[],2,0,[],0,0,0,0,0,[],6983,0,0,[]
2,2,"[[3222,6984],[4138,6984]]",0,0,[],2,0,[],0,0,0,0,0,[],6984,0,0,[]
2,2,"[[3706,6985],[6985,8121]]",0,0,[],2,0,[],0,0,0,0,0,[],6985,0,0,[]
2,2,"[[4480,6986],[5485,6986]]",0,0,[],2,0,[],0,0,0,0,0,[],6986,0,0,[]
2,2,"[[6987,7075],[6987,8780]]",0,0,[],2,0,[],0,0,0,0,0,[],6987,0,0,[]
2,2,"[[6056,6988],[6684,6988]]",0,0,[],2,0,[],0,0,0,0,0,[],6988,0,0,[]
1,1,"[[6989,10624]]",0,0,[],1,0,[],0,0,0,0,0,[],6989,0,0,[]
2,2,"[[6922,6991],[6991,8130]]",0,0,[],2,0,[],0,0,0,0,0,[],6991,0,0,[]
1,1,"[[4851,6992]]",0,0,[],1,0,[],0,0,0,0,0,[],6992,0,0,[]
2,2,"[[3081,6993],[3198,6993]]",0,0,[],2,0,[],0,0,0,0,0,[],6993,0,0,[]
2,2,"[[4336,6994],[6994,9228]]",0,0,[],2,0,[],0,0,0,0,0,[],6994,0,0,[]
2,2,"[[2780,6995],[6995,8619]]",0,0,[],2,0,[],0,0,0,0,0,[],6995,0,0,[]
1,1,"[[6996,8199]]",0,0,[],1,0,[],0,0,0,0,0,[],6996,0,0,[]
2,2,"[[272,6997],[6228,6997]]",0,0,[],2,0,[],0,0,0,0,0,[],6997,0,0,[]
2,2,"[[6998,12443],[6998,12504]]",0,0,[],2,0,[],0,0,0,0,0,[],6998,0,0,[]
1,1,"[[4670,6999]]",0,0,[],1,0,[],0,0,0,0,0,[],6999,0,0,[]
2,2,"[[6488,7000],[7000,7989]]",0,0,[],2,0,[],0,0,0,0,0,[],7000,0,0,[]
2,2,"[[5858,7003],[7003,9328]]",0,0,[],2,0,[],0,0,0,0,0,[],7003,0,0,[]
2,2,"[[2460,7006],[7006,13309]]",0,0,[],2,0,[],0,0,0,0,0,[],7006,0,0,[]
2,2,"[[4066,7007],[7007,12181]]",0,0,[],2,0,[],0,0,0,0,0,[],7007,0,0,[]
2,2,"[[3441,7009],[3594,7009]]",0,0,[],2,0,[],0,0,0,0,0,[],7009,0,0,[]
2,2,"[[4298,7010],[6520,7010]]",0,0,[],2,0,[],0,0,0,0,0,[],7010,0,0,[]
1,1,"[[7011,12325]]",0,0,[],1,0,[],0,0,0,0,0,[],7011,0,0,[]
1,1,"[[4822,7012]]",0,0,[],1,0,[],0,0,0,0,0,[],7012,0,0,[]
2,2,"[[3687,7013],[7013,10474]]",0,0,[],2,0,[],0,0,0,0,0,[],7013,0,0,[]
1,1,"[[6579,7014]]",0,0,[],1,0,[],0,0,0,0,0,[],7014,0,0,[]
2,2,"[[4644,7015],[5892,7015]]",0,0,[],2,0,[],0,0,0,0,0,[],7015,0,0,[]
2,2,"[[3239,7016],[4074,7016]]",0,0,[],2,0,[],0,0,0,0,0,[],7016,0,0,[]
2,2,"[[5099,7018],[7018,11108]]",0,0,[],2,0,[],0,0,0,0,0,[],7018,0,0,[]
1,1,"[[2885,7019]]",0,0,[],1,0,[],0,0,0,0,0,[],7019,0,0,[]
2,2,"[[6761,7020],[7020,8706]]",0,0,[],2,0,[],0,0,0,0,0,[],7020,0,0,[]
2,2,"[[5242,7021],[7021,11056]]",0,0,[],2,0,[],0,0,0,0,0,[],7021,0,0,[]
1,1,"[[1316,7023]]",0,0,[],1,0,[],0,0,0,0,0,[],7023,0,0,[]
2,2,"[[2697,7024],[3379,7024]]",0,0,[],2,0,[],0,0,0,0,0,[],7024,0,0,[]
1,1,"[[731,7026]]",0,0,[],1,0,[],0,0,0,0,0,[],7026,0,0,[]
1,1,"[[6418,7027]]",0,0,[],1,0,[],0,0,0,0,0,[],7027,0,0,[]
2,2,"[[2017,7028],[2538,7028]]",0,0,[],2,0,[],0,0,0,0,0,[],7028,0,0,[]
1,1,"[[3255,7029]]",0,0,[],1,0,[],0,0,0,0,0,[],7029,0,0,[]
2,2,"[[7031,7574],[7031,9547]]",0,0,[],2,0,[],0,0,0,0,0,[],7031,0,0,[]
2,2,"[[4314,7032],[7032,11705]]",0,0,[],2,0,[],0,0,0,0,0,[],7032,0,0,[]
1,1,"[[6294,7033]]",0,0,[],1,0,[],0,0,0,0,0,[],7033,0,0,[]
1,1,"[[4137,7034]]",0,0,[],1,0,[],0,0,0,0,0,[],7034,0,0,[]
1,1,"[[5184,7035]]",0,0,[],1,0,[],0,0,0,0,0,[],7035,0,0,[]
1,1,"[[234,7037]]",0,0,[],1,0,[],0,0,0,0,0,[],7037,0,0,[]
1,1,"[[4706,7038]]",0,0,[],1,0,[],0,0,0,0,0,[],7038,0,0,[]
1,1,"[[7039,8552]]",0,0,[],1,0,[],0,0,0,0,0,[],7039,0,0,[]
2,2,"[[5123,7040],[7040,11888]]",0,0,[],2,0,[],0,0,0,0,0,[],7040,0,0,[]
2,2,"[[5637,7041],[7041,9889]]",0,0,[],2,0,[],0,0,0,0,0,[],7041,0,0,[]
2,2,"[[2279,7042],[2771,7042]]",0,0,[],2,0,[],0,0,0,0,0,[],7042,0,0,[]
1,1,"[[7043,7788]]",0,0,[],1,0,[],0,0,0,0,0,[],7043,0,0,[]
2,2,"[[1542,7044],[7044,8163]]",0,0,[],2,0,[],0,0,0,0,0,[],7044,0,0,[]
2,2,"[[7046,9040],[7046,9932]]",0,0,[],2,0,[],0,0,0,0,0,[],7046,0,0,[]
1,1,"[[1150,7047]]",0,0,[],1,0,[],0,0,0,0,0,[],7047,0,0,[]
2,2,"[[2422,7048],[5924,7048]]",0,0,[],2,0,[],0,0,0,0,0,[],7048,0,0,[]
2,2,"[[7050,9224],[7050,12299]]",0,0,[],2,0,[],0,0,0,0,0,[],7050,0,0,[]
1,1,"[[2773,7051]]",0,0,[],1,0,[],0,0,0,0,0,[],7051,0,0,[]
1,1,"[[7052,9622]]",0,0,[],1,0,[],0,0,0,0,0,[],7052,0,0,[]
1,1,"[[2200,7053]]",0,0,[],1,0,[],0,0,0,0,0,[],7053,0,0,[]
1,1,"[[5481,7054]]",0,0,[],1,0,[],0,0,0,0,0,[],7054,0,0,[]
2,2,"[[359,7056],[5872,7056]]",0,0,[],2,0,[],0,0,0,0,0,[],7056,0,0,[]
2,2,"[[7057,8333],[7057,12997]]",0,0,[],2,0,[],0,0,0,0,0,[],7057,0,0,[]
1,1,"[[7058,8191]]",0,0,[],1,0,[],0,0,0,0,0,[],7058,0,0,[]
2,2,"[[5528,7059],[7059,10023]]",0,0,[],2,0,[],0,0,0,0,0,[],7059,0,0,[]
2,2,"[[3316,7060],[7060,9884]]",0,0,[],2,0,[],0,0,0,0,0,[],7060,0,0,[]
2,2,"[[7061,11195],[7061,12935]]",0,0,[],2,0,[],0,0,0,0,0,[],7061,0,0,[]
2,2,"[[7063,8054],[7063,8224]]",0,0,[],2,0,[],0,0,0,0,0,[],7063,0,0,[]
2,2,"[[7064,7252],[7064,11264]]",0,0,[],2,0,[],0,0,0,0,0,[],7064,0,0,[]
2,2,"[[4505,7065],[7065,10528]]",0,0,[],2,0,[],0,0,0,0,0,[],7065,0,0,[]
2,2,"[[3352,7066],[6451,7066]]",0,0,[],2,0,[],0,0,0,0,0,[],7066,0,0,[]
1,1,"[[7067,10512]]",0,0,[],1,0,[],0,0,0,0,0,[],7067,0,0,[]
1,1,"[[3544,7068]]",0,0,[],1,0,[],0,0,0,0,0,[],7068,0,0,[]
2,2,"[[3543,7070],[7070,8222]]",0,0,[],2,0,[],0,0,0,0,0,[],7070,0,0,[]
1,1,"[[7071,7398]]",0,0,[],1,0,[],0,0,0,0,0,[],7071,0,0,[]
1,1,"[[7072,10471]]",0,0,[],1,0,[],0,0,0,0,0,[],7072,0,0,[]
2,2,"[[7073,9762],[7073,12167]]",0,0,[],2,0,[],0,0,0,0,0,[],7073,0,0,[]
1,1,"[[7074,9456]]",0,0,[],1,0,[],0,0,0,0,0,[],7074,0,0,[]
1,1,"[[7075,8780]]",0,0,[],1,0,[],0,0,0,0,0,[],7075,0,0,[]
1,1,"[[7076,12198]]",0,0,[],1,0,[],0,0,0,0,0,[],7076,0,0,[]
2,2,"[[3285,7077],[4293,7077]]",0,0,[],2,0,[],0,0,0,0,0,[],7077,0,0,[]
2,2,"[[5227,7078],[6445,7078]]",0,0,[],2,0,[],0,0,0,0,0,[],7078,0,0,[]
1,1,"[[7079,10781]]",0,0,[],1,0,[],0,0,0,0,0,[],7079,0,0,[]
1,1,"[[7080,7384]]",0,0,[],1,0,[],0,0,0,0,0,[],7080,0,0,[]
2,2,"[[1554,7081],[6235,7081]]",0,0,[],2,0,[],0,0,0,0,0,[],7081,0,0,[]
1,1,"[[4488,7082]]",0,0,[],1,0,[],0,0,0,0,0,[],7082,0,0,[]
2,2,"[[1375,7083],[4534,7083]]",0,0,[],2,0,[],0,0,0,0,0,[],7083,0,0,[]
2,2,"[[3059,7084],[3810,7084]]",0,0,[],2,0,[],0,0,0,0,0,[],7084,0,0,[]
1,1,"[[7085,10521]]",0,0,[],1,0,[],0,0,0,0,0,[],7085,0,0,[]
1,1,"[[7068,7086]]",0,0,[],1,0,[],0,0,0,0,0,[],7086,0,0,[]
2,2,"[[3753,7087],[5209,7087]]",0,0,[],2,0,[],0,0,0,0,0,[],7087,0,0,[]
2,2,"[[7089,7799],[7089,8882]]",0,0,[],2,0,[],0,0,0,0,0,[],7089,0,0,[]
2,2,"[[62,7090],[7090,7436]]",0,0,[],2,0,[],0,0,0,0,0,[],7090,0,0,[]
2,2,"[[4220,7091],[7091,8530]]",0,0,[],2,0,[],0,0,0,0,0,[],7091,0,0,[]
2,2,"[[2470,7092],[7092,10614]]",0,0,[],2,0,[],0,0,0,0,0,[],7092,0,0,[]
2,2,"[[5482,7093],[6470,7093]]",0,0,[],2,0,[],0,0,0,0,0,[],7093,0,0,[]
1,1,"[[7094,7230]]",0,0,[],1,0,[],0,0,0,0,0,[],7094,0,0,[]
1,1,"[[1721,7095]]",0,0,[],1,0,[],0,0,0,0,0,[],7095,0,0,[]
2,2,"[[4244,7096],[7096,9715]]",0,0,[],2,0,[],0,0,0,0,0,[],7096,0,0,[]
2,2,"[[3536,7097],[7097,8225]]",0,0,[],2,0,[],0,0,0,0,0,[],7097,0,0,[]
1,1,"[[7098,8214]]",0,0,[],1,0,[],0,0,0,0,0,[],7098,0,0,[]
1,1,"[[6307,7099]]",0,0,[],1,0,[],0,0,0,0,0,[],7099,0,0,[]
2,2,"[[7100,8615],[7100,12580]]",0,0,[],2,0,[],0,0,0,0,0,[],7100,0,0,[]
2,2,"[[64,7101],[7101,9011]]",0,0,[],2,0,[],0,0,0,0,0,[],7101,0,0,[]
2,2,"[[7102,7846],[7102,9669]]",0,0,[],2,0,[],0,0,0,0,0,[],7102,0,0,[]
2,2,"[[2308,7103],[4831,7103]]",0,0,[],2,0,[],0,0,0,0,0,[],7103,0,0,[]
1,1,"[[7104,8519]]",0,0,[],1,0,[],0,0,0,0,0,[],7104,0,0,[]
2,2,"[[7105,8969],[7105,12148]]",0,0,[],2,0,[],0,0,0,0,0,[],7105,0,0,[]
1,1,"[[7107,9270]]",0,0,[],1,0,[],0,0,0,0,0,[],7107,0,0,[]
2,2,"[[6937,7108],[7108,9136]]",0,0,[],2,0,[],0,0,0,0,0,[],7108,0,0,[]
2,2,"[[716,7109],[7109,11685]]",0,0,[],2,0,[],0,0,0,0,0,[],7109,0,0,[]
2,2,"[[3471,7110],[7110,7943]]",0,0,[],2,0,[],0,0,0,0,0,[],7110,0,0,[]
2,2,"[[2226,7111],[4394,7111]]",0,0,[],2,0,[],0,0,0,0,0,[],7111,0,0,[]
1,1,"[[5212,7113]]",0,0,[],1,0,[],0,0,0,0,0,[],7113,0,0,[]
1,1,"[[7114,10280]]",0,0,[],1,0,[],0,0,0,0,0,[],7114,0,0,[]
2,2,"[[628,7115],[6179,7115]]",0,0,[],2,0,[],0,0,0,0,0,[],7115,0,0,[]
1,1,"[[7116,7492]]",0,0,[],1,0,[],0,0,0,0,0,[],7116,0,0,[]
2,2,"[[7117,11904],[7117,12607]]",0,0,[],2,0,[],0,0,0,0,0,[],7117,0,0,[]
2,2,"[[5248,7118],[6830,7118]]",0,0,[],2,0,[],0,0,0,0,0,[],7118,0,0,[]
2,2,"[[5186,7119],[7119,11480]]",0,0,[],2,0,[],0,0,0,0,0,[],7119,0,0,[]
1,1,"[[7120,10568]]",0,0,[],1,0,[],0,0,0,0,0,[],7120,0,0,[]
1,1,"[[7121,12332]]",0,0,[],1,0,[],0,0,0,0,0,[],7121,0,0,[]
1,1,"[[2754,7122]]",0,0,[],1,0,[],0,0,0,0,0,[],7122,0,0,[]
2,2,"[[4106,7123],[7123,11992]]",0,0,[],2,0,[],0,0,0,0,0,[],7123,0,0,[]
2,2,"[[7124,8260],[7124,9695]]",0,0,[],2,0,[],0,0,0,0,0,[],7124,0,0,[]
2,2,"[[2415,7125],[7125,9290]]",0,0,[],2,0,[],0,0,0,0,0,[],7125,0,0,[]
2,2,"[[589,7126],[2344,7126]]",0,0,[],2,0,[],0,0,0,0,0,[],7126,0,0,[]
2,2,"[[5840,7127],[7127,7236]]",0,0,[],2,0,[],0,0,0,0,0,[],7127,0,0,[]
2,2,"[[4628,7128],[6017,7128]]",0,0,[],2,0,[],0,0,0,0,0,[],7128,0,0,[]
2,2,"[[7129,7204],[7129,12446]]",0,0,[],2,0,[],0,0,0,0,0,[],7129,0,0,[]
1,1,"[[7130,12619]]",0,0,[],1,0,[],0,0,0,0,0,[],7130,0,0,[]
2,2,"[[4371,7132],[7132,7315]]",0,0,[],2,0,[],0,0,0,0,0,[],7132,0,0,[]
2,2,"[[7133,9971],[7133,12983]]",0,0,[],2,0,[],0,0,0,0,0,[],7133,0,0,[]
2,2,"[[7134,10620],[7134,12115]]",0,0,[],2,0,[],0,0,0,0,0,[],7134,0,0,[]
1,1,"[[7135,8088]]",0,0,[],1,0,[],0,0,0,0,0,[],7135,0,0,[]
2,2,"[[6534,7137],[7137,11381]]",0,0,[],2,0,[],0,0,0,0,0,[],7137,0,0,[]
1,1,"[[7138,9251]]",0,0,[],1,0,[],0,0,0,0,0,[],7138,0,0,[]
2,2,"[[3915,7139],[3956,7139]]",0,0,[],2,0,[],0,0,0,0,0,[],7139,0,0,[]
1,1,"[[7140,8437]]",0,0,[],1,0,[],0,0,0,0,0,[],7140,0,0,[]
2,2,"[[3177,7141],[4680,7141]]",0,0,[],2,0,[],0,0,0,0,0,[],7141,0,0,[]
1,1,"[[4014,7142]]",0,0,[],1,0,[],0,0,0,0,0,[],7142,0,0,[]
2,2,"[[4601,7143],[5786,7143]]",0,0,[],2,0,[],0,0,0,0,0,[],7143,0,0,[]
1,1,"[[7144,10690]]",0,0,[],1,0,[],0,0,0,0,0,[],7144,0,0,[]
1,1,"[[7016,7145]]",0,0,[],1,0,[],0,0,0,0,0,[],7145,0,0,[]
2,2,"[[7146,9935],[7146,13165]]",0,0,[],2,0,[],0,0,0,0,0,[],7146,0,0,[]
1,1,"[[4516,7147]]",0,0,[],1,0,[],0,0,0,0,0,[],7147,0,0,[]
2,2,"[[2963,7148],[7148,12997]]",0,0,[],2,0,[],0,0,0,0,0,[],7148,0,0,[]
2,2,"[[639,7149],[7149,9657]]",0,0,[],2,0,[],0,0,0,0,0,[],7149,0,0,[]
2,2,"[[2096,7150],[7150,13448]]",0,0,[],2,0,[],0,0,0,0,0,[],7150,0,0,[]
2,2,"[[4586,7151],[7151,9840]]",0,0,[],2,0,[],0,0,0,0,0,[],7151,0,0,[]
2,2,"[[7152,7340],[7152,9560]]",0,0,[],2,0,[],0,0,0,0,0,[],7152,0,0,[]
1,1,"[[3297,7153]]",0,0,[],1,0,[],0,0,0,0,0,[],7153,0,0,[]
2,2,"[[7154,8640],[7154,11062]]",0,0,[],2,0,[],0,0,0,0,0,[],7154,0,0,[]
2,2,"[[7155,7777],[7155,9710]]",0,0,[],2,0,[],0,0,0,0,0,[],7155,0,0,[]
2,2,"[[955,7156],[7156,7314]]",0,0,[],2,0,[],0,0,0,0,0,[],7156,0,0,[]
1,1,"[[3873,7157]]",0,0,[],1,0,[],0,0,0,0,0,[],7157,0,0,[]
2,2,"[[3229,7158],[3510,7158]]",0,0,[],2,0,[],0,0,0,0,0,[],7158,0,0,[]
2,2,"[[170,7159],[7159,9866]]",0,0,[],2,0,[],0,0,0,0,0,[],7159,0,0,[]
1,1,"[[6695,7160]]",0,0,[],1,0,[],0,0,0,0,0,[],7160,0,0,[]
1,1,"[[6252,7161]]",0,0,[],1,0,[],0,0,0,0,0,[],7161,0,0,[]
1,1,"[[7162,8569]]",0,0,[],1,0,[],0,0,0,0,0,[],7162,0,0,[]
2,2,"[[936,7163],[5619,7163]]",0,0,[],2,0,[],0,0,0,0,0,[],7163,0,0,[]
1,1,"[[6101,7164]]",0,0,[],1,0,[],0,0,0,0,0,[],7164,0,0,[]
1,1,"[[2930,7165]]",0,0,[],1,0,[],0,0,0,0,0,[],7165,0,0,[]
2,2,"[[7166,11415],[7166,11518]]",0,0,[],2,0,[],0,0,0,0,0,[],7166,0,0,[]
2,2,"[[4250,7167],[6622,7167]]",0,0,[],2,0,[],0,0,0,0,0,[],7167,0,0,[]
2,2,"[[3057,7168],[7168,8116]]",0,0,[],2,0,[],0,0,0,0,0,[],7168,0,0,[]
2,2,"[[6459,7169],[7169,8359]]",0,0,[],2,0,[],0,0,0,0,0,[],7169,0,0,[]
2,2,"[[3025,7170],[4318,7170]]",0,0,[],2,0,[],0,0,0,0,0,[],7170,0,0,[]
2,2,"[[3901,7171],[5849,7171]]",0,0,[],2,0,[],0,0,0,0,0,[],7171,0,0,[]
1,1,"[[7172,7653]]",0,0,[],1,0,[],0,0,0,0,0,[],7172,0,0,[]
1,1,"[[7174,11715]]",0,0,[],1,0,[],0,0,0,0,0,[],7174,0,0,[]
1,1,"[[7175,9281]]",0,0,[],1,0,[],0,0,0,0,0,[],7175,0,0,[]
2,2,"[[1232,7176],[6003,7176]]",0,0,[],2,0,[],0,0,0,0,0,[],7176,0,0,[]
1,1,"[[6610,7178]]",0,0,[],1,0,[],0,0,0,0,0,[],7178,0,0,[]
1,1,"[[5851,7179]]",0,0,[],1,0,[],0,0,0,0,0,[],7179,0,0,[]
1,1,"[[6527,7180]]",0,0,[],1,0,[],0,0,0,0,0,[],7180,0,0,[]
1,1,"[[7181,10752]]",0,0,[],1,0,[],0,0,0,0,0,[],7181,0,0,[]
2,2,"[[4398,7182],[7182,7395]]",0,0,[],2,0,[],0,0,0,0,0,[],7182,0,0,[]
2,2,"[[7183,7460],[7183,12588]]",0,0,[],2,0,[],0,0,0,0,0,[],7183,0,0,[]
1,1,"[[7184,12809]]",0,0,[],1,0,[],0,0,0,0,0,[],7184,0,0,[]
2,2,"[[3085,7185],[7185,9003]]",0,0,[],2,0,[],0,0,0,0,0,[],7185,0,0,[]
1,1,"[[6958,7186]]",0,0,[],1,0,[],0,0,0,0,0,[],7186,0,0,[]
2,2,"[[7187,8982],[7187,10083]]",0,0,[],2,0,[],0,0,0,0,0,[],7187,0,0,[]
2,2,"[[7188,9012],[7188,11002]]",0,0,[],2,0,[],0,0,0,0,0,[],7188,0,0,[]
2,2,"[[6298,7189],[6478,7189]]",0,0,[],2,0,[],0,0,0,0,0,[],7189,0,0,[]
2,2,"[[7190,8368],[7190,10344]]",0,0,[],2,0,[],0,0,0,0,0,[],7190,0,0,[]
1,1,"[[6042,7191]]",0,0,[],1,0,[],0,0,0,0,0,[],7191,0,0,[]
2,2,"[[5815,7192],[7192,7877]]",0,0,[],2,0,[],0,0,0,0,0,[],7192,0,0,[]
1,1,"[[81,7193]]",0,0,[],1,0,[],0,0,0,0,0,[],7193,0,0,[]
2,2,"[[1582,7194],[7194,10846]]",0,0,[],2,0,[],0,0,0,0,0,[],7194,0,0,[]
2,2,"[[4486,7196],[4921,7196]]",0,0,[],2,0,[],0,0,0,0,0,[],7196,0,0,[]
1,1,"[[5112,7197]]",0,0,[],1,0,[],0,0,0,0,0,[],7197,0,0,[]
2,2,"[[574,7198],[7198,8175]]",0,0,[],2,0,[],0,0,0,0,0,[],7198,0,0,[]
1,1,"[[2750,7199]]",0,0,[],1,0,[],0,0,0,0,0,[],7199,0,0,[]
2,2,"[[7200,10298],[7200,11080]]",0,0,[],2,0,[],0,0,0,0,0,[],7200,0,0,[]
2,2,"[[2373,7201],[7201,10504]]",0,0,[],2,0,[],0,0,0,0,0,[],7201,0,0,[]
1,1,"[[1899,7202]]",0,0,[],1,0,[],0,0,0,0,0,[],7202,0,0,[]
2,2,"[[4874,7204],[7204,10940]]",0,0,[],2,0,[],0,0,0,0,0,[],7204,0,0,[]
2,2,"[[7206,8253],[7206,9885]]",0,0,[],2,0,[],0,0,0,0,0,[],7206,0,0,[]
1,1,"[[3706,7207]]",0,0,[],1,0,[],0,0,0,0,0,[],7207,0,0,[]
2,2,"[[7208,9483],[7208,10510]]",0,0,[],2,0,[],0,0,0,0,0,[],7208,0,0,[]
1,1,"[[6930,7209]]",0,0,[],1,0,[],0,0,0,0,0,[],7209,0,0,[]
1,1,"[[7211,8417]]",0,0,[],1,0,[],0,0,0,0,0,[],7211,0,0,[]
2,2,"[[7212,7892],[7212,9278]]",0,0,[],2,0,[],0,0,0,0,0,[],7212,0,0,[]
1,1,"[[7213,7845]]",0,0,[],1,0,[],0,0,0,0,0,[],7213,0,0,[]
1,1,"[[7214,8601]]",0,0,[],1,0,[],0,0,0,0,0,[],7214,0,0,[]
1,1,"[[4473,7215]]",0,0,[],1,0,[],0,0,0,0,0,[],7215,0,0,[]
1,1,"[[1336,7216]]",0,0,[],1,0,[],0,0,0,0,0,[],7216,0,0,[]
1,1,"[[1432,7217]]",0,0,[],1,0,[],0,0,0,0,0,[],7217,0,0,[]
1,1,"[[6419,7218]]",0,0,[],1,0,[],0,0,0,0,0,[],7218,0,0,[]
2,2,"[[3292,7219],[4588,7219]]",0,0,[],2,0,[],0,0,0,0,0,[],7219,0,0,[]
2,2,"[[3035,7220],[5175,7220]]",0,0,[],2,0,[],0,0,0,0,0,[],7220,0,0,[]
2,2,"[[7222,7381],[7222,10394]]",0,0,[],2,0,[],0,0,0,0,0,[],7222,0,0,[]
1,1,"[[4632,7223]]",0,0,[],1,0,[],0,0,0,0,0,[],7223,0,0,[]
1,1,"[[1433,7224]]",0,0,[],1,0,[],0,0,0,0,0,[],7224,0,0,[]
1,1,"[[5436,7225]]",0,0,[],1,0,[],0,0,0,0,0,[],7225,0,0,[]
1,1,"[[7227,8738]]",0,0,[],1,0,[],0,0,0,0,0,[],7227,0,0,[]
2,2,"[[2914,7228],[7228,9654]]",0,0,[],2,0,[],0,0,0,0,0,[],7228,0,0,[]
1,1,"[[5896,7229]]",0,0,[],1,0,[],0,0,0,0,0,[],7229,0,0,[]
1,1,"[[5448,7230]]",0,0,[],1,0,[],0,0,0,0,0,[],7230,0,0,[]
1,1,"[[4787,7231]]",0,0,[],1,0,[],0,0,0,0,0,[],7231,0,0,[]
2,2,"[[6624,7232],[7232,8777]]",0,0,[],2,0,[],0,0,0,0,0,[],7232,0,0,[]
2,2,"[[7233,9154],[7233,10501]]",0,0,[],2,0,[],0,0,0,0,0,[],7233,0,0,[]
1,1,"[[7234,9313]]",0,0,[],1,0,[],0,0,0,0,0,[],7234,0,0,[]
2,2,"[[7235,7542],[7235,8387]]",0,0,[],2,0,[],0,0,0,0,0,[],7235,0,0,[]
2,2,"[[6363,7236],[7236,7648]]",0,0,[],2,0,[],0,0,0,0,0,[],7236,0,0,[]
2,2,"[[7237,7542],[7237,9714]]",0,0,[],2,0,[],0,0,0,0,0,[],7237,0,0,[]
1,1,"[[7238,12783]]",0,0,[],1,0,[],0,0,0,0,0,[],7238,0,0,[]
1,1,"[[7239,13593]]",0,0,[],1,0,[],0,0,0,0,0,[],7239,0,0,[]
1,1,"[[4707,7240]]",0,0,[],1,0,[],0,0,0,0,0,[],7240,0,0,[]
2,2,"[[4839,7242],[7242,8823]]",0,0,[],2,0,[],0,0,0,0,0,[],7242,0,0,[]
2,2,"[[5019,7243],[6747,7243]]",0,0,[],2,0,[],0,0,0,0,0,[],7243,0,0,[]
2,2,"[[2499,7244],[6119,7244]]",0,0,[],2,0,[],0,0,0,0,0,[],7244,0,0,[]
1,1,"[[4971,7245]]",0,0,[],1,0,[],0,0,0,0,0,[],7245,0,0,[]
1,1,"[[7246,13293]]",0,0,[],1,0,[],0,0,0,0,0,[],7246,0,0,[]
2,2,"[[1583,7247],[7247,12699]]",0,0,[],2,0,[],0,0,0,0,0,[],7247,0,0,[]
1,1,"[[7248,11036]]",0,0,[],1,0,[],0,0,0,0,0,[],7248,0,0,[]
2,2,"[[4928,7249],[7249,7957]]",0,0,[],2,0,[],0,0,0,0,0,[],7249,0,0,[]
1,1,"[[5281,7250]]",0,0,[],1,0,[],0,0,0,0,0,[],7250,0,0,[]
1,1,"[[600,7251]]",0,0,[],1,0,[],0,0,0,0,0,[],7251,0,0,[]
1,1,"[[7252,12409]]",0,0,[],1,0,[],0,0,0,0,0,[],7252,0,0,[]
2,2,"[[7253,10746],[7253,11377]]",0,0,[],2,0,[],0,0,0,0,0,[],7253,0,0,[]
2,2,"[[4282,7254],[7254,9517]]",0,0,[],2,0,[],0,0,0,0,0,[],7254,0,0,[]
1,1,"[[7255,8445]]",0,0,[],1,0,[],0,0,0,0,0,[],7255,0,0,[]
1,1,"[[6111,7256]]",0,0,[],1,0,[],0,0,0,0,0,[],7256,0,0,[]
1,1,"[[7257,9026]]",0,0,[],1,0,[],0,0,0,0,0,[],7257,0,0,[]
2,2,"[[7258,7921],[7258,11725]]",0,0,[],2,0,[],0,0,0,0,0,[],7258,0,0,[]
2,2,"[[5596,7259],[6664,7259]]",0,0,[],2,0,[],0,0,0,0,0,[],7259,0,0,[]
2,2,"[[4702,7261],[5406,7261]]",0,0,[],2,0,[],0,0,0,0,0,[],7261,0,0,[]
2,2,"[[2346,7262],[2451,7262]]",0,0,[],2,0,[],0,0,0,0,0,[],7262,0,0,[]
1,1,"[[5989,7263]]",0,0,[],1,0,[],0,0,0,0,0,[],7263,0,0,[]
2,2,"[[1560,7264],[7264,12949]]",0,0,[],2,0,[],0,0,0,0,0,[],7264,0,0,[]
1,1,"[[4755,7265]]",0,0,[],1,0,[],0,0,0,0,0,[],7265,0,0,[]
2,2,"[[661,7266],[5175,7266]]",0,0,[],2,0,[],0,0,0,0,0,[],7266,0,0,[]
1,1,"[[4893,7267]]",0,0,[],1,0,[],0,0,0,0,0,[],7267,0,0,[]
2,2,"[[217,7268],[5188,7268]]",0,0,[],2,0,[],0,0,0,0,0,[],7268,0,0,[]
2,2,"[[1181,7269],[2659,7269]]",0,0,[],2,0,[],0,0,0,0,0,[],7269,0,0,[]
2,2,"[[3518,7270],[6226,7270]]",0,0,[],2,0,[],0,0,0,0,0,[],7270,0,0,[]
1,1,"[[4921,7272]]",0,0,[],1,0,[],0,0,0,0,0,[],7272,0,0,[]
1,1,"[[7274,8500]]",0,0,[],1,0,[],0,0,0,0,0,[],7274,0,0,[]
2,2,"[[7276,9563],[7276,10069]]",0,0,[],2,0,[],0,0,0,0,0,[],7276,0,0,[]
2,2,"[[2185,7277],[6168,7277]]",0,0,[],2,0,[],0,0,0,0,0,[],7277,0,0,[]
1,1,"[[7278,8067]]",0,0,[],1,0,[],0,0,0,0,0,[],7278,0,0,[]
2,2,"[[3937,7279],[6294,7279]]",0,0,[],2,0,[],0,0,0,0,0,[],7279,0,0,[]
2,2,"[[2348,7280],[5707,7280]]",0,0,[],2,0,[],0,0,0,0,0,[],7280,0,0,[]
1,1,"[[1867,7281]]",0,0,[],1,0,[],0,0,0,0,0,[],7281,0,0,[]
1,1,"[[7283,8600]]",0,0,[],1,0,[],0,0,0,0,0,[],7283,0,0,[]
1,1,"[[6172,7284]]",0,0,[],1,0,[],0,0,0,0,0,[],7284,0,0,[]
2,2,"[[3516,7285],[3670,7285]]",0,0,[],2,0,[],0,0,0,0,0,[],7285,0,0,[]
2,2,"[[7286,7632],[7286,8811]]",0,0,[],2,0,[],0,0,0,0,0,[],7286,0,0,[]
1,1,"[[7288,11667]]",0,0,[],1,0,[],0,0,0,0,0,[],7288,0,0,[]
1,1,"[[7172,7289]]",0,0,[],1,0,[],0,0,0,0,0,[],7289,0,0,[]
2,2,"[[7290,10888],[7290,12340]]",0,0,[],2,0,[],0,0,0,0,0,[],7290,0,0,[]
2,2,"[[6126,7291],[7291,8425]]",0,0,[],2,0,[],0,0,0,0,0,[],7291,0,0,[]
1,1,"[[7292,11887]]",0,0,[],1,0,[],0,0,0,0,0,[],7292,0,0,[]
1,1,"[[4334,7293]]",0,0,[],1,0,[],0,0,0,0,0,[],7293,0,0,[]
1,1,"[[7294,7321]]",0,0,[],1,0,[],0,0,0,0,0,[],7294,0,0,[]
2,2,"[[4980,7295],[6453,7295]]",0,0,[],2,0,[],0,0,0,0,0,[],7295,0,0,[]
1,1,"[[7296,8052]]",0,0,[],1,0,[],0,0,0,0,0,[],7296,0,0,[]
1,1,"[[7297,7851]]",0,0,[],1,0,[],0,0,0,0,0,[],7297,0,0,[]
2,2,"[[3786,7298],[5848,7298]]",0,0,[],2,0,[],0,0,0,0,0,[],7298,0,0,[]
1,1,"[[888,7300]]",0,0,[],1,0,[],0,0,0,0,0,[],7300,0,0,[]
2,2,"[[3539,7301],[6741,7301]]",0,0,[],2,0,[],0,0,0,0,0,[],7301,0,0,[]
1,1,"[[5891,7302]]",0,0,[],1,0,[],0,0,0,0,0,[],7302,0,0,[]
2,2,"[[5702,7303],[7303,8145]]",0,0,[],2,0,[],0,0,0,0,0,[],7303,0,0,[]
1,1,"[[7304,9840]]",0,0,[],1,0,[],0,0,0,0,0,[],7304,0,0,[]
1,1,"[[7306,7877]]",0,0,[],1,0,[],0,0,0,0,0,[],7306,0,0,[]
2,2,"[[4694,7307],[7307,8609]]",0,0,[],2,0,[],0,0,0,0,0,[],7307,0,0,[]
1,1,"[[7308,12263]]",0,0,[],1,0,[],0,0,0,0,0,[],7308,0,0,[]
2,2,"[[4884,7309],[7309,10007]]",0,0,[],2,0,[],0,0,0,0,0,[],7309,0,0,[]
1,1,"[[3033,7310]]",0,0,[],1,0,[],0,0,0,0,0,[],7310,0,0,[]
2,2,"[[7313,12576],[7313,13065]]",0,0,[],2,0,[],0,0,0,0,0,[],7313,0,0,[]
2,2,"[[7314,7774],[7314,10935]]",0,0,[],2,0,[],0,0,0,0,0,[],7314,0,0,[]
2,2,"[[7315,9219],[7315,10307]]",0,0,[],2,0,[],0,0,0,0,0,[],7315,0,0,[]
2,2,"[[7316,8138],[7316,8194]]",0,0,[],2,0,[],0,0,0,0,0,[],7316,0,0,[]
2,2,"[[4990,7317],[5504,7317]]",0,0,[],2,0,[],0,0,0,0,0,[],7317,0,0,[]
2,2,"[[7319,10921],[7319,12781]]",0,0,[],2,0,[],0,0,0,0,0,[],7319,0,0,[]
2,2,"[[7320,7824],[7320,8435]]",0,0,[],2,0,[],0,0,0,0,0,[],7320,0,0,[]
1,1,"[[7321,11879]]",0,0,[],1,0,[],0,0,0,0,0,[],7321,0,0,[]
1,1,"[[7322,11301]]",0,0,[],1,0,[],0,0,0,0,0,[],7322,0,0,[]
2,2,"[[7323,7720],[7323,9287]]",0,0,[],2,0,[],0,0,0,0,0,[],7323,0,0,[]
1,1,"[[7324,8546]]",0,0,[],1,0,[],0,0,0,0,0,[],7324,0,0,[]
2,2,"[[7010,7325],[7325,8244]]",0,0,[],2,0,[],0,0,0,0,0,[],7325,0,0,[]
1,1,"[[1323,7326]]",0,0,[],1,0,[],0,0,0,0,0,[],7326,0,0,[]
2,2,"[[5584,7327],[7327,9937]]",0,0,[],2,0,[],0,0,0,0,0,[],7327,0,0,[]
1,1,"[[7328,9924]]",0,0,[],1,0,[],0,0,0,0,0,[],7328,0,0,[]
2,2,"[[6833,7329],[7329,9011]]",0,0,[],2,0,[],0,0,0,0,0,[],7329,0,0,[]
1,1,"[[4051,7330]]",0,0,[],1,0,[],0,0,0,0,0,[],7330,0,0,[]
1,1,"[[3923,7331]]",0,0,[],1,0,[],0,0,0,0,0,[],7331,0,0,[]
1,1,"[[6560,7332]]",0,0,[],1,0,[],0,0,0,0,0,[],7332,0,0,[]
1,1,"[[4861,7333]]",0,0,[],1,0,[],0,0,0,0,0,[],7333,0,0,[]
2,2,"[[691,7334],[7334,7354]]",0,0,[],2,0,[],0,0,0,0,0,[],7334,0,0,[]
2,2,"[[2312,7335],[7335,10226]]",0,0,[],2,0,[],0,0,0,0,0,[],7335,0,0,[]
2,2,"[[4815,7336],[7336,9716]]",0,0,[],2,0,[],0,0,0,0,0,[],7336,0,0,[]
1,1,"[[5712,7337]]",0,0,[],1,0,[],0,0,0,0,0,[],7337,0,0,[]
1,1,"[[4681,7338]]",0,0,[],1,0,[],0,0,0,0,0,[],7338,0,0,[]
2,2,"[[2719,7339],[5380,7339]]",0,0,[],2,0,[],0,0,0,0,0,[],7339,0,0,[]
2,2,"[[555,7340],[948,7340]]",0,0,[],2,0,[],0,0,0,0,0,[],7340,0,0,[]
1,1,"[[6377,7341]]",0,0,[],1,0,[],0,0,0,0,0,[],7341,0,0,[]
2,2,"[[7342,11339],[7342,11645]]",0,0,[],2,0,[],0,0,0,0,0,[],7342,0,0,[]
1,1,"[[7343,9075]]",0,0,[],1,0,[],0,0,0,0,0,[],7343,0,0,[]
1,1,"[[4883,7344]]",0,0,[],1,0,[],0,0,0,0,0,[],7344,0,0,[]
1,1,"[[3597,7345]]",0,0,[],1,0,[],0,0,0,0,0,[],7345,0,0,[]
2,2,"[[1254,7346],[6627,7346]]",0,0,[],2,0,[],0,0,0,0,0,[],7346,0,0,[]
2,2,"[[3437,7347],[7054,7347]]",0,0,[],2,0,[],0,0,0,0,0,[],7347,0,0,[]
2,2,"[[7348,8314],[7348,10213]]",0,0,[],2,0,[],0,0,0,0,0,[],7348,0,0,[]
2,2,"[[483,7349],[5345,7349]]",0,0,[],2,0,[],0,0,0,0,0,[],7349,0,0,[]
1,1,"[[7350,10645]]",0,0,[],1,0,[],0,0,0,0,0,[],7350,0,0,[]
1,1,"[[5429,7351]]",0,0,[],1,0,[],0,0,0,0,0,[],7351,0,0,[]
1,1,"[[7353,8991]]",0,0,[],1,0,[],0,0,0,0,0,[],7353,0,0,[]
2,2,"[[811,7354],[1103,7354]]",0,0,[],2,0,[],0,0,0,0,0,[],7354,0,0,[]
1,1,"[[4181,7355]]",0,0,[],1,0,[],0,0,0,0,0,[],7355,0,0,[]
1,1,"[[7356,8215]]",0,0,[],1,0,[],0,0,0,0,0,[],7356,0,0,[]
2,2,"[[7357,10796],[7357,11564]]",0,0,[],2,0,[],0,0,0,0,0,[],7357,0,0,[]
1,1,"[[5824,7358]]",0,0,[],1,0,[],0,0,0,0,0,[],7358,0,0,[]
2,2,"[[5957,7359],[7359,9089]]",0,0,[],2,0,[],0,0,0,0,0,[],7359,0,0,[]
2,2,"[[4058,7360],[7248,7360]]",0,0,[],2,0,[],0,0,0,0,0,[],7360,0,0,[]
2,2,"[[7363,7397],[7363,9614]]",0,0,[],2,0,[],0,0,0,0,0,[],7363,0,0,[]
2,2,"[[7365,8574],[7365,10175]]",0,0,[],2,0,[],0,0,0,0,0,[],7365,0,0,[]
2,2,"[[7366,8030],[7366,8079]]",0,0,[],2,0,[],0,0,0,0,0,[],7366,0,0,[]
2,2,"[[6266,7367],[7367,11100]]",0,0,[],2,0,[],0,0,0,0,0,[],7367,0,0,[]
1,1,"[[7368,8609]]",0,0,[],1,0,[],0,0,0,0,0,[],7368,0,0,[]
1,1,"[[7369,8603]]",0,0,[],1,0,[],0,0,0,0,0,[],7369,0,0,[]
1,1,"[[7370,9105]]",0,0,[],1,0,[],0,0,0,0,0,[],7370,0,0,[]
1,1,"[[7371,10172]]",0,0,[],1,0,[],0,0,0,0,0,[],7371,0,0,[]
2,2,"[[6293,7372],[7143,7372]]",0,0,[],2,0,[],0,0,0,0,0,[],7372,0,0,[]
2,2,"[[7373,7644],[7373,9526]]",0,0,[],2,0,[],0,0,0,0,0,[],7373,0,0,[]
2,2,"[[3798,7374],[7374,13172]]",0,0,[],2,0,[],0,0,0,0,0,[],7374,0,0,[]
1,1,"[[6430,7375]]",0,0,[],1,0,[],0,0,0,0,0,[],7375,0,0,[]
2,2,"[[1688,7376],[3652,7376]]",0,0,[],2,0,[],0,0,0,0,0,[],7376,0,0,[]
1,1,"[[7377,8067]]",0,0,[],1,0,[],0,0,0,0,0,[],7377,0,0,[]
2,2,"[[3525,7378],[7378,11549]]",0,0,[],2,0,[],0,0,0,0,0,[],7378,0,0,[]
1,1,"[[3542,7380]]",0,0,[],1,0,[],0,0,0,0,0,[],7380,0,0,[]
2,2,"[[6617,7381],[7381,9815]]",0,0,[],2,0,[],0,0,0,0,0,[],7381,0,0,[]
2,2,"[[7107,7382],[7239,7382]]",0,0,[],2,0,[],0,0,0,0,0,[],7382,0,0,[]
2,2,"[[7227,7383],[7383,9366]]",0,0,[],2,0,[],0,0,0,0,0,[],7383,0,0,[]
1,1,"[[7161,7384]]",0,0,[],1,0,[],0,0,0,0,0,[],7384,0,0,[]
2,2,"[[7385,9362],[7385,10519]]",0,0,[],2,0,[],0,0,0,0,0,[],7385,0,0,[]
2,2,"[[255,7386],[6699,7386]]",0,0,[],2,0,[],0,0,0,0,0,[],7386,0,0,[]
1,1,"[[4635,7389]]",0,0,[],1,0,[],0,0,0,0,0,[],7389,0,0,[]
1,1,"[[6253,7390]]",0,0,[],1,0,[],0,0,0,0,0,[],7390,0,0,[]
1,1,"[[7391,12341]]",0,0,[],1,0,[],0,0,0,0,0,[],7391,0,0,[]
2,2,"[[1993,7392],[7392,8001]]",0,0,[],2,0,[],0,0,0,0,0,[],7392,0,0,[]
1,1,"[[728,7393]]",0,0,[],1,0,[],0,0,0,0,0,[],7393,0,0,[]
1,1,"[[6082,7396]]",0,0,[],1,0,[],0,0,0,0,0,[],7396,0,0,[]
2,2,"[[1015,7397],[5740,7397]]",0,0,[],2,0,[],0,0,0,0,0,[],7397,0,0,[]
2,2,"[[7399,11053],[7399,12214]]",0,0,[],2,0,[],0,0,0,0,0,[],7399,0,0,[]
2,2,"[[1842,7400],[7400,7842]]",0,0,[],2,0,[],0,0,0,0,0,[],7400,0,0,[]
2,2,"[[7208,7401],[7401,11827]]",0,0,[],2,0,[],0,0,0,0,0,[],7401,0,0,[]
1,1,"[[7402,12333]]",0,0,[],1,0,[],0,0,0,0,0,[],7402,0,0,[]
1,1,"[[1771,7403]]",0,0,[],1,0,[],0,0,0,0,0,[],7403,0,0,[]
1,1,"[[6847,7404]]",0,0,[],1,0,[],0,0,0,0,0,[],7404,0,0,[]
2,2,"[[5756,7405],[7405,10470]]",0,0,[],2,0,[],0,0,0,0,0,[],7405,0,0,[]
2,2,"[[3210,7406],[6687,7406]]",0,0,[],2,0,[],0,0,0,0,0,[],7406,0,0,[]
1,1,"[[7409,10004]]",0,0,[],1,0,[],0,0,0,0,0,[],7409,0,0,[]
1,1,"[[6300,7410]]",0,0,[],1,0,[],0,0,0,0,0,[],7410,0,0,[]
2,2,"[[4678,7411],[4913,7411]]",0,0,[],2,0,[],0,0,0,0,0,[],7411,0,0,[]
1,1,"[[3078,7412]]",0,0,[],1,0,[],0,0,0,0,0,[],7412,0,0,[]
1,1,"[[7413,10375]]",0,0,[],1,0,[],0,0,0,0,0,[],7413,0,0,[]
1,1,"[[4258,7414]]",0,0,[],1,0,[],0,0,0,0,0,[],7414,0,0,[]
2,2,"[[4356,7415],[5434,7415]]",0,0,[],2,0,[],0,0,0,0,0,[],7415,0,0,[]
1,1,"[[4725,7417]]",0,0,[],1,0,[],0,0,0,0,0,[],7417,0,0,[]
2,2,"[[5822,7418],[7418,9063]]",0,0,[],2,0,[],0,0,0,0,0,[],7418,0,0,[]
2,2,"[[5858,7420],[7420,8599]]",0,0,[],2,0,[],0,0,0,0,0,[],7420,0,0,[]
1,1,"[[7421,12347]]",0,0,[],1,0,[],0,0,0,0,0,[],7421,0,0,[]
2,2,"[[5238,7423],[6584,7423]]",0,0,[],2,0,[],0,0,0,0,0,[],7423,0,0,[]
1,1,"[[4832,7424]]",0,0,[],1,0,[],0,0,0,0,0,[],7424,0,0,[]
1,1,"[[7425,9608]]",0,0,[],1,0,[],0,0,0,0,0,[],7425,0,0,[]
2,2,"[[4522,7426],[7426,7544]]",0,0,[],2,0,[],0,0,0,0,0,[],7426,0,0,[]
1,1,"[[4955,7427]]",0,0,[],1,0,[],0,0,0,0,0,[],7427,0,0,[]
2,2,"[[7428,11035],[7428,11962]]",0,0,[],2,0,[],0,0,0,0,0,[],7428,0,0,[]
2,2,"[[4895,7429],[7429,11408]]",0,0,[],2,0,[],0,0,0,0,0,[],7429,0,0,[]
1,1,"[[777,7430]]",0,0,[],1,0,[],0,0,0,0,0,[],7430,0,0,[]
1,1,"[[7431,10452]]",0,0,[],1,0,[],0,0,0,0,0,[],7431,0,0,[]
1,1,"[[4147,7432]]",0,0,[],1,0,[],0,0,0,0,0,[],7432,0,0,[]
2,2,"[[4937,7433],[7433,10465]]",0,0,[],2,0,[],0,0,0,0,0,[],7433,0,0,[]
1,1,"[[5935,7434]]",0,0,[],1,0,[],0,0,0,0,0,[],7434,0,0,[]
1,1,"[[7435,9078]]",0,0,[],1,0,[],0,0,0,0,0,[],7435,0,0,[]
2,2,"[[62,7436],[3220,7436]]",0,0,[],2,0,[],0,0,0,0,0,[],7436,0,0,[]
2,2,"[[1238,7437],[2308,7437]]",0,0,[],2,0,[],0,0,0,0,0,[],7437,0,0,[]
2,2,"[[7438,9856],[7438,11699]]",0,0,[],2,0,[],0,0,0,0,0,[],7438,0,0,[]
2,2,"[[7331,7439],[7439,7591]]",0,0,[],2,0,[],0,0,0,0,0,[],7439,0,0,[]
1,1,"[[7440,11077]]",0,0,[],1,0,[],0,0,0,0,0,[],7440,0,0,[]
2,2,"[[5774,7441],[7441,8010]]",0,0,[],2,0,[],0,0,0,0,0,[],7441,0,0,[]
2,2,"[[1658,7442],[4951,7442]]",0,0,[],2,0,[],0,0,0,0,0,[],7442,0,0,[]
1,1,"[[4622,7443]]",0,0,[],1,0,[],0,0,0,0,0,[],7443,0,0,[]
2,2,"[[1852,7444],[7444,10533]]",0,0,[],2,0,[],0,0,0,0,0,[],7444,0,0,[]
2,2,"[[7445,10605],[7445,12306]]",0,0,[],2,0,[],0,0,0,0,0,[],7445,0,0,[]
2,2,"[[6036,7446],[7446,10400]]",0,0,[],2,0,[],0,0,0,0,0,[],7446,0,0,[]
1,1,"[[7447,9326]]",0,0,[],1,0,[],0,0,0,0,0,[],7447,0,0,[]
1,1,"[[7448,8623]]",0,0,[],1,0,[],0,0,0,0,0,[],7448,0,0,[]
1,1,"[[7449,11996]]",0,0,[],1,0,[],0,0,0,0,0,[],7449,0,0,[]
2,2,"[[5392,7450],[5411,7450]]",0,0,[],2,0,[],0,0,0,0,0,[],7450,0,0,[]
1,1,"[[1621,7451]]",0,0,[],1,0,[],0,0,0,0,0,[],7451,0,0,[]
1,1,"[[3478,7453]]",0,0,[],1,0,[],0,0,0,0,0,[],7453,0,0,[]
1,1,"[[7454,8888]]",0,0,[],1,0,[],0,0,0,0,0,[],7454,0,0,[]
1,1,"[[6714,7456]]",0,0,[],1,0,[],0,0,0,0,0,[],7456,0,0,[]
2,2,"[[7457,10312],[7457,11205]]",0,0,[],2,0,[],0,0,0,0,0,[],7457,0,0,[]
2,2,"[[7458,9340],[7458,11735]]",0,0,[],2,0,[],0,0,0,0,0,[],7458,0,0,[]
2,2,"[[3431,7459],[5650,7459]]",0,0,[],2,0,[],0,0,0,0,0,[],7459,0,0,[]
1,1,"[[5399,7460]]",0,0,[],1,0,[],0,0,0,0,0,[],7460,0,0,[]
1,1,"[[7461,11308]]",0,0,[],1,0,[],0,0,0,0,0,[],7461,0,0,[]
2,2,"[[7463,12159],[7463,12700]]",0,0,[],2,0,[],0,0,0,0,0,[],7463,0,0,[]
1,1,"[[7464,8465]]",0,0,[],1,0,[],0,0,0,0,0,[],7464,0,0,[]
2,2,"[[1810,7465],[2615,7465]]",0,0,[],2,0,[],0,0,0,0,0,[],7465,0,0,[]
2,2,"[[893,7466],[3468,7466]]",0,0,[],2,0,[],0,0,0,0,0,[],7466,0,0,[]
1,1,"[[7467,12866]]",0,0,[],1,0,[],0,0,0,0,0,[],7467,0,0,[]
2,2,"[[3188,7468],[7468,8569]]",0,0,[],2,0,[],0,0,0,0,0,[],7468,0,0,[]
1,1,"[[4207,7469]]",0,0,[],1,0,[],0,0,0,0,0,[],7469,0,0,[]
1,1,"[[7470,10885]]",0,0,[],1,0,[],0,0,0,0,0,[],7470,0,0,[]
1,1,"[[7471,9660]]",0,0,[],1,0,[],0,0,0,0,0,[],7471,0,0,[]
2,2,"[[7364,7472],[7472,11361]]",0,0,[],2,0,[],0,0,0,0,0,[],7472,0,0,[]
1,1,"[[3240,7473]]",0,0,[],1,0,[],0,0,0,0,0,[],7473,0,0,[]
2,2,"[[2096,7474],[7474,11344]]",0,0,[],2,0,[],0,0,0,0,0,[],7474,0,0,[]
2,2,"[[2554,7476],[3490,7476]]",0,0,[],2,0,[],0,0,0,0,0,[],7476,0,0,[]
1,1,"[[766,7477]]",0,0,[],1,0,[],0,0,0,0,0,[],7477,0,0,[]
1,1,"[[7243,7479]]",0,0,[],1,0,[],0,0,0,0,0,[],7479,0,0,[]
2,2,"[[5356,7480],[6585,7480]]",0,0,[],2,0,[],0,0,0,0,0,[],7480,0,0,[]
2,2,"[[7481,11043],[7481,11078]]",0,0,[],2,0,[],0,0,0,0,0,[],7481,0,0,[]
2,2,"[[5278,7482],[7482,9183]]",0,0,[],2,0,[],0,0,0,0,0,[],7482,0,0,[]
2,2,"[[2715,7483],[7483,8336]]",0,0,[],2,0,[],0,0,0,0,0,[],7483,0,0,[]
2,2,"[[7080,7486],[7486,12416]]",0,0,[],2,0,[],0,0,0,0,0,[],7486,0,0,[]
2,2,"[[7487,12604],[7487,12635]]",0,0,[],2,0,[],0,0,0,0,0,[],7487,0,0,[]
2,2,"[[440,7488],[7376,7488]]",0,0,[],2,0,[],0,0,0,0,0,[],7488,0,0,[]
2,2,"[[2811,7489],[5959,7489]]",0,0,[],2,0,[],0,0,0,0,0,[],7489,0,0,[]
1,1,"[[7454,7491]]",0,0,[],1,0,[],0,0,0,0,0,[],7491,0,0,[]
2,2,"[[2914,7492],[7492,7554]]",0,0,[],2,0,[],0,0,0,0,0,[],7492,0,0,[]
1,1,"[[7493,7689]]",0,0,[],1,0,[],0,0,0,0,0,[],7493,0,0,[]
1,1,"[[3012,7494]]",0,0,[],1,0,[],0,0,0,0,0,[],7494,0,0,[]
2,2,"[[2839,7495],[7495,12841]]",0,0,[],2,0,[],0,0,0,0,0,[],7495,0,0,[]
2,2,"[[2513,7496],[7496,9172]]",0,0,[],2,0,[],0,0,0,0,0,[],7496,0,0,[]
2,2,"[[6307,7497],[7497,8466]]",0,0,[],2,0,[],0,0,0,0,0,[],7497,0,0,[]
1,1,"[[7498,7641]]",0,0,[],1,0,[],0,0,0,0,0,[],7498,0,0,[]
2,2,"[[1284,7499],[2680,7499]]",0,0,[],2,0,[],0,0,0,0,0,[],7499,0,0,[]
2,2,"[[5953,7500],[7500,9995]]",0,0,[],2,0,[],0,0,0,0,0,[],7500,0,0,[]
1,1,"[[7501,8970]]",0,0,[],1,0,[],0,0,0,0,0,[],7501,0,0,[]
1,1,"[[3326,7502]]",0,0,[],1,0,[],0,0,0,0,0,[],7502,0,0,[]
2,2,"[[7503,10629],[7503,11245]]",0,0,[],2,0,[],0,0,0,0,0,[],7503,0,0,[]
1,1,"[[7504,11069]]",0,0,[],1,0,[],0,0,0,0,0,[],7504,0,0,[]
1,1,"[[7505,12404]]",0,0,[],1,0,[],0,0,0,0,0,[],7505,0,0,[]
1,1,"[[7506,11270]]",0,0,[],1,0,[],0,0,0,0,0,[],7506,0,0,[]
2,2,"[[7507,7775],[7507,8506]]",0,0,[],2,0,[],0,0,0,0,0,[],7507,0,0,[]
2,2,"[[6930,7508],[7508,10200]]",0,0,[],2,0,[],0,0,0,0,0,[],7508,0,0,[]
2,2,"[[7410,7509],[7509,10142]]",0,0,[],2,0,[],0,0,0,0,0,[],7509,0,0,[]
2,2,"[[7119,7510],[7510,11480]]",0,0,[],2,0,[],0,0,0,0,0,[],7510,0,0,[]
2,2,"[[4326,7511],[7511,9170]]",0,0,[],2,0,[],0,0,0,0,0,[],7511,0,0,[]
1,1,"[[3471,7512]]",0,0,[],1,0,[],0,0,0,0,0,[],7512,0,0,[]
1,1,"[[483,7513]]",0,0,[],1,0,[],0,0,0,0,0,[],7513,0,0,[]
1,1,"[[4176,7514]]",0,0,[],1,0,[],0,0,0,0,0,[],7514,0,0,[]
2,2,"[[1634,7515],[7515,8330]]",0,0,[],2,0,[],0,0,0,0,0,[],7515,0,0,[]
2,2,"[[3879,7516],[7516,10665]]",0,0,[],2,0,[],0,0,0,0,0,[],7516,0,0,[]
1,1,"[[5901,7517]]",0,0,[],1,0,[],0,0,0,0,0,[],7517,0,0,[]
2,2,"[[2060,7519],[5141,7519]]",0,0,[],2,0,[],0,0,0,0,0,[],7519,0,0,[]
2,2,"[[5208,7520],[7520,9527]]",0,0,[],2,0,[],0,0,0,0,0,[],7520,0,0,[]
2,2,"[[7521,9035],[7521,10744]]",0,0,[],2,0,[],0,0,0,0,0,[],7521,0,0,[]
2,2,"[[5723,7522],[7522,8440]]",0,0,[],2,0,[],0,0,0,0,0,[],7522,0,0,[]
2,2,"[[7523,8278],[7523,9197]]",0,0,[],2,0,[],0,0,0,0,0,[],7523,0,0,[]
1,1,"[[7524,8517]]",0,0,[],1,0,[],0,0,0,0,0,[],7524,0,0,[]
2,2,"[[7525,8522],[7525,10646]]",0,0,[],2,0,[],0,0,0,0,0,[],7525,0,0,[]
2,2,"[[7526,9399],[7526,10351]]",0,0,[],2,0,[],0,0,0,0,0,[],7526,0,0,[]
2,2,"[[7528,9897],[7528,11352]]",0,0,[],2,0,[],0,0,0,0,0,[],7528,0,0,[]
2,2,"[[7530,8798],[7530,9134]]",0,0,[],2,0,[],0,0,0,0,0,[],7530,0,0,[]
2,2,"[[4161,7531],[5567,7531]]",0,0,[],2,0,[],0,0,0,0,0,[],7531,0,0,[]
2,2,"[[5250,7532],[7532,12252]]",0,0,[],2,0,[],0,0,0,0,0,[],7532,0,0,[]
1,1,"[[2874,7533]]",0,0,[],1,0,[],0,0,0,0,0,[],7533,0,0,[]
2,2,"[[1137,7534],[3507,7534]]",0,0,[],2,0,[],0,0,0,0,0,[],7534,0,0,[]
1,1,"[[7535,10369]]",0,0,[],1,0,[],0,0,0,0,0,[],7535,0,0,[]
2,2,"[[7536,8590],[7536,12403]]",0,0,[],2,0,[],0,0,0,0,0,[],7536,0,0,[]
2,2,"[[3167,7538],[7538,8735]]",0,0,[],2,0,[],0,0,0,0,0,[],7538,0,0,[]
1,1,"[[7540,8369]]",0,0,[],1,0,[],0,0,0,0,0,[],7540,0,0,[]
2,2,"[[1530,7541],[6727,7541]]",0,0,[],2,0,[],0,0,0,0,0,[],7541,0,0,[]
1,1,"[[7542,9141]]",0,0,[],1,0,[],0,0,0,0,0,[],7542,0,0,[]
1,1,"[[4700,7543]]",0,0,[],1,0,[],0,0,0,0,0,[],7543,0,0,[]
2,2,"[[2547,7544],[7544,10987]]",0,0,[],2,0,[],0,0,0,0,0,[],7544,0,0,[]
2,2,"[[4849,7546],[7546,12281]]",0,0,[],2,0,[],0,0,0,0,0,[],7546,0,0,[]
2,2,"[[4283,7547],[5560,7547]]",0,0,[],2,0,[],0,0,0,0,0,[],7547,0,0,[]
1,1,"[[7548,9016]]",0,0,[],1,0,[],0,0,0,0,0,[],7548,0,0,[]
1,1,"[[4235,7549]]",0,0,[],1,0,[],0,0,0,0,0,[],7549,0,0,[]
2,2,"[[5237,7550],[7550,11314]]",0,0,[],2,0,[],0,0,0,0,0,[],7550,0,0,[]
1,1,"[[4956,7551]]",0,0,[],1,0,[],0,0,0,0,0,[],7551,0,0,[]
1,1,"[[876,7553]]",0,0,[],1,0,[],0,0,0,0,0,[],7553,0,0,[]
2,2,"[[7554,10799],[7554,10972]]",0,0,[],2,0,[],0,0,0,0,0,[],7554,0,0,[]
1,1,"[[3974,7555]]",0,0,[],1,0,[],0,0,0,0,0,[],7555,0,0,[]
1,1,"[[1619,7556]]",0,0,[],1,0,[],0,0,0,0,0,[],7556,0,0,[]
1,1,"[[5385,7557]]",0,0,[],1,0,[],0,0,0,0,0,[],7557,0,0,[]
2,2,"[[7558,7974],[7558,10025]]",0,0,[],2,0,[],0,0,0,0,0,[],7558,0,0,[]
1,1,"[[4566,7559]]",0,0,[],1,0,[],0,0,0,0,0,[],7559,0,0,[]
2,2,"[[2896,7560],[7560,9473]]",0,0,[],2,0,[],0,0,0,0,0,[],7560,0,0,[]
2,2,"[[143,7561],[6968,7561]]",0,0,[],2,0,[],0,0,0,0,0,[],7561,0,0,[]
2,2,"[[2980,7562],[3744,7562]]",0,0,[],2,0,[],0,0,0,0,0,[],7562,0,0,[]
1,1,"[[3863,7563]]",0,0,[],1,0,[],0,0,0,0,0,[],7563,0,0,[]
2,2,"[[490,7564],[4200,7564]]",0,0,[],2,0,[],0,0,0,0,0,[],7564,0,0,[]
2,2,"[[6212,7565],[7046,7565]]",0,0,[],2,0,[],0,0,0,0,0,[],7565,0,0,[]
2,2,"[[7566,8979],[7566,9843]]",0,0,[],2,0,[],0,0,0,0,0,[],7566,0,0,[]
2,2,"[[2515,7567],[3437,7567]]",0,0,[],2,0,[],0,0,0,0,0,[],7567,0,0,[]
1,1,"[[5948,7569]]",0,0,[],1,0,[],0,0,0,0,0,[],7569,0,0,[]
1,1,"[[7570,12245]]",0,0,[],1,0,[],0,0,0,0,0,[],7570,0,0,[]
1,1,"[[4831,7571]]",0,0,[],1,0,[],0,0,0,0,0,[],7571,0,0,[]
2,2,"[[6060,7572],[7572,8820]]",0,0,[],2,0,[],0,0,0,0,0,[],7572,0,0,[]
2,2,"[[7573,9270],[7573,9796]]",0,0,[],2,0,[],0,0,0,0,0,[],7573,0,0,[]
1,1,"[[1788,7574]]",0,0,[],1,0,[],0,0,0,0,0,[],7574,0,0,[]
1,1,"[[5065,7575]]",0,0,[],1,0,[],0,0,0,0,0,[],7575,0,0,[]
1,1,"[[7576,8061]]",0,0,[],1,0,[],0,0,0,0,0,[],7576,0,0,[]
2,2,"[[50,7577],[7577,8995]]",0,0,[],2,0,[],0,0,0,0,0,[],7577,0,0,[]
2,2,"[[843,7578],[5601,7578]]",0,0,[],2,0,[],0,0,0,0,0,[],7578,0,0,[]
1,1,"[[6085,7579]]",0,0,[],1,0,[],0,0,0,0,0,[],7579,0,0,[]
1,1,"[[7113,7580]]",0,0,[],1,0,[],0,0,0,0,0,[],7580,0,0,[]
2,2,"[[7581,9744],[7581,11005]]",0,0,[],2,0,[],0,0,0,0,0,[],7581,0,0,[]
2,2,"[[144,7582],[2275,7582]]",0,0,[],2,0,[],0,0,0,0,0,[],7582,0,0,[]
1,1,"[[2141,7583]]",0,0,[],1,0,[],0,0,0,0,0,[],7583,0,0,[]
1,1,"[[7584,9831]]",0,0,[],1,0,[],0,0,0,0,0,[],7584,0,0,[]
2,2,"[[4261,7585],[4577,7585]]",0,0,[],2,0,[],0,0,0,0,0,[],7585,0,0,[]
2,2,"[[5492,7586],[7140,7586]]",0,0,[],2,0,[],0,0,0,0,0,[],7586,0,0,[]
2,2,"[[6190,7587],[7587,9088]]",0,0,[],2,0,[],0,0,0,0,0,[],7587,0,0,[]
1,1,"[[5174,7588]]",0,0,[],1,0,[],0,0,0,0,0,[],7588,0,0,[]
1,1,"[[6963,7589]]",0,0,[],1,0,[],0,0,0,0,0,[],7589,0,0,[]
2,2,"[[5437,7590],[7590,12385]]",0,0,[],2,0,[],0,0,0,0,0,[],7590,0,0,[]
2,2,"[[3973,7592],[4469,7592]]",0,0,[],2,0,[],0,0,0,0,0,[],7592,0,0,[]
2,2,"[[3879,7593],[7593,11417]]",0,0,[],2,0,[],0,0,0,0,0,[],7593,0,0,[]
2,2,"[[5566,7594],[7594,10942]]",0,0,[],2,0,[],0,0,0,0,0,[],7594,0,0,[]
2,2,"[[7595,7899],[7595,8381]]",0,0,[],2,0,[],0,0,0,0,0,[],7595,0,0,[]
2,2,"[[21,7596],[676,7596]]",0,0,[],2,0,[],0,0,0,0,0,[],7596,0,0,[]
2,2,"[[3097,7597],[7597,10835]]",0,0,[],2,0,[],0,0,0,0,0,[],7597,0,0,[]
2,2,"[[3319,7598],[7598,11507]]",0,0,[],2,0,[],0,0,0,0,0,[],7598,0,0,[]
1,1,"[[7599,8126]]",0,0,[],1,0,[],0,0,0,0,0,[],7599,0,0,[]
2,2,"[[7600,8047],[7600,9194]]",0,0,[],2,0,[],0,0,0,0,0,[],7600,0,0,[]
1,1,"[[3109,7601]]",0,0,[],1,0,[],0,0,0,0,0,[],7601,0,0,[]
1,1,"[[7602,8855]]",0,0,[],1,0,[],0,0,0,0,0,[],7602,0,0,[]
2,2,"[[7603,11109],[7603,11924]]",0,0,[],2,0,[],0,0,0,0,0,[],7603,0,0,[]
2,2,"[[4641,7605],[7605,10075]]",0,0,[],2,0,[],0,0,0,0,0,[],7605,0,0,[]
2,2,"[[7607,7649],[7607,9872]]",0,0,[],2,0,[],0,0,0,0,0,[],7607,0,0,[]
2,2,"[[4340,7609],[7609,9151]]",0,0,[],2,0,[],0,0,0,0,0,[],7609,0,0,[]
2,2,"[[4007,7610],[7610,7857]]",0,0,[],2,0,[],0,0,0,0,0,[],7610,0,0,[]
1,1,"[[3001,7611]]",0,0,[],1,0,[],0,0,0,0,0,[],7611,0,0,[]
2,2,"[[4018,7613],[6159,7613]]",0,0,[],2,0,[],0,0,0,0,0,[],7613,0,0,[]
2,2,"[[4352,7614],[5077,7614]]",0,0,[],2,0,[],0,0,0,0,0,[],7614,0,0,[]
1,1,"[[4194,7615]]",0,0,[],1,0,[],0,0,0,0,0,[],7615,0,0,[]
1,1,"[[3416,7616]]",0,0,[],1,0,[],0,0,0,0,0,[],7616,0,0,[]
2,2,"[[3884,7617],[7617,10854]]",0,0,[],2,0,[],0,0,0,0,0,[],7617,0,0,[]
2,2,"[[5623,7618],[7618,10340]]",0,0,[],2,0,[],0,0,0,0,0,[],7618,0,0,[]
2,2,"[[7619,7765],[7619,12577]]",0,0,[],2,0,[],0,0,0,0,0,[],7619,0,0,[]
2,2,"[[6008,7620],[6652,7620]]",0,0,[],2,0,[],0,0,0,0,0,[],7620,0,0,[]
2,2,"[[1260,7621],[2660,7621]]",0,0,[],2,0,[],0,0,0,0,0,[],7621,0,0,[]
2,2,"[[4584,7622],[6198,7622]]",0,0,[],2,0,[],0,0,0,0,0,[],7622,0,0,[]
2,2,"[[2425,7623],[5894,7623]]",0,0,[],2,0,[],0,0,0,0,0,[],7623,0,0,[]
2,2,"[[3794,7624],[7395,7624]]",0,0,[],2,0,[],0,0,0,0,0,[],7624,0,0,[]
1,1,"[[2492,7625]]",0,0,[],1,0,[],0,0,0,0,0,[],7625,0,0,[]
2,2,"[[3624,7626],[4807,7626]]",0,0,[],2,0,[],0,0,0,0,0,[],7626,0,0,[]
2,2,"[[5999,7627],[6625,7627]]",0,0,[],2,0,[],0,0,0,0,0,[],7627,0,0,[]
2,2,"[[7628,9201],[7628,13117]]",0,0,[],2,0,[],0,0,0,0,0,[],7628,0,0,[]
1,1,"[[6482,7629]]",0,0,[],1,0,[],0,0,0,0,0,[],7629,0,0,[]
1,1,"[[4678,7630]]",0,0,[],1,0,[],0,0,0,0,0,[],7630,0,0,[]
1,1,"[[7631,10817]]",0,0,[],1,0,[],0,0,0,0,0,[],7631,0,0,[]
1,1,"[[7632,8880]]",0,0,[],1,0,[],0,0,0,0,0,[],7632,0,0,[]
2,2,"[[7633,10537],[7633,12802]]",0,0,[],2,0,[],0,0,0,0,0,[],7633,0,0,[]
2,2,"[[5982,7634],[7204,7634]]",0,0,[],2,0,[],0,0,0,0,0,[],7634,0,0,[]
2,2,"[[7509,7635],[7635,11271]]",0,0,[],2,0,[],0,0,0,0,0,[],7635,0,0,[]
2,2,"[[7636,7866],[7636,11510]]",0,0,[],2,0,[],0,0,0,0,0,[],7636,0,0,[]
1,1,"[[7638,11404]]",0,0,[],1,0,[],0,0,0,0,0,[],7638,0,0,[]
1,1,"[[7639,10982]]",0,0,[],1,0,[],0,0,0,0,0,[],7639,0,0,[]
1,1,"[[7640,12032]]",0,0,[],1,0,[],0,0,0,0,0,[],7640,0,0,[]
2,2,"[[7642,7697],[7642,13130]]",0,0,[],2,0,[],0,0,0,0,0,[],7642,0,0,[]
2,2,"[[4563,7643],[7643,10683]]",0,0,[],2,0,[],0,0,0,0,0,[],7643,0,0,[]
2,2,"[[4863,7644],[7644,8136]]",0,0,[],2,0,[],0,0,0,0,0,[],7644,0,0,[]
1,1,"[[7645,8504]]",0,0,[],1,0,[],0,0,0,0,0,[],7645,0,0,[]
2,2,"[[5969,7648],[7648,8481]]",0,0,[],2,0,[],0,0,0,0,0,[],7648,0,0,[]
1,1,"[[7649,9524]]",0,0,[],1,0,[],0,0,0,0,0,[],7649,0,0,[]
1,1,"[[5940,7650]]",0,0,[],1,0,[],0,0,0,0,0,[],7650,0,0,[]
2,2,"[[7293,7651],[7651,10879]]",0,0,[],2,0,[],0,0,0,0,0,[],7651,0,0,[]
1,1,"[[7356,7652]]",0,0,[],1,0,[],0,0,0,0,0,[],7652,0,0,[]
2,2,"[[5476,7653],[7002,7653]]",0,0,[],2,0,[],0,0,0,0,0,[],7653,0,0,[]
2,2,"[[6565,7654],[7106,7654]]",0,0,[],2,0,[],0,0,0,0,0,[],7654,0,0,[]
2,2,"[[7421,7655],[7655,8720]]",0,0,[],2,0,[],0,0,0,0,0,[],7655,0,0,[]
2,2,"[[4251,7656],[5478,7656]]",0,0,[],2,0,[],0,0,0,0,0,[],7656,0,0,[]
1,1,"[[5774,7657]]",0,0,[],1,0,[],0,0,0,0,0,[],7657,0,0,[]
2,2,"[[7247,7658],[7658,9831]]",0,0,[],2,0,[],0,0,0,0,0,[],7658,0,0,[]
1,1,"[[7659,10746]]",0,0,[],1,0,[],0,0,0,0,0,[],7659,0,0,[]
1,1,"[[2617,7660]]",0,0,[],1,0,[],0,0,0,0,0,[],7660,0,0,[]
2,2,"[[483,7661],[7661,8179]]",0,0,[],2,0,[],0,0,0,0,0,[],7661,0,0,[]
1,1,"[[7662,9892]]",0,0,[],1,0,[],0,0,0,0,0,[],7662,0,0,[]
1,1,"[[3711,7663]]",0,0,[],1,0,[],0,0,0,0,0,[],7663,0,0,[]
1,1,"[[6819,7664]]",0,0,[],1,0,[],0,0,0,0,0,[],7664,0,0,[]
2,2,"[[2618,7665],[6422,7665]]",0,0,[],2,0,[],0,0,0,0,0,[],7665,0,0,[]
1,1,"[[4573,7666]]",0,0,[],1,0,[],0,0,0,0,0,[],7666,0,0,[]
1,1,"[[25,7667]]",0,0,[],1,0,[],0,0,0,0,0,[],7667,0,0,[]
2,2,"[[5143,7668],[7668,12264]]",0,0,[],2,0,[],0,0,0,0,0,[],7668,0,0,[]
2,2,"[[7669,9653],[7669,13398]]",0,0,[],2,0,[],0,0,0,0,0,[],7669,0,0,[]
2,2,"[[1553,7670],[7371,7670]]",0,0,[],2,0,[],0,0,0,0,0,[],7670,0,0,[]
2,2,"[[6043,7671],[7671,13419]]",0,0,[],2,0,[],0,0,0,0,0,[],7671,0,0,[]
2,2,"[[3959,7672],[5224,7672]]",0,0,[],2,0,[],0,0,0,0,0,[],7672,0,0,[]
1,1,"[[7676,10145]]",0,0,[],1,0,[],0,0,0,0,0,[],7676,0,0,[]
2,2,"[[7677,8394],[7677,10930]]",0,0,[],2,0,[],0,0,0,0,0,[],7677,0,0,[]
2,2,"[[7327,7678],[7678,9589]]",0,0,[],2,0,[],0,0,0,0,0,[],7678,0,0,[]
1,1,"[[1026,7679]]",0,0,[],1,0,[],0,0,0,0,0,[],7679,0,0,[]
1,1,"[[7680,9761]]",0,0,[],1,0,[],0,0,0,0,0,[],7680,0,0,[]
1,1,"[[3929,7681]]",0,0,[],1,0,[],0,0,0,0,0,[],7681,0,0,[]
2,2,"[[77,7682],[4244,7682]]",0,0,[],2,0,[],0,0,0,0,0,[],7682,0,0,[]
2,2,"[[4438,7683],[7683,8054]]",0,0,[],2,0,[],0,0,0,0,0,[],7683,0,0,[]
1,1,"[[7684,8578]]",0,0,[],1,0,[],0,0,0,0,0,[],7684,0,0,[]
1,1,"[[7685,9782]]",0,0,[],1,0,[],0,0,0,0,0,[],7685,0,0,[]
1,1,"[[5458,7686]]",0,0,[],1,0,[],0,0,0,0,0,[],7686,0,0,[]
2,2,"[[7687,9239],[7687,11487]]",0,0,[],2,0,[],0,0,0,0,0,[],7687,0,0,[]
1,1,"[[4847,7688]]",0,0,[],1,0,[],0,0,0,0,0,[],7688,0,0,[]
2,2,"[[714,7690],[7690,11213]]",0,0,[],2,0,[],0,0,0,0,0,[],7690,0,0,[]
2,2,"[[5166,7692],[6924,7692]]",0,0,[],2,0,[],0,0,0,0,0,[],7692,0,0,[]
1,1,"[[7364,7693]]",0,0,[],1,0,[],0,0,0,0,0,[],7693,0,0,[]
2,2,"[[4144,7694],[6106,7694]]",0,0,[],2,0,[],0,0,0,0,0,[],7694,0,0,[]
1,1,"[[7695,10944]]",0,0,[],1,0,[],0,0,0,0,0,[],7695,0,0,[]
2,2,"[[3815,7696],[7696,8363]]",0,0,[],2,0,[],0,0,0,0,0,[],7696,0,0,[]
2,2,"[[1443,7697],[7697,8328]]",0,0,[],2,0,[],0,0,0,0,0,[],7697,0,0,[]
1,1,"[[7698,10507]]",0,0,[],1,0,[],0,0,0,0,0,[],7698,0,0,[]
1,1,"[[3160,7699]]",0,0,[],1,0,[],0,0,0,0,0,[],7699,0,0,[]
2,2,"[[4537,7700],[5713,7700]]",0,0,[],2,0,[],0,0,0,0,0,[],7700,0,0,[]
2,2,"[[7701,11910],[7701,12340]]",0,0,[],2,0,[],0,0,0,0,0,[],7701,0,0,[]
1,1,"[[5513,7702]]",0,0,[],1,0,[],0,0,0,0,0,[],7702,0,0,[]
1,1,"[[5383,7703]]",0,0,[],1,0,[],0,0,0,0,0,[],7703,0,0,[]
2,2,"[[7704,10920],[7704,12307]]",0,0,[],2,0,[],0,0,0,0,0,[],7704,0,0,[]
2,2,"[[7705,10795],[7705,11243]]",0,0,[],2,0,[],0,0,0,0,0,[],7705,0,0,[]
2,2,"[[7706,10964],[7706,11326]]",0,0,[],2,0,[],0,0,0,0,0,[],7706,0,0,[]
1,1,"[[7707,11130]]",0,0,[],1,0,[],0,0,0,0,0,[],7707,0,0,[]
1,1,"[[3949,7708]]",0,0,[],1,0,[],0,0,0,0,0,[],7708,0,0,[]
2,2,"[[5141,7709],[7709,8430]]",0,0,[],2,0,[],0,0,0,0,0,[],7709,0,0,[]
1,1,"[[4338,7710]]",0,0,[],1,0,[],0,0,0,0,0,[],7710,0,0,[]
1,1,"[[7711,9822]]",0,0,[],1,0,[],0,0,0,0,0,[],7711,0,0,[]
1,1,"[[7712,12411]]",0,0,[],1,0,[],0,0,0,0,0,[],7712,0,0,[]
1,1,"[[7256,7713]]",0,0,[],1,0,[],0,0,0,0,0,[],7713,0,0,[]
2,2,"[[4071,7714],[5755,7714]]",0,0,[],2,0,[],0,0,0,0,0,[],7714,0,0,[]
2,2,"[[843,7715],[7715,11785]]",0,0,[],2,0,[],0,0,0,0,0,[],7715,0,0,[]
1,1,"[[7224,7717]]",0,0,[],1,0,[],0,0,0,0,0,[],7717,0,0,[]
2,2,"[[646,7718],[7562,7718]]",0,0,[],2,0,[],0,0,0,0,0,[],7718,0,0,[]
1,1,"[[7394,7719]]",0,0,[],1,0,[],0,0,0,0,0,[],7719,0,0,[]
2,2,"[[3532,7720],[7720,11554]]",0,0,[],2,0,[],0,0,0,0,0,[],7720,0,0,[]
1,1,"[[1755,7721]]",0,0,[],1,0,[],0,0,0,0,0,[],7721,0,0,[]
1,1,"[[4422,7722]]",0,0,[],1,0,[],0,0,0,0,0,[],7722,0,0,[]
2,2,"[[6406,7723],[7723,9797]]",0,0,[],2,0,[],0,0,0,0,0,[],7723,0,0,[]
1,1,"[[7724,9309]]",0,0,[],1,0,[],0,0,0,0,0,[],7724,0,0,[]
1,1,"[[7229,7725]]",0,0,[],1,0,[],0,0,0,0,0,[],7725,0,0,[]
2,2,"[[8,7727],[1311,7727]]",0,0,[],2,0,[],0,0,0,0,0,[],7727,0,0,[]
1,1,"[[7728,10974]]",0,0,[],1,0,[],0,0,0,0,0,[],7728,0,0,[]
1,1,"[[6003,7730]]",0,0,[],1,0,[],0,0,0,0,0,[],7730,0,0,[]
2,2,"[[3921,7731],[7731,8486]]",0,0,[],2,0,[],0,0,0,0,0,[],7731,0,0,[]
2,2,"[[4307,7732],[5226,7732]]",0,0,[],2,0,[],0,0,0,0,0,[],7732,0,0,[]
2,2,"[[7733,11009],[7733,11608]]",0,0,[],2,0,[],0,0,0,0,0,[],7733,0,0,[]
2,2,"[[2981,7734],[4142,7734]]",0,0,[],2,0,[],0,0,0,0,0,[],7734,0,0,[]
2,2,"[[1809,7735],[7735,7888]]",0,0,[],2,0,[],0,0,0,0,0,[],7735,0,0,[]
1,1,"[[7736,10729]]",0,0,[],1,0,[],0,0,0,0,0,[],7736,0,0,[]
2,2,"[[7737,11538],[7737,12468]]",0,0,[],2,0,[],0,0,0,0,0,[],7737,0,0,[]
1,1,"[[5728,7738]]",0,0,[],1,0,[],0,0,0,0,0,[],7738,0,0,[]
1,1,"[[5489,7739]]",0,0,[],1,0,[],0,0,0,0,0,[],7739,0,0,[]
2,2,"[[4583,7740],[6340,7740]]",0,0,[],2,0,[],0,0,0,0,0,[],7740,0,0,[]
1,1,"[[234,7741]]",0,0,[],1,0,[],0,0,0,0,0,[],7741,0,0,[]
2,2,"[[7742,12090],[7742,13529]]",0,0,[],2,0,[],0,0,0,0,0,[],7742,0,0,[]
2,2,"[[61,7744],[7744,12127]]",0,0,[],2,0,[],0,0,0,0,0,[],7744,0,0,[]
2,2,"[[7745,8392],[7745,8875]]",0,0,[],2,0,[],0,0,0,0,0,[],7745,0,0,[]
1,1,"[[928,7746]]",0,0,[],1,0,[],0,0,0,0,0,[],7746,0,0,[]
1,1,"[[7747,12499]]",0,0,[],1,0,[],0,0,0,0,0,[],7747,0,0,[]
1,1,"[[7748,10542]]",0,0,[],1,0,[],0,0,0,0,0,[],7748,0,0,[]
1,1,"[[7749,11843]]",0,0,[],1,0,[],0,0,0,0,0,[],7749,0,0,[]
1,1,"[[7750,10286]]",0,0,[],1,0,[],0,0,0,0,0,[],7750,0,0,[]
1,1,"[[7522,7751]]",0,0,[],1,0,[],0,0,0,0,0,[],7751,0,0,[]
1,1,"[[3864,7752]]",0,0,[],1,0,[],0,0,0,0,0,[],7752,0,0,[]
1,1,"[[7753,10746]]",0,0,[],1,0,[],0,0,0,0,0,[],7753,0,0,[]
2,2,"[[4348,7754],[7754,10598]]",0,0,[],2,0,[],0,0,0,0,0,[],7754,0,0,[]
2,2,"[[6848,7755],[7755,7875]]",0,0,[],2,0,[],0,0,0,0,0,[],7755,0,0,[]
1,1,"[[4039,7756]]",0,0,[],1,0,[],0,0,0,0,0,[],7756,0,0,[]
1,1,"[[4750,7757]]",0,0,[],1,0,[],0,0,0,0,0,[],7757,0,0,[]
2,2,"[[2149,7758],[7758,10111]]",0,0,[],2,0,[],0,0,0,0,0,[],7758,0,0,[]
1,1,"[[398,7762]]",0,0,[],1,0,[],0,0,0,0,0,[],7762,0,0,[]
1,1,"[[490,7763]]",0,0,[],1,0,[],0,0,0,0,0,[],7763,0,0,[]
1,1,"[[7764,13276]]",0,0,[],1,0,[],0,0,0,0,0,[],7764,0,0,[]
1,1,"[[7765,10076]]",0,0,[],1,0,[],0,0,0,0,0,[],7765,0,0,[]
1,1,"[[5912,7766]]",0,0,[],1,0,[],0,0,0,0,0,[],7766,0,0,[]
1,1,"[[3782,7767]]",0,0,[],1,0,[],0,0,0,0,0,[],7767,0,0,[]
1,1,"[[2869,7768]]",0,0,[],1,0,[],0,0,0,0,0,[],7768,0,0,[]
1,1,"[[7769,8320]]",0,0,[],1,0,[],0,0,0,0,0,[],7769,0,0,[]
1,1,"[[4397,7771]]",0,0,[],1,0,[],0,0,0,0,0,[],7771,0,0,[]
2,2,"[[1092,7772],[1498,7772]]",0,0,[],2,0,[],0,0,0,0,0,[],7772,0,0,[]
2,2,"[[7492,7773],[7773,9636]]",0,0,[],2,0,[],0,0,0,0,0,[],7773,0,0,[]
1,1,"[[7775,12038]]",0,0,[],1,0,[],0,0,0,0,0,[],7775,0,0,[]
2,2,"[[4891,7776],[7776,10857]]",0,0,[],2,0,[],0,0,0,0,0,[],7776,0,0,[]
2,2,"[[6887,7777],[7777,7996]]",0,0,[],2,0,[],0,0,0,0,0,[],7777,0,0,[]
2,2,"[[4270,7778],[7066,7778]]",0,0,[],2,0,[],0,0,0,0,0,[],7778,0,0,[]
2,2,"[[2784,7780],[3747,7780]]",0,0,[],2,0,[],0,0,0,0,0,[],7780,0,0,[]
1,1,"[[7781,7901]]",0,0,[],1,0,[],0,0,0,0,0,[],7781,0,0,[]
1,1,"[[7259,7782]]",0,0,[],1,0,[],0,0,0,0,0,[],7782,0,0,[]
1,1,"[[7783,11729]]",0,0,[],1,0,[],0,0,0,0,0,[],7783,0,0,[]
1,1,"[[6840,7784]]",0,0,[],1,0,[],0,0,0,0,0,[],7784,0,0,[]
1,1,"[[4809,7785]]",0,0,[],1,0,[],0,0,0,0,0,[],7785,0,0,[]
2,2,"[[7786,12220],[7786,12789]]",0,0,[],2,0,[],0,0,0,0,0,[],7786,0,0,[]
1,1,"[[4063,7787]]",0,0,[],1,0,[],0,0,0,0,0,[],7787,0,0,[]
2,2,"[[4012,7788],[7788,12802]]",0,0,[],2,0,[],0,0,0,0,0,[],7788,0,0,[]
1,1,"[[7713,7789]]",0,0,[],1,0,[],0,0,0,0,0,[],7789,0,0,[]
2,2,"[[6048,7790],[7790,10669]]",0,0,[],2,0,[],0,0,0,0,0,[],7790,0,0,[]
2,2,"[[7791,10199],[7791,12955]]",0,0,[],2,0,[],0,0,0,0,0,[],7791,0,0,[]
2,2,"[[2116,7792],[3318,7792]]",0,0,[],2,0,[],0,0,0,0,0,[],7792,0,0,[]
1,1,"[[1113,7793]]",0,0,[],1,0,[],0,0,0,0,0,[],7793,0,0,[]
2,2,"[[7796,8750],[7796,11372]]",0,0,[],2,0,[],0,0,0,0,0,[],7796,0,0,[]
1,1,"[[7797,9685]]",0,0,[],1,0,[],0,0,0,0,0,[],7797,0,0,[]
1,1,"[[5598,7798]]",0,0,[],1,0,[],0,0,0,0,0,[],7798,0,0,[]
2,2,"[[6258,7799],[7799,9376]]",0,0,[],2,0,[],0,0,0,0,0,[],7799,0,0,[]
1,1,"[[4826,7800]]",0,0,[],1,0,[],0,0,0,0,0,[],7800,0,0,[]
1,1,"[[4438,7801]]",0,0,[],1,0,[],0,0,0,0,0,[],7801,0,0,[]
2,2,"[[3846,7802],[7802,8692]]",0,0,[],2,0,[],0,0,0,0,0,[],7802,0,0,[]
1,1,"[[3421,7803]]",0,0,[],1,0,[],0,0,0,0,0,[],7803,0,0,[]
2,2,"[[737,7804],[5915,7804]]",0,0,[],2,0,[],0,0,0,0,0,[],7804,0,0,[]
2,2,"[[488,7805],[2896,7805]]",0,0,[],2,0,[],0,0,0,0,0,[],7805,0,0,[]
1,1,"[[7806,9287]]",0,0,[],1,0,[],0,0,0,0,0,[],7806,0,0,[]
1,1,"[[6510,7809]]",0,0,[],1,0,[],0,0,0,0,0,[],7809,0,0,[]
2,2,"[[7810,10268],[7810,12159]]",0,0,[],2,0,[],0,0,0,0,0,[],7810,0,0,[]
2,2,"[[7811,8940],[7811,13421]]",0,0,[],2,0,[],0,0,0,0,0,[],7811,0,0,[]
2,2,"[[4697,7812],[7812,10422]]",0,0,[],2,0,[],0,0,0,0,0,[],7812,0,0,[]
2,2,"[[4132,7813],[4783,7813]]",0,0,[],2,0,[],0,0,0,0,0,[],7813,0,0,[]
2,2,"[[3980,7814],[6536,7814]]",0,0,[],2,0,[],0,0,0,0,0,[],7814,0,0,[]
2,2,"[[3404,7815],[7815,11713]]",0,0,[],2,0,[],0,0,0,0,0,[],7815,0,0,[]
1,1,"[[7816,9809]]",0,0,[],1,0,[],0,0,0,0,0,[],7816,0,0,[]
2,2,"[[6339,7817],[7770,7817]]",0,0,[],2,0,[],0,0,0,0,0,[],7817,0,0,[]
1,1,"[[1204,7818]]",0,0,[],1,0,[],0,0,0,0,0,[],7818,0,0,[]
1,1,"[[1773,7819]]",0,0,[],1,0,[],0,0,0,0,0,[],7819,0,0,[]
2,2,"[[3591,7821],[7821,10057]]",0,0,[],2,0,[],0,0,0,0,0,[],7821,0,0,[]
1,1,"[[7822,12498]]",0,0,[],1,0,[],0,0,0,0,0,[],7822,0,0,[]
1,1,"[[7824,11518]]",0,0,[],1,0,[],0,0,0,0,0,[],7824,0,0,[]
1,1,"[[7379,7825]]",0,0,[],1,0,[],0,0,0,0,0,[],7825,0,0,[]
1,1,"[[7827,11371]]",0,0,[],1,0,[],0,0,0,0,0,[],7827,0,0,[]
2,2,"[[3661,7828],[7828,9603]]",0,0,[],2,0,[],0,0,0,0,0,[],7828,0,0,[]
2,2,"[[1262,7829],[6963,7829]]",0,0,[],2,0,[],0,0,0,0,0,[],7829,0,0,[]
1,1,"[[7830,13383]]",0,0,[],1,0,[],0,0,0,0,0,[],7830,0,0,[]
1,1,"[[3672,7831]]",0,0,[],1,0,[],0,0,0,0,0,[],7831,0,0,[]
1,1,"[[768,7832]]",0,0,[],1,0,[],0,0,0,0,0,[],7832,0,0,[]
1,1,"[[779,7833]]",0,0,[],1,0,[],0,0,0,0,0,[],7833,0,0,[]
1,1,"[[3424,7835]]",0,0,[],1,0,[],0,0,0,0,0,[],7835,0,0,[]
2,2,"[[4884,7836],[7836,8056]]",0,0,[],2,0,[],0,0,0,0,0,[],7836,0,0,[]
2,2,"[[7837,9089],[7837,9758]]",0,0,[],2,0,[],0,0,0,0,0,[],7837,0,0,[]
2,2,"[[4009,7838],[7838,9582]]",0,0,[],2,0,[],0,0,0,0,0,[],7838,0,0,[]
1,1,"[[4675,7839]]",0,0,[],1,0,[],0,0,0,0,0,[],7839,0,0,[]
1,1,"[[1289,7841]]",0,0,[],1,0,[],0,0,0,0,0,[],7841,0,0,[]
1,1,"[[2425,7842]]",0,0,[],1,0,[],0,0,0,0,0,[],7842,0,0,[]
1,1,"[[6959,7843]]",0,0,[],1,0,[],0,0,0,0,0,[],7843,0,0,[]
1,1,"[[2328,7844]]",0,0,[],1,0,[],0,0,0,0,0,[],7844,0,0,[]
1,1,"[[5111,7845]]",0,0,[],1,0,[],0,0,0,0,0,[],7845,0,0,[]
1,1,"[[7847,8501]]",0,0,[],1,0,[],0,0,0,0,0,[],7847,0,0,[]
1,1,"[[7848,8508]]",0,0,[],1,0,[],0,0,0,0,0,[],7848,0,0,[]
2,2,"[[7849,8597],[7849,13350]]",0,0,[],2,0,[],0,0,0,0,0,[],7849,0,0,[]
2,2,"[[3806,7850],[7850,8057]]",0,0,[],2,0,[],0,0,0,0,0,[],7850,0,0,[]
2,2,"[[2228,7851],[5185,7851]]",0,0,[],2,0,[],0,0,0,0,0,[],7851,0,0,[]
1,1,"[[915,7852]]",0,0,[],1,0,[],0,0,0,0,0,[],7852,0,0,[]
2,2,"[[3312,7854],[3387,7854]]",0,0,[],2,0,[],0,0,0,0,0,[],7854,0,0,[]
1,1,"[[820,7855]]",0,0,[],1,0,[],0,0,0,0,0,[],7855,0,0,[]
2,2,"[[6686,7857],[7857,10732]]",0,0,[],2,0,[],0,0,0,0,0,[],7857,0,0,[]
1,1,"[[2301,7858]]",0,0,[],1,0,[],0,0,0,0,0,[],7858,0,0,[]
2,2,"[[1424,7859],[7859,8927]]",0,0,[],2,0,[],0,0,0,0,0,[],7859,0,0,[]
2,2,"[[7860,9034],[7860,11011]]",0,0,[],2,0,[],0,0,0,0,0,[],7860,0,0,[]
1,1,"[[2439,7861]]",0,0,[],1,0,[],0,0,0,0,0,[],7861,0,0,[]
1,1,"[[7862,8060]]",0,0,[],1,0,[],0,0,0,0,0,[],7862,0,0,[]
1,1,"[[3178,7863]]",0,0,[],1,0,[],0,0,0,0,0,[],7863,0,0,[]
1,1,"[[4681,7864]]",0,0,[],1,0,[],0,0,0,0,0,[],7864,0,0,[]
2,2,"[[7865,10926],[7865,11362]]",0,0,[],2,0,[],0,0,0,0,0,[],7865,0,0,[]
1,1,"[[7866,8334]]",0,0,[],1,0,[],0,0,0,0,0,[],7866,0,0,[]
1,1,"[[3809,7868]]",0,0,[],1,0,[],0,0,0,0,0,[],7868,0,0,[]
1,1,"[[4543,7869]]",0,0,[],1,0,[],0,0,0,0,0,[],7869,0,0,[]
1,1,"[[4143,7870]]",0,0,[],1,0,[],0,0,0,0,0,[],7870,0,0,[]
2,2,"[[7871,9927],[7871,11161]]",0,0,[],2,0,[],0,0,0,0,0,[],7871,0,0,[]
2,2,"[[7275,7872],[7872,9687]]",0,0,[],2,0,[],0,0,0,0,0,[],7872,0,0,[]
1,1,"[[7874,9151]]",0,0,[],1,0,[],0,0,0,0,0,[],7874,0,0,[]
2,2,"[[7875,8132],[7875,13018]]",0,0,[],2,0,[],0,0,0,0,0,[],7875,0,0,[]
2,2,"[[3940,7876],[7352,7876]]",0,0,[],2,0,[],0,0,0,0,0,[],7876,0,0,[]
1,1,"[[3722,7877]]",0,0,[],1,0,[],0,0,0,0,0,[],7877,0,0,[]
2,2,"[[7878,9169],[7878,9260]]",0,0,[],2,0,[],0,0,0,0,0,[],7878,0,0,[]
1,1,"[[6510,7879]]",0,0,[],1,0,[],0,0,0,0,0,[],7879,0,0,[]
1,1,"[[5431,7880]]",0,0,[],1,0,[],0,0,0,0,0,[],7880,0,0,[]
2,2,"[[933,7881],[6234,7881]]",0,0,[],2,0,[],0,0,0,0,0,[],7881,0,0,[]
1,1,"[[5466,7882]]",0,0,[],1,0,[],0,0,0,0,0,[],7882,0,0,[]
2,2,"[[6740,7883],[7883,11042]]",0,0,[],2,0,[],0,0,0,0,0,[],7883,0,0,[]
2,2,"[[2314,7884],[7846,7884]]",0,0,[],2,0,[],0,0,0,0,0,[],7884,0,0,[]
1,1,"[[7886,8898]]",0,0,[],1,0,[],0,0,0,0,0,[],7886,0,0,[]
1,1,"[[5277,7887]]",0,0,[],1,0,[],0,0,0,0,0,[],7887,0,0,[]
1,1,"[[7888,9033]]",0,0,[],1,0,[],0,0,0,0,0,[],7888,0,0,[]
2,2,"[[3725,7889],[7546,7889]]",0,0,[],2,0,[],0,0,0,0,0,[],7889,0,0,[]
2,2,"[[5110,7890],[6045,7890]]",0,0,[],2,0,[],0,0,0,0,0,[],7890,0,0,[]
2,2,"[[2066,7891],[7891,11930]]",0,0,[],2,0,[],0,0,0,0,0,[],7891,0,0,[]
1,1,"[[7892,11477]]",0,0,[],1,0,[],0,0,0,0,0,[],7892,0,0,[]
2,2,"[[7894,8767],[7894,12912]]",0,0,[],2,0,[],0,0,0,0,0,[],7894,0,0,[]
1,1,"[[7895,11623]]",0,0,[],1,0,[],0,0,0,0,0,[],7895,0,0,[]
1,1,"[[7896,11711]]",0,0,[],1,0,[],0,0,0,0,0,[],7896,0,0,[]
1,1,"[[7897,8563]]",0,0,[],1,0,[],0,0,0,0,0,[],7897,0,0,[]
1,1,"[[5798,7898]]",0,0,[],1,0,[],0,0,0,0,0,[],7898,0,0,[]
2,2,"[[5437,7900],[7900,12302]]",0,0,[],2,0,[],0,0,0,0,0,[],7900,0,0,[]
1,1,"[[7355,7903]]",0,0,[],1,0,[],0,0,0,0,0,[],7903,0,0,[]
1,1,"[[7181,7904]]",0,0,[],1,0,[],0,0,0,0,0,[],7904,0,0,[]
2,2,"[[5726,7905],[7905,9916]]",0,0,[],2,0,[],0,0,0,0,0,[],7905,0,0,[]
2,2,"[[2301,7906],[7906,7994]]",0,0,[],2,0,[],0,0,0,0,0,[],7906,0,0,[]
2,2,"[[7907,10058],[7907,12609]]",0,0,[],2,0,[],0,0,0,0,0,[],7907,0,0,[]
2,2,"[[5470,7908],[5584,7908]]",0,0,[],2,0,[],0,0,0,0,0,[],7908,0,0,[]
2,2,"[[3309,7909],[4013,7909]]",0,0,[],2,0,[],0,0,0,0,0,[],7909,0,0,[]
1,1,"[[6648,7910]]",0,0,[],1,0,[],0,0,0,0,0,[],7910,0,0,[]
2,2,"[[1403,7911],[3231,7911]]",0,0,[],2,0,[],0,0,0,0,0,[],7911,0,0,[]
2,2,"[[6067,7913],[6279,7913]]",0,0,[],2,0,[],0,0,0,0,0,[],7913,0,0,[]
2,2,"[[7914,8717],[7914,10392]]",0,0,[],2,0,[],0,0,0,0,0,[],7914,0,0,[]
1,1,"[[7915,12999]]",0,0,[],1,0,[],0,0,0,0,0,[],7915,0,0,[]
1,1,"[[4639,7916]]",0,0,[],1,0,[],0,0,0,0,0,[],7916,0,0,[]
1,1,"[[3973,7918]]",0,0,[],1,0,[],0,0,0,0,0,[],7918,0,0,[]
2,2,"[[7919,11479],[7919,12884]]",0,0,[],2,0,[],0,0,0,0,0,[],7919,0,0,[]
1,1,"[[5413,7920]]",0,0,[],1,0,[],0,0,0,0,0,[],7920,0,0,[]
1,1,"[[4584,7921]]",0,0,[],1,0,[],0,0,0,0,0,[],7921,0,0,[]
2,2,"[[7922,8592],[7922,10110]]",0,0,[],2,0,[],0,0,0,0,0,[],7922,0,0,[]
2,2,"[[322,7924],[1028,7924]]",0,0,[],2,0,[],0,0,0,0,0,[],7924,0,0,[]
1,1,"[[1948,7926]]",0,0,[],1,0,[],0,0,0,0,0,[],7926,0,0,[]
2,2,"[[7927,9368],[7927,12295]]",0,0,[],2,0,[],0,0,0,0,0,[],7927,0,0,[]
2,2,"[[4493,7928],[6576,7928]]",0,0,[],2,0,[],0,0,0,0,0,[],7928,0,0,[]
1,1,"[[1078,7929]]",0,0,[],1,0,[],0,0,0,0,0,[],7929,0,0,[]
2,2,"[[6036,7930],[7930,8370]]",0,0,[],2,0,[],0,0,0,0,0,[],7930,0,0,[]
1,1,"[[7932,8943]]",0,0,[],1,0,[],0,0,0,0,0,[],7932,0,0,[]
2,2,"[[843,7933],[7933,10208]]",0,0,[],2,0,[],0,0,0,0,0,[],7933,0,0,[]
2,2,"[[3356,7934],[3774,7934]]",0,0,[],2,0,[],0,0,0,0,0,[],7934,0,0,[]
1,1,"[[1644,7935]]",0,0,[],1,0,[],0,0,0,0,0,[],7935,0,0,[]
2,2,"[[4355,7936],[7936,9102]]",0,0,[],2,0,[],0,0,0,0,0,[],7936,0,0,[]
1,1,"[[7937,8856]]",0,0,[],1,0,[],0,0,0,0,0,[],7937,0,0,[]
2,2,"[[7938,9315],[7938,10147]]",0,0,[],2,0,[],0,0,0,0,0,[],7938,0,0,[]
1,1,"[[5912,7939]]",0,0,[],1,0,[],0,0,0,0,0,[],7939,0,0,[]
2,2,"[[3777,7940],[7940,10924]]",0,0,[],2,0,[],0,0,0,0,0,[],7940,0,0,[]
1,1,"[[6889,7942]]",0,0,[],1,0,[],0,0,0,0,0,[],7942,0,0,[]
1,1,"[[7943,8432]]",0,0,[],1,0,[],0,0,0,0,0,[],7943,0,0,[]
1,1,"[[2232,7944]]",0,0,[],1,0,[],0,0,0,0,0,[],7944,0,0,[]
1,1,"[[7848,7945]]",0,0,[],1,0,[],0,0,0,0,0,[],7945,0,0,[]
2,2,"[[7947,12026],[7947,12348]]",0,0,[],2,0,[],0,0,0,0,0,[],7947,0,0,[]
1,1,"[[5906,7948]]",0,0,[],1,0,[],0,0,0,0,0,[],7948,0,0,[]
1,1,"[[7949,8117]]",0,0,[],1,0,[],0,0,0,0,0,[],7949,0,0,[]
2,2,"[[2744,7950],[4345,7950]]",0,0,[],2,0,[],0,0,0,0,0,[],7950,0,0,[]
2,2,"[[6200,7951],[7951,11433]]",0,0,[],2,0,[],0,0,0,0,0,[],7951,0,0,[]
1,1,"[[7496,7952]]",0,0,[],1,0,[],0,0,0,0,0,[],7952,0,0,[]
2,2,"[[7837,7953],[7953,9302]]",0,0,[],2,0,[],0,0,0,0,0,[],7953,0,0,[]
2,2,"[[7954,12678],[7954,13328]]",0,0,[],2,0,[],0,0,0,0,0,[],7954,0,0,[]
1,1,"[[7231,7955]]",0,0,[],1,0,[],0,0,0,0,0,[],7955,0,0,[]
1,1,"[[5128,7956]]",0,0,[],1,0,[],0,0,0,0,0,[],7956,0,0,[]
1,1,"[[7957,9576]]",0,0,[],1,0,[],0,0,0,0,0,[],7957,0,0,[]
1,1,"[[5642,7958]]",0,0,[],1,0,[],0,0,0,0,0,[],7958,0,0,[]
2,2,"[[379,7960],[7960,9792]]",0,0,[],2,0,[],0,0,0,0,0,[],7960,0,0,[]
1,1,"[[6247,7961]]",0,0,[],1,0,[],0,0,0,0,0,[],7961,0,0,[]
1,1,"[[4953,7963]]",0,0,[],1,0,[],0,0,0,0,0,[],7963,0,0,[]
2,2,"[[6389,7964],[7807,7964]]",0,0,[],2,0,[],0,0,0,0,0,[],7964,0,0,[]
1,1,"[[6085,7965]]",0,0,[],1,0,[],0,0,0,0,0,[],7965,0,0,[]
1,1,"[[7901,7967]]",0,0,[],1,0,[],0,0,0,0,0,[],7967,0,0,[]
2,2,"[[30,7968],[7968,12842]]",0,0,[],2,0,[],0,0,0,0,0,[],7968,0,0,[]
2,2,"[[7970,10537],[7970,12285]]",0,0,[],2,0,[],0,0,0,0,0,[],7970,0,0,[]
1,1,"[[7971,11549]]",0,0,[],1,0,[],0,0,0,0,0,[],7971,0,0,[]
2,2,"[[6164,7973],[7973,8156]]",0,0,[],2,0,[],0,0,0,0,0,[],7973,0,0,[]
2,2,"[[7974,12118],[7974,13340]]",0,0,[],2,0,[],0,0,0,0,0,[],7974,0,0,[]
1,1,"[[7975,9230]]",0,0,[],1,0,[],0,0,0,0,0,[],7975,0,0,[]
1,1,"[[7199,7977]]",0,0,[],1,0,[],0,0,0,0,0,[],7977,0,0,[]
1,1,"[[5526,7978]]",0,0,[],1,0,[],0,0,0,0,0,[],7978,0,0,[]
2,2,"[[3696,7979],[7979,13408]]",0,0,[],2,0,[],0,0,0,0,0,[],7979,0,0,[]
1,1,"[[4616,7980]]",0,0,[],1,0,[],0,0,0,0,0,[],7980,0,0,[]
1,1,"[[3600,7981]]",0,0,[],1,0,[],0,0,0,0,0,[],7981,0,0,[]
2,2,"[[1538,7982],[3975,7982]]",0,0,[],2,0,[],0,0,0,0,0,[],7982,0,0,[]
2,2,"[[7983,10386],[7983,13540]]",0,0,[],2,0,[],0,0,0,0,0,[],7983,0,0,[]
1,1,"[[7984,11275]]",0,0,[],1,0,[],0,0,0,0,0,[],7984,0,0,[]
2,2,"[[7985,9392],[7985,11336]]",0,0,[],2,0,[],0,0,0,0,0,[],7985,0,0,[]
2,2,"[[3015,7986],[6026,7986]]",0,0,[],2,0,[],0,0,0,0,0,[],7986,0,0,[]
1,1,"[[3314,7987]]",0,0,[],1,0,[],0,0,0,0,0,[],7987,0,0,[]
2,2,"[[3994,7988],[7952,7988]]",0,0,[],2,0,[],0,0,0,0,0,[],7988,0,0,[]
2,2,"[[1554,7989],[3160,7989]]",0,0,[],2,0,[],0,0,0,0,0,[],7989,0,0,[]
2,2,"[[1432,7990],[7990,11164]]",0,0,[],2,0,[],0,0,0,0,0,[],7990,0,0,[]
2,2,"[[2806,7991],[6755,7991]]",0,0,[],2,0,[],0,0,0,0,0,[],7991,0,0,[]
2,2,"[[7992,9061],[7992,13020]]",0,0,[],2,0,[],0,0,0,0,0,[],7992,0,0,[]
1,1,"[[7162,7994]]",0,0,[],1,0,[],0,0,0,0,0,[],7994,0,0,[]
2,2,"[[2996,7995],[6053,7995]]",0,0,[],2,0,[],0,0,0,0,0,[],7995,0,0,[]
1,1,"[[7170,7996]]",0,0,[],1,0,[],0,0,0,0,0,[],7996,0,0,[]
2,2,"[[3531,7997],[5836,7997]]",0,0,[],2,0,[],0,0,0,0,0,[],7997,0,0,[]
2,2,"[[6428,7998],[7998,8044]]",0,0,[],2,0,[],0,0,0,0,0,[],7998,0,0,[]
2,2,"[[7999,10027],[7999,11587]]",0,0,[],2,0,[],0,0,0,0,0,[],7999,0,0,[]
1,1,"[[2369,8001]]",0,0,[],1,0,[],0,0,0,0,0,[],8001,0,0,[]
1,1,"[[4302,8002]]",0,0,[],1,0,[],0,0,0,0,0,[],8002,0,0,[]
1,1,"[[8003,12635]]",0,0,[],1,0,[],0,0,0,0,0,[],8003,0,0,[]
1,1,"[[4571,8004]]",0,0,[],1,0,[],0,0,0,0,0,[],8004,0,0,[]
2,2,"[[215,8005],[6295,8005]]",0,0,[],2,0,[],0,0,0,0,0,[],8005,0,0,[]
2,2,"[[6919,8006],[8006,8604]]",0,0,[],2,0,[],0,0,0,0,0,[],8006,0,0,[]
1,1,"[[2284,8008]]",0,0,[],1,0,[],0,0,0,0,0,[],8008,0,0,[]
1,1,"[[3023,8012]]",0,0,[],1,0,[],0,0,0,0,0,[],8012,0,0,[]
2,2,"[[3534,8013],[3885,8013]]",0,0,[],2,0,[],0,0,0,0,0,[],8013,0,0,[]
2,2,"[[840,8014],[8014,10691]]",0,0,[],2,0,[],0,0,0,0,0,[],8014,0,0,[]
1,1,"[[6682,8015]]",0,0,[],1,0,[],0,0,0,0,0,[],8015,0,0,[]
1,1,"[[8016,12499]]",0,0,[],1,0,[],0,0,0,0,0,[],8016,0,0,[]
1,1,"[[5598,8019]]",0,0,[],1,0,[],0,0,0,0,0,[],8019,0,0,[]
1,1,"[[8020,9642]]",0,0,[],1,0,[],0,0,0,0,0,[],8020,0,0,[]
2,2,"[[8021,11354],[8021,12406]]",0,0,[],2,0,[],0,0,0,0,0,[],8021,0,0,[]
1,1,"[[8022,8137]]",0,0,[],1,0,[],0,0,0,0,0,[],8022,0,0,[]
2,2,"[[3798,8024],[8024,12937]]",0,0,[],2,0,[],0,0,0,0,0,[],8024,0,0,[]
2,2,"[[7436,8026],[8026,8283]]",0,0,[],2,0,[],0,0,0,0,0,[],8026,0,0,[]
1,1,"[[3978,8027]]",0,0,[],1,0,[],0,0,0,0,0,[],8027,0,0,[]
2,2,"[[5340,8028],[8028,13417]]",0,0,[],2,0,[],0,0,0,0,0,[],8028,0,0,[]
1,1,"[[8029,8488]]",0,0,[],1,0,[],0,0,0,0,0,[],8029,0,0,[]
2,2,"[[8030,8108],[8030,10241]]",0,0,[],2,0,[],0,0,0,0,0,[],8030,0,0,[]
2,2,"[[8031,8678],[8031,12119]]",0,0,[],2,0,[],0,0,0,0,0,[],8031,0,0,[]
1,1,"[[6756,8033]]",0,0,[],1,0,[],0,0,0,0,0,[],8033,0,0,[]
2,2,"[[4703,8034],[8034,10986]]",0,0,[],2,0,[],0,0,0,0,0,[],8034,0,0,[]
2,2,"[[7457,8035],[8035,8818]]",0,0,[],2,0,[],0,0,0,0,0,[],8035,0,0,[]
2,2,"[[6571,8036],[6723,8036]]",0,0,[],2,0,[],0,0,0,0,0,[],8036,0,0,[]
2,2,"[[2170,8037],[6611,8037]]",0,0,[],2,0,[],0,0,0,0,0,[],8037,0,0,[]
2,2,"[[2237,8038],[6570,8038]]",0,0,[],2,0,[],0,0,0,0,0,[],8038,0,0,[]
2,2,"[[5551,8039],[6013,8039]]",0,0,[],2,0,[],0,0,0,0,0,[],8039,0,0,[]
1,1,"[[6697,8040]]",0,0,[],1,0,[],0,0,0,0,0,[],8040,0,0,[]
1,1,"[[6167,8041]]",0,0,[],1,0,[],0,0,0,0,0,[],8041,0,0,[]
1,1,"[[7616,8042]]",0,0,[],1,0,[],0,0,0,0,0,[],8042,0,0,[]
1,1,"[[6428,8044]]",0,0,[],1,0,[],0,0,0,0,0,[],8044,0,0,[]
2,2,"[[5247,8045],[7522,8045]]",0,0,[],2,0,[],0,0,0,0,0,[],8045,0,0,[]
2,2,"[[5933,8046],[6112,8046]]",0,0,[],2,0,[],0,0,0,0,0,[],8046,0,0,[]
2,2,"[[3850,8047],[5926,8047]]",0,0,[],2,0,[],0,0,0,0,0,[],8047,0,0,[]
2,2,"[[1421,8049],[5118,8049]]",0,0,[],2,0,[],0,0,0,0,0,[],8049,0,0,[]
2,2,"[[7027,8050],[8050,8525]]",0,0,[],2,0,[],0,0,0,0,0,[],8050,0,0,[]
2,2,"[[4502,8051],[4788,8051]]",0,0,[],2,0,[],0,0,0,0,0,[],8051,0,0,[]
1,1,"[[2780,8052]]",0,0,[],1,0,[],0,0,0,0,0,[],8052,0,0,[]
1,1,"[[7754,8053]]",0,0,[],1,0,[],0,0,0,0,0,[],8053,0,0,[]
2,2,"[[7061,8054],[8054,9549]]",0,0,[],2,0,[],0,0,0,0,0,[],8054,0,0,[]
1,1,"[[6163,8055]]",0,0,[],1,0,[],0,0,0,0,0,[],8055,0,0,[]
1,1,"[[4717,8056]]",0,0,[],1,0,[],0,0,0,0,0,[],8056,0,0,[]
2,2,"[[8057,9721],[8057,11048]]",0,0,[],2,0,[],0,0,0,0,0,[],8057,0,0,[]
1,1,"[[8058,9644]]",0,0,[],1,0,[],0,0,0,0,0,[],8058,0,0,[]
1,1,"[[5513,8059]]",0,0,[],1,0,[],0,0,0,0,0,[],8059,0,0,[]
1,1,"[[8060,12059]]",0,0,[],1,0,[],0,0,0,0,0,[],8060,0,0,[]
1,1,"[[5519,8061]]",0,0,[],1,0,[],0,0,0,0,0,[],8061,0,0,[]
1,1,"[[7715,8062]]",0,0,[],1,0,[],0,0,0,0,0,[],8062,0,0,[]
1,1,"[[4128,8064]]",0,0,[],1,0,[],0,0,0,0,0,[],8064,0,0,[]
2,2,"[[8065,11912],[8065,12640]]",0,0,[],2,0,[],0,0,0,0,0,[],8065,0,0,[]
1,1,"[[4096,8068]]",0,0,[],1,0,[],0,0,0,0,0,[],8068,0,0,[]
2,2,"[[8069,9266],[8069,10525]]",0,0,[],2,0,[],0,0,0,0,0,[],8069,0,0,[]
2,2,"[[6014,8070],[6816,8070]]",0,0,[],2,0,[],0,0,0,0,0,[],8070,0,0,[]
2,2,"[[8071,10776],[8071,11805]]",0,0,[],2,0,[],0,0,0,0,0,[],8071,0,0,[]
1,1,"[[4245,8072]]",0,0,[],1,0,[],0,0,0,0,0,[],8072,0,0,[]
2,2,"[[6586,8073],[8073,9193]]",0,0,[],2,0,[],0,0,0,0,0,[],8073,0,0,[]
1,1,"[[5446,8074]]",0,0,[],1,0,[],0,0,0,0,0,[],8074,0,0,[]
2,2,"[[1782,8076],[8076,9251]]",0,0,[],2,0,[],0,0,0,0,0,[],8076,0,0,[]
1,1,"[[7488,8077]]",0,0,[],1,0,[],0,0,0,0,0,[],8077,0,0,[]
1,1,"[[5372,8078]]",0,0,[],1,0,[],0,0,0,0,0,[],8078,0,0,[]
1,1,"[[8079,13593]]",0,0,[],1,0,[],0,0,0,0,0,[],8079,0,0,[]
2,2,"[[4538,8080],[8080,12111]]",0,0,[],2,0,[],0,0,0,0,0,[],8080,0,0,[]
2,2,"[[8081,12120],[8081,13168]]",0,0,[],2,0,[],0,0,0,0,0,[],8081,0,0,[]
2,2,"[[1041,8082],[8082,9371]]",0,0,[],2,0,[],0,0,0,0,0,[],8082,0,0,[]
2,2,"[[7976,8083],[8083,9626]]",0,0,[],2,0,[],0,0,0,0,0,[],8083,0,0,[]
1,1,"[[5182,8084]]",0,0,[],1,0,[],0,0,0,0,0,[],8084,0,0,[]
2,2,"[[3655,8085],[7418,8085]]",0,0,[],2,0,[],0,0,0,0,0,[],8085,0,0,[]
1,1,"[[6148,8086]]",0,0,[],1,0,[],0,0,0,0,0,[],8086,0,0,[]
1,1,"[[8087,11161]]",0,0,[],1,0,[],0,0,0,0,0,[],8087,0,0,[]
2,2,"[[2190,8088],[3056,8088]]",0,0,[],2,0,[],0,0,0,0,0,[],8088,0,0,[]
2,2,"[[5805,8089],[8089,8885]]",0,0,[],2,0,[],0,0,0,0,0,[],8089,0,0,[]
1,1,"[[1829,8090]]",0,0,[],1,0,[],0,0,0,0,0,[],8090,0,0,[]
1,1,"[[3651,8091]]",0,0,[],1,0,[],0,0,0,0,0,[],8091,0,0,[]
2,2,"[[4021,8092],[7106,8092]]",0,0,[],2,0,[],0,0,0,0,0,[],8092,0,0,[]
1,1,"[[6662,8093]]",0,0,[],1,0,[],0,0,0,0,0,[],8093,0,0,[]
1,1,"[[3452,8095]]",0,0,[],1,0,[],0,0,0,0,0,[],8095,0,0,[]
1,1,"[[8096,8823]]",0,0,[],1,0,[],0,0,0,0,0,[],8096,0,0,[]
2,2,"[[3077,8097],[7667,8097]]",0,0,[],2,0,[],0,0,0,0,0,[],8097,0,0,[]
1,1,"[[3794,8098]]",0,0,[],1,0,[],0,0,0,0,0,[],8098,0,0,[]
1,1,"[[5667,8099]]",0,0,[],1,0,[],0,0,0,0,0,[],8099,0,0,[]
2,2,"[[3995,8100],[6778,8100]]",0,0,[],2,0,[],0,0,0,0,0,[],8100,0,0,[]
1,1,"[[8102,9257]]",0,0,[],1,0,[],0,0,0,0,0,[],8102,0,0,[]
2,2,"[[4214,8104],[4926,8104]]",0,0,[],2,0,[],0,0,0,0,0,[],8104,0,0,[]
1,1,"[[8105,11184]]",0,0,[],1,0,[],0,0,0,0,0,[],8105,0,0,[]
2,2,"[[5051,8106],[5336,8106]]",0,0,[],2,0,[],0,0,0,0,0,[],8106,0,0,[]
1,1,"[[8107,8932]]",0,0,[],1,0,[],0,0,0,0,0,[],8107,0,0,[]
2,2,"[[7364,8108],[8108,10459]]",0,0,[],2,0,[],0,0,0,0,0,[],8108,0,0,[]
2,2,"[[3116,8110],[8110,9556]]",0,0,[],2,0,[],0,0,0,0,0,[],8110,0,0,[]
2,2,"[[8111,8279],[8111,12765]]",0,0,[],2,0,[],0,0,0,0,0,[],8111,0,0,[]
2,2,"[[6302,8112],[8112,8628]]",0,0,[],2,0,[],0,0,0,0,0,[],8112,0,0,[]
2,2,"[[8113,8988],[8113,9572]]",0,0,[],2,0,[],0,0,0,0,0,[],8113,0,0,[]
2,2,"[[7766,8114],[8114,11163]]",0,0,[],2,0,[],0,0,0,0,0,[],8114,0,0,[]
2,2,"[[8115,9275],[8115,12953]]",0,0,[],2,0,[],0,0,0,0,0,[],8115,0,0,[]
1,1,"[[8116,11169]]",0,0,[],1,0,[],0,0,0,0,0,[],8116,0,0,[]
1,1,"[[561,8117]]",0,0,[],1,0,[],0,0,0,0,0,[],8117,0,0,[]
1,1,"[[5540,8118]]",0,0,[],1,0,[],0,0,0,0,0,[],8118,0,0,[]
2,2,"[[8116,8119],[8119,10042]]",0,0,[],2,0,[],0,0,0,0,0,[],8119,0,0,[]
1,1,"[[5963,8120]]",0,0,[],1,0,[],0,0,0,0,0,[],8120,0,0,[]
1,1,"[[4416,8121]]",0,0,[],1,0,[],0,0,0,0,0,[],8121,0,0,[]
1,1,"[[8122,8962]]",0,0,[],1,0,[],0,0,0,0,0,[],8122,0,0,[]
1,1,"[[2542,8123]]",0,0,[],1,0,[],0,0,0,0,0,[],8123,0,0,[]
2,2,"[[5552,8124],[8124,10219]]",0,0,[],2,0,[],0,0,0,0,0,[],8124,0,0,[]
1,1,"[[1713,8126]]",0,0,[],1,0,[],0,0,0,0,0,[],8126,0,0,[]
1,1,"[[4249,8127]]",0,0,[],1,0,[],0,0,0,0,0,[],8127,0,0,[]
1,1,"[[8128,8735]]",0,0,[],1,0,[],0,0,0,0,0,[],8128,0,0,[]
2,2,"[[3254,8129],[7501,8129]]",0,0,[],2,0,[],0,0,0,0,0,[],8129,0,0,[]
2,2,"[[5380,8130],[8130,9402]]",0,0,[],2,0,[],0,0,0,0,0,[],8130,0,0,[]
1,1,"[[8131,10873]]",0,0,[],1,0,[],0,0,0,0,0,[],8131,0,0,[]
1,1,"[[102,8132]]",0,0,[],1,0,[],0,0,0,0,0,[],8132,0,0,[]
2,2,"[[3681,8133],[8133,9116]]",0,0,[],2,0,[],0,0,0,0,0,[],8133,0,0,[]
2,2,"[[6087,8135],[6301,8135]]",0,0,[],2,0,[],0,0,0,0,0,[],8135,0,0,[]
2,2,"[[6077,8136],[8136,11328]]",0,0,[],2,0,[],0,0,0,0,0,[],8136,0,0,[]
1,1,"[[1410,8137]]",0,0,[],1,0,[],0,0,0,0,0,[],8137,0,0,[]
2,2,"[[255,8138],[5649,8138]]",0,0,[],2,0,[],0,0,0,0,0,[],8138,0,0,[]
2,2,"[[4904,8139],[8139,13005]]",0,0,[],2,0,[],0,0,0,0,0,[],8139,0,0,[]
1,1,"[[8140,8606]]",0,0,[],1,0,[],0,0,0,0,0,[],8140,0,0,[]
2,2,"[[1157,8141],[1710,8141]]",0,0,[],2,0,[],0,0,0,0,0,[],8141,0,0,[]
1,1,"[[3206,8142]]",0,0,[],1,0,[],0,0,0,0,0,[],8142,0,0,[]
1,1,"[[973,8143]]",0,0,[],1,0,[],0,0,0,0,0,[],8143,0,0,[]
1,1,"[[8145,10234]]",0,0,[],1,0,[],0,0,0,0,0,[],8145,0,0,[]
2,2,"[[632,8146],[1960,8146]]",0,0,[],2,0,[],0,0,0,0,0,[],8146,0,0,[]
2,2,"[[738,8147],[3133,8147]]",0,0,[],2,0,[],0,0,0,0,0,[],8147,0,0,[]
1,1,"[[4803,8148]]",0,0,[],1,0,[],0,0,0,0,0,[],8148,0,0,[]
2,2,"[[8149,9372],[8149,10087]]",0,0,[],2,0,[],0,0,0,0,0,[],8149,0,0,[]
1,1,"[[8151,8569]]",0,0,[],1,0,[],0,0,0,0,0,[],8151,0,0,[]
2,2,"[[6463,8152],[8152,10008]]",0,0,[],2,0,[],0,0,0,0,0,[],8152,0,0,[]
2,2,"[[2690,8153],[8153,11778]]",0,0,[],2,0,[],0,0,0,0,0,[],8153,0,0,[]
2,2,"[[2629,8154],[4481,8154]]",0,0,[],2,0,[],0,0,0,0,0,[],8154,0,0,[]
2,2,"[[3661,8156],[5053,8156]]",0,0,[],2,0,[],0,0,0,0,0,[],8156,0,0,[]
2,2,"[[5758,8157],[7901,8157]]",0,0,[],2,0,[],0,0,0,0,0,[],8157,0,0,[]
2,2,"[[4925,8158],[8158,11994]]",0,0,[],2,0,[],0,0,0,0,0,[],8158,0,0,[]
2,2,"[[8159,10208],[8159,13192]]",0,0,[],2,0,[],0,0,0,0,0,[],8159,0,0,[]
1,1,"[[8160,12573]]",0,0,[],1,0,[],0,0,0,0,0,[],8160,0,0,[]
2,2,"[[3861,8161],[5282,8161]]",0,0,[],2,0,[],0,0,0,0,0,[],8161,0,0,[]
1,1,"[[1670,8162]]",0,0,[],1,0,[],0,0,0,0,0,[],8162,0,0,[]
2,2,"[[7308,8163],[8163,9675]]",0,0,[],2,0,[],0,0,0,0,0,[],8163,0,0,[]
1,1,"[[8164,12655]]",0,0,[],1,0,[],0,0,0,0,0,[],8164,0,0,[]
1,1,"[[8165,12535]]",0,0,[],1,0,[],0,0,0,0,0,[],8165,0,0,[]
1,1,"[[2591,8166]]",0,0,[],1,0,[],0,0,0,0,0,[],8166,0,0,[]
2,2,"[[4387,8167],[8167,11183]]",0,0,[],2,0,[],0,0,0,0,0,[],8167,0,0,[]
1,1,"[[4593,8168]]",0,0,[],1,0,[],0,0,0,0,0,[],8168,0,0,[]
1,1,"[[8169,10042]]",0,0,[],1,0,[],0,0,0,0,0,[],8169,0,0,[]
1,1,"[[3763,8170]]",0,0,[],1,0,[],0,0,0,0,0,[],8170,0,0,[]
2,2,"[[7542,8171],[7886,8171]]",0,0,[],2,0,[],0,0,0,0,0,[],8171,0,0,[]
1,1,"[[8172,12341]]",0,0,[],1,0,[],0,0,0,0,0,[],8172,0,0,[]
2,2,"[[4000,8173],[8116,8173]]",0,0,[],2,0,[],0,0,0,0,0,[],8173,0,0,[]
1,1,"[[7833,8174]]",0,0,[],1,0,[],0,0,0,0,0,[],8174,0,0,[]
1,1,"[[4541,8175]]",0,0,[],1,0,[],0,0,0,0,0,[],8175,0,0,[]
1,1,"[[6551,8176]]",0,0,[],1,0,[],0,0,0,0,0,[],8176,0,0,[]
2,2,"[[7896,8178],[8178,12060]]",0,0,[],2,0,[],0,0,0,0,0,[],8178,0,0,[]
2,2,"[[7557,8180],[8180,13198]]",0,0,[],2,0,[],0,0,0,0,0,[],8180,0,0,[]
1,1,"[[2911,8181]]",0,0,[],1,0,[],0,0,0,0,0,[],8181,0,0,[]
2,2,"[[3172,8182],[8182,9610]]",0,0,[],2,0,[],0,0,0,0,0,[],8182,0,0,[]
2,2,"[[1750,8183],[6287,8183]]",0,0,[],2,0,[],0,0,0,0,0,[],8183,0,0,[]
2,2,"[[4515,8184],[5967,8184]]",0,0,[],2,0,[],0,0,0,0,0,[],8184,0,0,[]
2,2,"[[5931,8185],[8185,9408]]",0,0,[],2,0,[],0,0,0,0,0,[],8185,0,0,[]
1,1,"[[8187,10998]]",0,0,[],1,0,[],0,0,0,0,0,[],8187,0,0,[]
1,1,"[[6341,8188]]",0,0,[],1,0,[],0,0,0,0,0,[],8188,0,0,[]
1,1,"[[8189,12150]]",0,0,[],1,0,[],0,0,0,0,0,[],8189,0,0,[]
2,2,"[[8190,8886],[8190,9632]]",0,0,[],2,0,[],0,0,0,0,0,[],8190,0,0,[]
2,2,"[[3039,8191],[4272,8191]]",0,0,[],2,0,[],0,0,0,0,0,[],8191,0,0,[]
2,2,"[[3076,8192],[7522,8192]]",0,0,[],2,0,[],0,0,0,0,0,[],8192,0,0,[]
1,1,"[[8193,8196]]",0,0,[],1,0,[],0,0,0,0,0,[],8193,0,0,[]
1,1,"[[5317,8194]]",0,0,[],1,0,[],0,0,0,0,0,[],8194,0,0,[]
2,2,"[[3344,8195],[3901,8195]]",0,0,[],2,0,[],0,0,0,0,0,[],8195,0,0,[]
1,1,"[[2714,8196]]",0,0,[],1,0,[],0,0,0,0,0,[],8196,0,0,[]
2,2,"[[3534,8197],[6716,8197]]",0,0,[],2,0,[],0,0,0,0,0,[],8197,0,0,[]
2,2,"[[8198,8453],[8198,11653]]",0,0,[],2,0,[],0,0,0,0,0,[],8198,0,0,[]
1,1,"[[7873,8199]]",0,0,[],1,0,[],0,0,0,0,0,[],8199,0,0,[]
2,2,"[[8201,8676],[8201,9535]]",0,0,[],2,0,[],0,0,0,0,0,[],8201,0,0,[]
1,1,"[[6152,8202]]",0,0,[],1,0,[],0,0,0,0,0,[],8202,0,0,[]
1,1,"[[4031,8203]]",0,0,[],1,0,[],0,0,0,0,0,[],8203,0,0,[]
2,2,"[[81,8204],[3608,8204]]",0,0,[],2,0,[],0,0,0,0,0,[],8204,0,0,[]
2,2,"[[8205,8884],[8205,11372]]",0,0,[],2,0,[],0,0,0,0,0,[],8205,0,0,[]
1,1,"[[8206,10420]]",0,0,[],1,0,[],0,0,0,0,0,[],8206,0,0,[]
2,2,"[[1626,8207],[2846,8207]]",0,0,[],2,0,[],0,0,0,0,0,[],8207,0,0,[]
2,2,"[[8208,10412],[8208,12976]]",0,0,[],2,0,[],0,0,0,0,0,[],8208,0,0,[]
1,1,"[[6894,8209]]",0,0,[],1,0,[],0,0,0,0,0,[],8209,0,0,[]
1,1,"[[8210,8310]]",0,0,[],1,0,[],0,0,0,0,0,[],8210,0,0,[]
2,2,"[[8211,11516],[8211,12395]]",0,0,[],2,0,[],0,0,0,0,0,[],8211,0,0,[]
1,1,"[[8212,11113]]",0,0,[],1,0,[],0,0,0,0,0,[],8212,0,0,[]
1,1,"[[4427,8214]]",0,0,[],1,0,[],0,0,0,0,0,[],8214,0,0,[]
1,1,"[[2597,8215]]",0,0,[],1,0,[],0,0,0,0,0,[],8215,0,0,[]
1,1,"[[4933,8216]]",0,0,[],1,0,[],0,0,0,0,0,[],8216,0,0,[]
1,1,"[[5974,8218]]",0,0,[],1,0,[],0,0,0,0,0,[],8218,0,0,[]
2,2,"[[8015,8219],[8219,10572]]",0,0,[],2,0,[],0,0,0,0,0,[],8219,0,0,[]
2,2,"[[8017,8220],[8220,10622]]",0,0,[],2,0,[],0,0,0,0,0,[],8220,0,0,[]
2,2,"[[4230,8222],[7015,8222]]",0,0,[],2,0,[],0,0,0,0,0,[],8222,0,0,[]
1,1,"[[4048,8223]]",0,0,[],1,0,[],0,0,0,0,0,[],8223,0,0,[]
2,2,"[[7683,8224],[8224,11266]]",0,0,[],2,0,[],0,0,0,0,0,[],8224,0,0,[]
2,2,"[[6702,8225],[8225,9188]]",0,0,[],2,0,[],0,0,0,0,0,[],8225,0,0,[]
2,2,"[[6735,8226],[8226,11862]]",0,0,[],2,0,[],0,0,0,0,0,[],8226,0,0,[]
1,1,"[[7257,8227]]",0,0,[],1,0,[],0,0,0,0,0,[],8227,0,0,[]
2,2,"[[4442,8228],[8228,10600]]",0,0,[],2,0,[],0,0,0,0,0,[],8228,0,0,[]
2,2,"[[2749,8229],[8229,8315]]",0,0,[],2,0,[],0,0,0,0,0,[],8229,0,0,[]
1,1,"[[8230,12713]]",0,0,[],1,0,[],0,0,0,0,0,[],8230,0,0,[]
1,1,"[[8231,10991]]",0,0,[],1,0,[],0,0,0,0,0,[],8231,0,0,[]
2,2,"[[4051,8232],[5965,8232]]",0,0,[],2,0,[],0,0,0,0,0,[],8232,0,0,[]
2,2,"[[6266,8233],[7931,8233]]",0,0,[],2,0,[],0,0,0,0,0,[],8233,0,0,[]
1,1,"[[3938,8234]]",0,0,[],1,0,[],0,0,0,0,0,[],8234,0,0,[]
1,1,"[[8235,11204]]",0,0,[],1,0,[],0,0,0,0,0,[],8235,0,0,[]
2,2,"[[1142,8237],[4254,8237]]",0,0,[],2,0,[],0,0,0,0,0,[],8237,0,0,[]
1,1,"[[5470,8238]]",0,0,[],1,0,[],0,0,0,0,0,[],8238,0,0,[]
2,2,"[[2668,8239],[8239,12566]]",0,0,[],2,0,[],0,0,0,0,0,[],8239,0,0,[]
2,2,"[[8136,8240],[8240,11435]]",0,0,[],2,0,[],0,0,0,0,0,[],8240,0,0,[]
2,2,"[[3034,8241],[7386,8241]]",0,0,[],2,0,[],0,0,0,0,0,[],8241,0,0,[]
1,1,"[[8242,10743]]",0,0,[],1,0,[],0,0,0,0,0,[],8242,0,0,[]
2,2,"[[2908,8245],[7244,8245]]",0,0,[],2,0,[],0,0,0,0,0,[],8245,0,0,[]
1,1,"[[8246,11407]]",0,0,[],1,0,[],0,0,0,0,0,[],8246,0,0,[]
2,2,"[[7680,8247],[8247,11344]]",0,0,[],2,0,[],0,0,0,0,0,[],8247,0,0,[]
2,2,"[[8248,8257],[8248,11603]]",0,0,[],2,0,[],0,0,0,0,0,[],8248,0,0,[]
1,1,"[[6168,8249]]",0,0,[],1,0,[],0,0,0,0,0,[],8249,0,0,[]
2,2,"[[3852,8250],[8250,9685]]",0,0,[],2,0,[],0,0,0,0,0,[],8250,0,0,[]
1,1,"[[8251,12452]]",0,0,[],1,0,[],0,0,0,0,0,[],8251,0,0,[]
1,1,"[[8253,9447]]",0,0,[],1,0,[],0,0,0,0,0,[],8253,0,0,[]
2,2,"[[8255,8598],[8255,10526]]",0,0,[],2,0,[],0,0,0,0,0,[],8255,0,0,[]
1,1,"[[8256,9359]]",0,0,[],1,0,[],0,0,0,0,0,[],8256,0,0,[]
1,1,"[[8257,12331]]",0,0,[],1,0,[],0,0,0,0,0,[],8257,0,0,[]
2,2,"[[6752,8258],[8258,12120]]",0,0,[],2,0,[],0,0,0,0,0,[],8258,0,0,[]
2,2,"[[5707,8259],[8259,10100]]",0,0,[],2,0,[],0,0,0,0,0,[],8259,0,0,[]
1,1,"[[3485,8260]]",0,0,[],1,0,[],0,0,0,0,0,[],8260,0,0,[]
1,1,"[[8261,11163]]",0,0,[],1,0,[],0,0,0,0,0,[],8261,0,0,[]
2,2,"[[8262,8846],[8262,9138]]",0,0,[],2,0,[],0,0,0,0,0,[],8262,0,0,[]
1,1,"[[5268,8263]]",0,0,[],1,0,[],0,0,0,0,0,[],8263,0,0,[]
1,1,"[[2191,8264]]",0,0,[],1,0,[],0,0,0,0,0,[],8264,0,0,[]
2,2,"[[6247,8265],[8265,12802]]",0,0,[],2,0,[],0,0,0,0,0,[],8265,0,0,[]
2,2,"[[6478,8266],[8266,8378]]",0,0,[],2,0,[],0,0,0,0,0,[],8266,0,0,[]
2,2,"[[3320,8267],[5098,8267]]",0,0,[],2,0,[],0,0,0,0,0,[],8267,0,0,[]
1,1,"[[8268,11175]]",0,0,[],1,0,[],0,0,0,0,0,[],8268,0,0,[]
2,2,"[[4817,8269],[8269,8689]]",0,0,[],2,0,[],0,0,0,0,0,[],8269,0,0,[]
2,2,"[[5862,8270],[8270,8518]]",0,0,[],2,0,[],0,0,0,0,0,[],8270,0,0,[]
2,2,"[[4312,8271],[6849,8271]]",0,0,[],2,0,[],0,0,0,0,0,[],8271,0,0,[]
2,2,"[[6759,8272],[7056,8272]]",0,0,[],2,0,[],0,0,0,0,0,[],8272,0,0,[]
2,2,"[[6800,8273],[8273,9696]]",0,0,[],2,0,[],0,0,0,0,0,[],8273,0,0,[]
1,1,"[[2043,8275]]",0,0,[],1,0,[],0,0,0,0,0,[],8275,0,0,[]
1,1,"[[8276,9465]]",0,0,[],1,0,[],0,0,0,0,0,[],8276,0,0,[]
1,1,"[[353,8277]]",0,0,[],1,0,[],0,0,0,0,0,[],8277,0,0,[]
2,2,"[[5534,8278],[6826,8278]]",0,0,[],2,0,[],0,0,0,0,0,[],8278,0,0,[]
2,2,"[[8279,10617],[8279,13092]]",0,0,[],2,0,[],0,0,0,0,0,[],8279,0,0,[]
2,2,"[[8092,8280],[8280,8715]]",0,0,[],2,0,[],0,0,0,0,0,[],8280,0,0,[]
2,2,"[[8284,11276],[8284,12331]]",0,0,[],2,0,[],0,0,0,0,0,[],8284,0,0,[]
1,1,"[[7826,8285]]",0,0,[],1,0,[],0,0,0,0,0,[],8285,0,0,[]
1,1,"[[1588,8286]]",0,0,[],1,0,[],0,0,0,0,0,[],8286,0,0,[]
1,1,"[[3803,8287]]",0,0,[],1,0,[],0,0,0,0,0,[],8287,0,0,[]
2,2,"[[300,8288],[8288,10646]]",0,0,[],2,0,[],0,0,0,0,0,[],8288,0,0,[]
2,2,"[[3287,8289],[6319,8289]]",0,0,[],2,0,[],0,0,0,0,0,[],8289,0,0,[]
2,2,"[[6015,8290],[8290,12722]]",0,0,[],2,0,[],0,0,0,0,0,[],8290,0,0,[]
2,2,"[[788,8291],[8291,8902]]",0,0,[],2,0,[],0,0,0,0,0,[],8291,0,0,[]
1,1,"[[8292,12769]]",0,0,[],1,0,[],0,0,0,0,0,[],8292,0,0,[]
2,2,"[[3069,8293],[7692,8293]]",0,0,[],2,0,[],0,0,0,0,0,[],8293,0,0,[]
1,1,"[[8294,10027]]",0,0,[],1,0,[],0,0,0,0,0,[],8294,0,0,[]
2,2,"[[7454,8295],[7548,8295]]",0,0,[],2,0,[],0,0,0,0,0,[],8295,0,0,[]
1,1,"[[7012,8296]]",0,0,[],1,0,[],0,0,0,0,0,[],8296,0,0,[]
2,2,"[[3877,8297],[6275,8297]]",0,0,[],2,0,[],0,0,0,0,0,[],8297,0,0,[]
2,2,"[[3687,8298],[3869,8298]]",0,0,[],2,0,[],0,0,0,0,0,[],8298,0,0,[]
1,1,"[[2909,8299]]",0,0,[],1,0,[],0,0,0,0,0,[],8299,0,0,[]
1,1,"[[2359,8300]]",0,0,[],1,0,[],0,0,0,0,0,[],8300,0,0,[]
2,2,"[[8301,9629],[8301,10514]]",0,0,[],2,0,[],0,0,0,0,0,[],8301,0,0,[]
1,1,"[[6375,8302]]",0,0,[],1,0,[],0,0,0,0,0,[],8302,0,0,[]
1,1,"[[8303,10296]]",0,0,[],1,0,[],0,0,0,0,0,[],8303,0,0,[]
2,2,"[[8304,12293],[8304,13189]]",0,0,[],2,0,[],0,0,0,0,0,[],8304,0,0,[]
2,2,"[[7343,8305],[7845,8305]]",0,0,[],2,0,[],0,0,0,0,0,[],8305,0,0,[]
2,2,"[[8306,9446],[8306,10692]]",0,0,[],2,0,[],0,0,0,0,0,[],8306,0,0,[]
2,2,"[[3546,8307],[7213,8307]]",0,0,[],2,0,[],0,0,0,0,0,[],8307,0,0,[]
1,1,"[[8308,8712]]",0,0,[],1,0,[],0,0,0,0,0,[],8308,0,0,[]
2,2,"[[3697,8309],[5172,8309]]",0,0,[],2,0,[],0,0,0,0,0,[],8309,0,0,[]
1,1,"[[714,8310]]",0,0,[],1,0,[],0,0,0,0,0,[],8310,0,0,[]
2,2,"[[8243,8311],[8311,10131]]",0,0,[],2,0,[],0,0,0,0,0,[],8311,0,0,[]
1,1,"[[5530,8312]]",0,0,[],1,0,[],0,0,0,0,0,[],8312,0,0,[]
2,2,"[[8313,10435],[8313,10819]]",0,0,[],2,0,[],0,0,0,0,0,[],8313,0,0,[]
1,1,"[[8314,9380]]",0,0,[],1,0,[],0,0,0,0,0,[],8314,0,0,[]
1,1,"[[8315,12272]]",0,0,[],1,0,[],0,0,0,0,0,[],8315,0,0,[]
2,2,"[[8316,12315],[8316,12854]]",0,0,[],2,0,[],0,0,0,0,0,[],8316,0,0,[]
2,2,"[[3949,8317],[4676,8317]]",0,0,[],2,0,[],0,0,0,0,0,[],8317,0,0,[]
2,2,"[[1511,8318],[4554,8318]]",0,0,[],2,0,[],0,0,0,0,0,[],8318,0,0,[]
2,2,"[[7838,8319],[8319,11300]]",0,0,[],2,0,[],0,0,0,0,0,[],8319,0,0,[]
2,2,"[[5868,8320],[8320,9484]]",0,0,[],2,0,[],0,0,0,0,0,[],8320,0,0,[]
2,2,"[[8246,8321],[8321,11648]]",0,0,[],2,0,[],0,0,0,0,0,[],8321,0,0,[]
2,2,"[[5942,8322],[8322,10089]]",0,0,[],2,0,[],0,0,0,0,0,[],8322,0,0,[]
2,2,"[[7612,8323],[8323,13033]]",0,0,[],2,0,[],0,0,0,0,0,[],8323,0,0,[]
1,1,"[[6883,8324]]",0,0,[],1,0,[],0,0,0,0,0,[],8324,0,0,[]
1,1,"[[1844,8325]]",0,0,[],1,0,[],0,0,0,0,0,[],8325,0,0,[]
2,2,"[[4024,8326],[8326,10716]]",0,0,[],2,0,[],0,0,0,0,0,[],8326,0,0,[]
1,1,"[[400,8327]]",0,0,[],1,0,[],0,0,0,0,0,[],8327,0,0,[]
1,1,"[[8258,8328]]",0,0,[],1,0,[],0,0,0,0,0,[],8328,0,0,[]
2,2,"[[2344,8329],[7126,8329]]",0,0,[],2,0,[],0,0,0,0,0,[],8329,0,0,[]
1,1,"[[6981,8330]]",0,0,[],1,0,[],0,0,0,0,0,[],8330,0,0,[]
1,1,"[[2348,8331]]",0,0,[],1,0,[],0,0,0,0,0,[],8331,0,0,[]
2,2,"[[5639,8332],[6900,8332]]",0,0,[],2,0,[],0,0,0,0,0,[],8332,0,0,[]
2,2,"[[3969,8333],[8333,11534]]",0,0,[],2,0,[],0,0,0,0,0,[],8333,0,0,[]
2,2,"[[4267,8334],[8334,9492]]",0,0,[],2,0,[],0,0,0,0,0,[],8334,0,0,[]
1,1,"[[4615,8335]]",0,0,[],1,0,[],0,0,0,0,0,[],8335,0,0,[]
1,1,"[[3794,8336]]",0,0,[],1,0,[],0,0,0,0,0,[],8336,0,0,[]
1,1,"[[5309,8337]]",0,0,[],1,0,[],0,0,0,0,0,[],8337,0,0,[]
2,2,"[[4850,8339],[8339,12203]]",0,0,[],2,0,[],0,0,0,0,0,[],8339,0,0,[]
1,1,"[[8340,10218]]",0,0,[],1,0,[],0,0,0,0,0,[],8340,0,0,[]
1,1,"[[8341,10031]]",0,0,[],1,0,[],0,0,0,0,0,[],8341,0,0,[]
1,1,"[[3731,8342]]",0,0,[],1,0,[],0,0,0,0,0,[],8342,0,0,[]
2,2,"[[8343,12125],[8343,12433]]",0,0,[],2,0,[],0,0,0,0,0,[],8343,0,0,[]
1,1,"[[8345,9250]]",0,0,[],1,0,[],0,0,0,0,0,[],8345,0,0,[]
2,2,"[[7076,8346],[8346,12198]]",0,0,[],2,0,[],0,0,0,0,0,[],8346,0,0,[]
1,1,"[[6933,8348]]",0,0,[],1,0,[],0,0,0,0,0,[],8348,0,0,[]
1,1,"[[2668,8350]]",0,0,[],1,0,[],0,0,0,0,0,[],8350,0,0,[]
2,2,"[[7364,8351],[8351,12062]]",0,0,[],2,0,[],0,0,0,0,0,[],8351,0,0,[]
1,1,"[[3834,8352]]",0,0,[],1,0,[],0,0,0,0,0,[],8352,0,0,[]
2,2,"[[4520,8353],[8353,10366]]",0,0,[],2,0,[],0,0,0,0,0,[],8353,0,0,[]
2,2,"[[8354,9246],[8354,11653]]",0,0,[],2,0,[],0,0,0,0,0,[],8354,0,0,[]
2,2,"[[7,8355],[4584,8355]]",0,0,[],2,0,[],0,0,0,0,0,[],8355,0,0,[]
2,2,"[[1532,8356],[8356,11276]]",0,0,[],2,0,[],0,0,0,0,0,[],8356,0,0,[]
2,2,"[[8357,10503],[8357,11249]]",0,0,[],2,0,[],0,0,0,0,0,[],8357,0,0,[]
1,1,"[[5640,8358]]",0,0,[],1,0,[],0,0,0,0,0,[],8358,0,0,[]
2,2,"[[4110,8359],[8359,8685]]",0,0,[],2,0,[],0,0,0,0,0,[],8359,0,0,[]
1,1,"[[8360,11892]]",0,0,[],1,0,[],0,0,0,0,0,[],8360,0,0,[]
2,2,"[[5847,8361],[6222,8361]]",0,0,[],2,0,[],0,0,0,0,0,[],8361,0,0,[]
2,2,"[[8362,9595],[8362,10418]]",0,0,[],2,0,[],0,0,0,0,0,[],8362,0,0,[]
1,1,"[[7108,8363]]",0,0,[],1,0,[],0,0,0,0,0,[],8363,0,0,[]
2,2,"[[8364,8407],[8364,12304]]",0,0,[],2,0,[],0,0,0,0,0,[],8364,0,0,[]
1,1,"[[3223,8365]]",0,0,[],1,0,[],0,0,0,0,0,[],8365,0,0,[]
2,2,"[[8366,12243],[8366,13673]]",0,0,[],2,0,[],0,0,0,0,0,[],8366,0,0,[]
2,2,"[[8367,9408],[8367,9953]]",0,0,[],2,0,[],0,0,0,0,0,[],8367,0,0,[]
1,1,"[[8368,11222]]",0,0,[],1,0,[],0,0,0,0,0,[],8368,0,0,[]
2,2,"[[1519,8369],[4774,8369]]",0,0,[],2,0,[],0,0,0,0,0,[],8369,0,0,[]
1,1,"[[8371,11955]]",0,0,[],1,0,[],0,0,0,0,0,[],8371,0,0,[]
2,2,"[[3449,8372],[4447,8372]]",0,0,[],2,0,[],0,0,0,0,0,[],8372,0,0,[]
2,2,"[[2214,8373],[8373,12998]]",0,0,[],2,0,[],0,0,0,0,0,[],8373,0,0,[]
2,2,"[[8374,9385],[8374,12458]]",0,0,[],2,0,[],0,0,0,0,0,[],8374,0,0,[]
1,1,"[[8375,11653]]",0,0,[],1,0,[],0,0,0,0,0,[],8375,0,0,[]
2,2,"[[3760,8376],[5461,8376]]",0,0,[],2,0,[],0,0,0,0,0,[],8376,0,0,[]
2,2,"[[3701,8377],[8377,9814]]",0,0,[],2,0,[],0,0,0,0,0,[],8377,0,0,[]
2,2,"[[6714,8378],[8378,9703]]",0,0,[],2,0,[],0,0,0,0,0,[],8378,0,0,[]
1,1,"[[7341,8379]]",0,0,[],1,0,[],0,0,0,0,0,[],8379,0,0,[]
1,1,"[[8380,13642]]",0,0,[],1,0,[],0,0,0,0,0,[],8380,0,0,[]
1,1,"[[8382,8739]]",0,0,[],1,0,[],0,0,0,0,0,[],8382,0,0,[]
1,1,"[[8383,10607]]",0,0,[],1,0,[],0,0,0,0,0,[],8383,0,0,[]
2,2,"[[5366,8384],[5484,8384]]",0,0,[],2,0,[],0,0,0,0,0,[],8384,0,0,[]
2,2,"[[4704,8386],[8101,8386]]",0,0,[],2,0,[],0,0,0,0,0,[],8386,0,0,[]
1,1,"[[8387,10253]]",0,0,[],1,0,[],0,0,0,0,0,[],8387,0,0,[]
1,1,"[[8388,9974]]",0,0,[],1,0,[],0,0,0,0,0,[],8388,0,0,[]
2,2,"[[5090,8389],[8389,10006]]",0,0,[],2,0,[],0,0,0,0,0,[],8389,0,0,[]
1,1,"[[5048,8390]]",0,0,[],1,0,[],0,0,0,0,0,[],8390,0,0,[]
1,1,"[[8025,8391]]",0,0,[],1,0,[],0,0,0,0,0,[],8391,0,0,[]
2,2,"[[843,8392],[8392,8408]]",0,0,[],2,0,[],0,0,0,0,0,[],8392,0,0,[]
1,1,"[[8344,8393]]",0,0,[],1,0,[],0,0,0,0,0,[],8393,0,0,[]
2,2,"[[6504,8394],[8394,11725]]",0,0,[],2,0,[],0,0,0,0,0,[],8394,0,0,[]
2,2,"[[3757,8395],[8359,8395]]",0,0,[],2,0,[],0,0,0,0,0,[],8395,0,0,[]
1,1,"[[5008,8396]]",0,0,[],1,0,[],0,0,0,0,0,[],8396,0,0,[]
2,2,"[[936,8397],[4353,8397]]",0,0,[],2,0,[],0,0,0,0,0,[],8397,0,0,[]
2,2,"[[784,8398],[1108,8398]]",0,0,[],2,0,[],0,0,0,0,0,[],8398,0,0,[]
1,1,"[[8399,10175]]",0,0,[],1,0,[],0,0,0,0,0,[],8399,0,0,[]
1,1,"[[8400,9916]]",0,0,[],1,0,[],0,0,0,0,0,[],8400,0,0,[]
1,1,"[[1159,8401]]",0,0,[],1,0,[],0,0,0,0,0,[],8401,0,0,[]
1,1,"[[5379,8402]]",0,0,[],1,0,[],0,0,0,0,0,[],8402,0,0,[]
1,1,"[[6721,8403]]",0,0,[],1,0,[],0,0,0,0,0,[],8403,0,0,[]
2,2,"[[6322,8404],[8404,8810]]",0,0,[],2,0,[],0,0,0,0,0,[],8404,0,0,[]
2,2,"[[8405,8649],[8405,8769]]",0,0,[],2,0,[],0,0,0,0,0,[],8405,0,0,[]
2,2,"[[8406,10275],[8406,10722]]",0,0,[],2,0,[],0,0,0,0,0,[],8406,0,0,[]
2,2,"[[7290,8407],[8407,12567]]",0,0,[],2,0,[],0,0,0,0,0,[],8407,0,0,[]
1,1,"[[4678,8408]]",0,0,[],1,0,[],0,0,0,0,0,[],8408,0,0,[]
2,2,"[[4037,8409],[5261,8409]]",0,0,[],2,0,[],0,0,0,0,0,[],8409,0,0,[]
1,1,"[[8411,12793]]",0,0,[],1,0,[],0,0,0,0,0,[],8411,0,0,[]
1,1,"[[8140,8412]]",0,0,[],1,0,[],0,0,0,0,0,[],8412,0,0,[]
1,1,"[[4289,8413]]",0,0,[],1,0,[],0,0,0,0,0,[],8413,0,0,[]
2,2,"[[7759,8414],[8414,10881]]",0,0,[],2,0,[],0,0,0,0,0,[],8414,0,0,[]
2,2,"[[4858,8415],[5613,8415]]",0,0,[],2,0,[],0,0,0,0,0,[],8415,0,0,[]
2,2,"[[3717,8416],[7497,8416]]",0,0,[],2,0,[],0,0,0,0,0,[],8416,0,0,[]
2,2,"[[2630,8418],[8418,10535]]",0,0,[],2,0,[],0,0,0,0,0,[],8418,0,0,[]
2,2,"[[4996,8419],[8419,10539]]",0,0,[],2,0,[],0,0,0,0,0,[],8419,0,0,[]
1,1,"[[7219,8420]]",0,0,[],1,0,[],0,0,0,0,0,[],8420,0,0,[]
1,1,"[[5764,8421]]",0,0,[],1,0,[],0,0,0,0,0,[],8421,0,0,[]
1,1,"[[3613,8422]]",0,0,[],1,0,[],0,0,0,0,0,[],8422,0,0,[]
2,2,"[[5729,8423],[6523,8423]]",0,0,[],2,0,[],0,0,0,0,0,[],8423,0,0,[]
1,1,"[[2374,8424]]",0,0,[],1,0,[],0,0,0,0,0,[],8424,0,0,[]
1,1,"[[2052,8425]]",0,0,[],1,0,[],0,0,0,0,0,[],8425,0,0,[]
2,2,"[[2203,8426],[7642,8426]]",0,0,[],2,0,[],0,0,0,0,0,[],8426,0,0,[]
2,2,"[[3789,8427],[6142,8427]]",0,0,[],2,0,[],0,0,0,0,0,[],8427,0,0,[]
2,2,"[[8429,12226],[8429,13219]]",0,0,[],2,0,[],0,0,0,0,0,[],8429,0,0,[]
2,2,"[[4734,8431],[7597,8431]]",0,0,[],2,0,[],0,0,0,0,0,[],8431,0,0,[]
1,1,"[[586,8432]]",0,0,[],1,0,[],0,0,0,0,0,[],8432,0,0,[]
1,1,"[[8433,10625]]",0,0,[],1,0,[],0,0,0,0,0,[],8433,0,0,[]
1,1,"[[2704,8434]]",0,0,[],1,0,[],0,0,0,0,0,[],8434,0,0,[]
1,1,"[[8435,10304]]",0,0,[],1,0,[],0,0,0,0,0,[],8435,0,0,[]
2,2,"[[4529,8436],[8436,12889]]",0,0,[],2,0,[],0,0,0,0,0,[],8436,0,0,[]
2,2,"[[6871,8437],[7427,8437]]",0,0,[],2,0,[],0,0,0,0,0,[],8437,0,0,[]
1,1,"[[8438,11975]]",0,0,[],1,0,[],0,0,0,0,0,[],8438,0,0,[]
1,1,"[[5009,8439]]",0,0,[],1,0,[],0,0,0,0,0,[],8439,0,0,[]
2,2,"[[1251,8440],[1528,8440]]",0,0,[],2,0,[],0,0,0,0,0,[],8440,0,0,[]
2,2,"[[7297,8441],[8441,11712]]",0,0,[],2,0,[],0,0,0,0,0,[],8441,0,0,[]
2,2,"[[183,8442],[1827,8442]]",0,0,[],2,0,[],0,0,0,0,0,[],8442,0,0,[]
2,2,"[[7179,8443],[8443,8501]]",0,0,[],2,0,[],0,0,0,0,0,[],8443,0,0,[]
1,1,"[[8444,8592]]",0,0,[],1,0,[],0,0,0,0,0,[],8444,0,0,[]
2,2,"[[4960,8445],[8445,9175]]",0,0,[],2,0,[],0,0,0,0,0,[],8445,0,0,[]
2,2,"[[1789,8447],[2701,8447]]",0,0,[],2,0,[],0,0,0,0,0,[],8447,0,0,[]
1,1,"[[4619,8449]]",0,0,[],1,0,[],0,0,0,0,0,[],8449,0,0,[]
1,1,"[[5677,8450]]",0,0,[],1,0,[],0,0,0,0,0,[],8450,0,0,[]
1,1,"[[8451,8954]]",0,0,[],1,0,[],0,0,0,0,0,[],8451,0,0,[]
1,1,"[[8452,8526]]",0,0,[],1,0,[],0,0,0,0,0,[],8452,0,0,[]
2,2,"[[6464,8454],[8454,9451]]",0,0,[],2,0,[],0,0,0,0,0,[],8454,0,0,[]
2,2,"[[3483,8455],[8455,10390]]",0,0,[],2,0,[],0,0,0,0,0,[],8455,0,0,[]
1,1,"[[4399,8456]]",0,0,[],1,0,[],0,0,0,0,0,[],8456,0,0,[]
1,1,"[[8457,9863]]",0,0,[],1,0,[],0,0,0,0,0,[],8457,0,0,[]
1,1,"[[8458,12917]]",0,0,[],1,0,[],0,0,0,0,0,[],8458,0,0,[]
1,1,"[[8460,13591]]",0,0,[],1,0,[],0,0,0,0,0,[],8460,0,0,[]
1,1,"[[4647,8461]]",0,0,[],1,0,[],0,0,0,0,0,[],8461,0,0,[]
2,2,"[[8462,8668],[8462,10158]]",0,0,[],2,0,[],0,0,0,0,0,[],8462,0,0,[]
1,1,"[[6900,8463]]",0,0,[],1,0,[],0,0,0,0,0,[],8463,0,0,[]
2,2,"[[105,8464],[2696,8464]]",0,0,[],2,0,[],0,0,0,0,0,[],8464,0,0,[]
1,1,"[[8465,13232]]",0,0,[],1,0,[],0,0,0,0,0,[],8465,0,0,[]
1,1,"[[2745,8466]]",0,0,[],1,0,[],0,0,0,0,0,[],8466,0,0,[]
2,2,"[[8268,8467],[8467,12042]]",0,0,[],2,0,[],0,0,0,0,0,[],8467,0,0,[]
2,2,"[[7300,8468],[8468,11243]]",0,0,[],2,0,[],0,0,0,0,0,[],8468,0,0,[]
2,2,"[[44,8469],[5879,8469]]",0,0,[],2,0,[],0,0,0,0,0,[],8469,0,0,[]
2,2,"[[8470,9283],[8470,11624]]",0,0,[],2,0,[],0,0,0,0,0,[],8470,0,0,[]
2,2,"[[4480,8471],[6125,8471]]",0,0,[],2,0,[],0,0,0,0,0,[],8471,0,0,[]
1,1,"[[6947,8473]]",0,0,[],1,0,[],0,0,0,0,0,[],8473,0,0,[]
1,1,"[[2482,8474]]",0,0,[],1,0,[],0,0,0,0,0,[],8474,0,0,[]
2,2,"[[6403,8475],[8475,12378]]",0,0,[],2,0,[],0,0,0,0,0,[],8475,0,0,[]
1,1,"[[3015,8476]]",0,0,[],1,0,[],0,0,0,0,0,[],8476,0,0,[]
2,2,"[[8477,13103],[8477,13293]]",0,0,[],2,0,[],0,0,0,0,0,[],8477,0,0,[]
1,1,"[[8478,11614]]",0,0,[],1,0,[],0,0,0,0,0,[],8478,0,0,[]
2,2,"[[6596,8479],[7442,8479]]",0,0,[],2,0,[],0,0,0,0,0,[],8479,0,0,[]
1,1,"[[8480,10853]]",0,0,[],1,0,[],0,0,0,0,0,[],8480,0,0,[]
1,1,"[[7127,8481]]",0,0,[],1,0,[],0,0,0,0,0,[],8481,0,0,[]
2,2,"[[8129,8482],[8482,9571]]",0,0,[],2,0,[],0,0,0,0,0,[],8482,0,0,[]
2,2,"[[4295,8483],[8483,13436]]",0,0,[],2,0,[],0,0,0,0,0,[],8483,0,0,[]
1,1,"[[5893,8484]]",0,0,[],1,0,[],0,0,0,0,0,[],8484,0,0,[]
1,1,"[[4522,8485]]",0,0,[],1,0,[],0,0,0,0,0,[],8485,0,0,[]
1,1,"[[3218,8486]]",0,0,[],1,0,[],0,0,0,0,0,[],8486,0,0,[]
2,2,"[[5902,8487],[8391,8487]]",0,0,[],2,0,[],0,0,0,0,0,[],8487,0,0,[]
2,2,"[[7330,8488],[8488,8583]]",0,0,[],2,0,[],0,0,0,0,0,[],8488,0,0,[]
2,2,"[[8489,8631],[8489,9255]]",0,0,[],2,0,[],0,0,0,0,0,[],8489,0,0,[]
1,1,"[[3976,8490]]",0,0,[],1,0,[],0,0,0,0,0,[],8490,0,0,[]
1,1,"[[7293,8491]]",0,0,[],1,0,[],0,0,0,0,0,[],8491,0,0,[]
1,1,"[[7037,8494]]",0,0,[],1,0,[],0,0,0,0,0,[],8494,0,0,[]
1,1,"[[728,8495]]",0,0,[],1,0,[],0,0,0,0,0,[],8495,0,0,[]
2,2,"[[3079,8496],[5004,8496]]",0,0,[],2,0,[],0,0,0,0,0,[],8496,0,0,[]
2,2,"[[4356,8497],[5434,8497]]",0,0,[],2,0,[],0,0,0,0,0,[],8497,0,0,[]
1,1,"[[8498,9563]]",0,0,[],1,0,[],0,0,0,0,0,[],8498,0,0,[]
1,1,"[[8501,13364]]",0,0,[],1,0,[],0,0,0,0,0,[],8501,0,0,[]
2,2,"[[5174,8502],[5996,8502]]",0,0,[],2,0,[],0,0,0,0,0,[],8502,0,0,[]
1,1,"[[8062,8504]]",0,0,[],1,0,[],0,0,0,0,0,[],8504,0,0,[]
1,1,"[[8506,11301]]",0,0,[],1,0,[],0,0,0,0,0,[],8506,0,0,[]
2,2,"[[6556,8507],[6680,8507]]",0,0,[],2,0,[],0,0,0,0,0,[],8507,0,0,[]
2,2,"[[8508,11797],[8508,12570]]",0,0,[],2,0,[],0,0,0,0,0,[],8508,0,0,[]
1,1,"[[3938,8509]]",0,0,[],1,0,[],0,0,0,0,0,[],8509,0,0,[]
1,1,"[[2691,8510]]",0,0,[],1,0,[],0,0,0,0,0,[],8510,0,0,[]
1,1,"[[8316,8511]]",0,0,[],1,0,[],0,0,0,0,0,[],8511,0,0,[]
2,2,"[[1026,8512],[3494,8512]]",0,0,[],2,0,[],0,0,0,0,0,[],8512,0,0,[]
2,2,"[[6970,8513],[8513,10865]]",0,0,[],2,0,[],0,0,0,0,0,[],8513,0,0,[]
2,2,"[[6321,8514],[8514,12335]]",0,0,[],2,0,[],0,0,0,0,0,[],8514,0,0,[]
2,2,"[[2599,8515],[6812,8515]]",0,0,[],2,0,[],0,0,0,0,0,[],8515,0,0,[]
2,2,"[[5406,8516],[7449,8516]]",0,0,[],2,0,[],0,0,0,0,0,[],8516,0,0,[]
2,2,"[[7122,8517],[8517,12897]]",0,0,[],2,0,[],0,0,0,0,0,[],8517,0,0,[]
1,1,"[[6006,8518]]",0,0,[],1,0,[],0,0,0,0,0,[],8518,0,0,[]
2,2,"[[5834,8519],[8519,8936]]",0,0,[],2,0,[],0,0,0,0,0,[],8519,0,0,[]
2,2,"[[6419,8520],[6988,8520]]",0,0,[],2,0,[],0,0,0,0,0,[],8520,0,0,[]
1,1,"[[8060,8521]]",0,0,[],1,0,[],0,0,0,0,0,[],8521,0,0,[]
1,1,"[[7253,8522]]",0,0,[],1,0,[],0,0,0,0,0,[],8522,0,0,[]
2,2,"[[1800,8523],[2331,8523]]",0,0,[],2,0,[],0,0,0,0,0,[],8523,0,0,[]
1,1,"[[5140,8524]]",0,0,[],1,0,[],0,0,0,0,0,[],8524,0,0,[]
2,2,"[[1314,8527],[2024,8527]]",0,0,[],2,0,[],0,0,0,0,0,[],8527,0,0,[]
2,2,"[[6158,8528],[8528,12467]]",0,0,[],2,0,[],0,0,0,0,0,[],8528,0,0,[]
1,1,"[[5697,8529]]",0,0,[],1,0,[],0,0,0,0,0,[],8529,0,0,[]
2,2,"[[7999,8531],[8371,8531]]",0,0,[],2,0,[],0,0,0,0,0,[],8531,0,0,[]
2,2,"[[8532,9553],[8532,9636]]",0,0,[],2,0,[],0,0,0,0,0,[],8532,0,0,[]
2,2,"[[7132,8533],[8533,12447]]",0,0,[],2,0,[],0,0,0,0,0,[],8533,0,0,[]
2,2,"[[4432,8534],[6687,8534]]",0,0,[],2,0,[],0,0,0,0,0,[],8534,0,0,[]
1,1,"[[7417,8535]]",0,0,[],1,0,[],0,0,0,0,0,[],8535,0,0,[]
2,2,"[[7837,8536],[7855,8536]]",0,0,[],2,0,[],0,0,0,0,0,[],8536,0,0,[]
1,1,"[[2037,8537]]",0,0,[],1,0,[],0,0,0,0,0,[],8537,0,0,[]
2,2,"[[3395,8538],[8538,8993]]",0,0,[],2,0,[],0,0,0,0,0,[],8538,0,0,[]
1,1,"[[7128,8539]]",0,0,[],1,0,[],0,0,0,0,0,[],8539,0,0,[]
2,2,"[[47,8540],[7311,8540]]",0,0,[],2,0,[],0,0,0,0,0,[],8540,0,0,[]
1,1,"[[8541,10688]]",0,0,[],1,0,[],0,0,0,0,0,[],8541,0,0,[]
2,2,"[[2190,8542],[8542,8938]]",0,0,[],2,0,[],0,0,0,0,0,[],8542,0,0,[]
2,2,"[[1370,8543],[7475,8543]]",0,0,[],2,0,[],0,0,0,0,0,[],8543,0,0,[]
2,2,"[[3548,8544],[4015,8544]]",0,0,[],2,0,[],0,0,0,0,0,[],8544,0,0,[]
2,2,"[[6450,8546],[8546,10744]]",0,0,[],2,0,[],0,0,0,0,0,[],8546,0,0,[]
2,2,"[[8547,10664],[8547,12170]]",0,0,[],2,0,[],0,0,0,0,0,[],8547,0,0,[]
2,2,"[[2068,8548],[2160,8548]]",0,0,[],2,0,[],0,0,0,0,0,[],8548,0,0,[]
1,1,"[[8549,9907]]",0,0,[],1,0,[],0,0,0,0,0,[],8549,0,0,[]
2,2,"[[7204,8550],[8550,11638]]",0,0,[],2,0,[],0,0,0,0,0,[],8550,0,0,[]
2,2,"[[6945,8551],[8551,11094]]",0,0,[],2,0,[],0,0,0,0,0,[],8551,0,0,[]
1,1,"[[8552,11485]]",0,0,[],1,0,[],0,0,0,0,0,[],8552,0,0,[]
2,2,"[[6316,8553],[8553,9787]]",0,0,[],2,0,[],0,0,0,0,0,[],8553,0,0,[]
2,2,"[[8210,8554],[8554,13149]]",0,0,[],2,0,[],0,0,0,0,0,[],8554,0,0,[]
1,1,"[[8355,8555]]",0,0,[],1,0,[],0,0,0,0,0,[],8555,0,0,[]
2,2,"[[3945,8556],[5909,8556]]",0,0,[],2,0,[],0,0,0,0,0,[],8556,0,0,[]
2,2,"[[4809,8557],[8557,11172]]",0,0,[],2,0,[],0,0,0,0,0,[],8557,0,0,[]
2,2,"[[8314,8558],[8558,10564]]",0,0,[],2,0,[],0,0,0,0,0,[],8558,0,0,[]
1,1,"[[2415,8559]]",0,0,[],1,0,[],0,0,0,0,0,[],8559,0,0,[]
2,2,"[[4105,8560],[8560,12081]]",0,0,[],2,0,[],0,0,0,0,0,[],8560,0,0,[]
1,1,"[[7938,8561]]",0,0,[],1,0,[],0,0,0,0,0,[],8561,0,0,[]
2,2,"[[7458,8562],[8562,8669]]",0,0,[],2,0,[],0,0,0,0,0,[],8562,0,0,[]
1,1,"[[5777,8563]]",0,0,[],1,0,[],0,0,0,0,0,[],8563,0,0,[]
1,1,"[[4874,8564]]",0,0,[],1,0,[],0,0,0,0,0,[],8564,0,0,[]
2,2,"[[8043,8565],[8565,10403]]",0,0,[],2,0,[],0,0,0,0,0,[],8565,0,0,[]
2,2,"[[8567,10148],[8567,10323]]",0,0,[],2,0,[],0,0,0,0,0,[],8567,0,0,[]
1,1,"[[8568,12097]]",0,0,[],1,0,[],0,0,0,0,0,[],8568,0,0,[]
1,1,"[[3188,8569]]",0,0,[],1,0,[],0,0,0,0,0,[],8569,0,0,[]
1,1,"[[8570,11434]]",0,0,[],1,0,[],0,0,0,0,0,[],8570,0,0,[]
1,1,"[[7805,8571]]",0,0,[],1,0,[],0,0,0,0,0,[],8571,0,0,[]
1,1,"[[437,8572]]",0,0,[],1,0,[],0,0,0,0,0,[],8572,0,0,[]
2,2,"[[3228,8573],[8573,12524]]",0,0,[],2,0,[],0,0,0,0,0,[],8573,0,0,[]
1,1,"[[2752,8574]]",0,0,[],1,0,[],0,0,0,0,0,[],8574,0,0,[]
1,1,"[[5368,8575]]",0,0,[],1,0,[],0,0,0,0,0,[],8575,0,0,[]
1,1,"[[7346,8576]]",0,0,[],1,0,[],0,0,0,0,0,[],8576,0,0,[]
2,2,"[[3831,8577],[6382,8577]]",0,0,[],2,0,[],0,0,0,0,0,[],8577,0,0,[]
1,1,"[[6025,8579]]",0,0,[],1,0,[],0,0,0,0,0,[],8579,0,0,[]
2,2,"[[2858,8580],[7092,8580]]",0,0,[],2,0,[],0,0,0,0,0,[],8580,0,0,[]
2,2,"[[2666,8581],[8581,11832]]",0,0,[],2,0,[],0,0,0,0,0,[],8581,0,0,[]
2,2,"[[4262,8582],[5228,8582]]",0,0,[],2,0,[],0,0,0,0,0,[],8582,0,0,[]
2,2,"[[8029,8583],[8583,11777]]",0,0,[],2,0,[],0,0,0,0,0,[],8583,0,0,[]
2,2,"[[436,8584],[7263,8584]]",0,0,[],2,0,[],0,0,0,0,0,[],8584,0,0,[]
2,2,"[[7733,8585],[8585,13650]]",0,0,[],2,0,[],0,0,0,0,0,[],8585,0,0,[]
1,1,"[[6486,8586]]",0,0,[],1,0,[],0,0,0,0,0,[],8586,0,0,[]
2,2,"[[6269,8588],[8054,8588]]",0,0,[],2,0,[],0,0,0,0,0,[],8588,0,0,[]
1,1,"[[5360,8589]]",0,0,[],1,0,[],0,0,0,0,0,[],8589,0,0,[]
2,2,"[[6938,8590],[8590,12124]]",0,0,[],2,0,[],0,0,0,0,0,[],8590,0,0,[]
2,2,"[[444,8591],[6596,8591]]",0,0,[],2,0,[],0,0,0,0,0,[],8591,0,0,[]
1,1,"[[4092,8594]]",0,0,[],1,0,[],0,0,0,0,0,[],8594,0,0,[]
2,2,"[[6141,8596],[8596,9600]]",0,0,[],2,0,[],0,0,0,0,0,[],8596,0,0,[]
2,2,"[[3397,8597],[8597,10677]]",0,0,[],2,0,[],0,0,0,0,0,[],8597,0,0,[]
2,2,"[[8598,10052],[8598,11229]]",0,0,[],2,0,[],0,0,0,0,0,[],8598,0,0,[]
1,1,"[[1206,8599]]",0,0,[],1,0,[],0,0,0,0,0,[],8599,0,0,[]
2,2,"[[6971,8600],[7914,8600]]",0,0,[],2,0,[],0,0,0,0,0,[],8600,0,0,[]
1,1,"[[7368,8601]]",0,0,[],1,0,[],0,0,0,0,0,[],8601,0,0,[]
1,1,"[[6691,8602]]",0,0,[],1,0,[],0,0,0,0,0,[],8602,0,0,[]
2,2,"[[553,8603],[1809,8603]]",0,0,[],2,0,[],0,0,0,0,0,[],8603,0,0,[]
1,1,"[[8604,8813]]",0,0,[],1,0,[],0,0,0,0,0,[],8604,0,0,[]
2,2,"[[7433,8605],[8605,10193]]",0,0,[],2,0,[],0,0,0,0,0,[],8605,0,0,[]
1,1,"[[6573,8606]]",0,0,[],1,0,[],0,0,0,0,0,[],8606,0,0,[]
1,1,"[[8607,10507]]",0,0,[],1,0,[],0,0,0,0,0,[],8607,0,0,[]
1,1,"[[356,8608]]",0,0,[],1,0,[],0,0,0,0,0,[],8608,0,0,[]
1,1,"[[8609,12106]]",0,0,[],1,0,[],0,0,0,0,0,[],8609,0,0,[]
2,2,"[[3287,8610],[4956,8610]]",0,0,[],2,0,[],0,0,0,0,0,[],8610,0,0,[]
2,2,"[[3327,8611],[8042,8611]]",0,0,[],2,0,[],0,0,0,0,0,[],8611,0,0,[]
1,1,"[[8612,9183]]",0,0,[],1,0,[],0,0,0,0,0,[],8612,0,0,[]
1,1,"[[5997,8613]]",0,0,[],1,0,[],0,0,0,0,0,[],8613,0,0,[]
1,1,"[[8383,8614]]",0,0,[],1,0,[],0,0,0,0,0,[],8614,0,0,[]
1,1,"[[8615,12580]]",0,0,[],1,0,[],0,0,0,0,0,[],8615,0,0,[]
1,1,"[[8616,9291]]",0,0,[],1,0,[],0,0,0,0,0,[],8616,0,0,[]
2,2,"[[8617,8627],[8617,12335]]",0,0,[],2,0,[],0,0,0,0,0,[],8617,0,0,[]
1,1,"[[6408,8618]]",0,0,[],1,0,[],0,0,0,0,0,[],8618,0,0,[]
2,2,"[[7502,8620],[8620,8673]]",0,0,[],2,0,[],0,0,0,0,0,[],8620,0,0,[]
1,1,"[[8622,12551]]",0,0,[],1,0,[],0,0,0,0,0,[],8622,0,0,[]
2,2,"[[8623,8922],[8623,11732]]",0,0,[],2,0,[],0,0,0,0,0,[],8623,0,0,[]
2,2,"[[8624,8654],[8624,9337]]",0,0,[],2,0,[],0,0,0,0,0,[],8624,0,0,[]
1,1,"[[2380,8625]]",0,0,[],1,0,[],0,0,0,0,0,[],8625,0,0,[]
2,2,"[[7919,8626],[8626,11479]]",0,0,[],2,0,[],0,0,0,0,0,[],8626,0,0,[]
2,2,"[[8627,11239],[8627,11704]]",0,0,[],2,0,[],0,0,0,0,0,[],8627,0,0,[]
1,1,"[[8628,9354]]",0,0,[],1,0,[],0,0,0,0,0,[],8628,0,0,[]
2,2,"[[2227,8629],[8629,12572]]",0,0,[],2,0,[],0,0,0,0,0,[],8629,0,0,[]
2,2,"[[6474,8630],[7237,8630]]",0,0,[],2,0,[],0,0,0,0,0,[],8630,0,0,[]
1,1,"[[8450,8631]]",0,0,[],1,0,[],0,0,0,0,0,[],8631,0,0,[]
2,2,"[[2795,8633],[5292,8633]]",0,0,[],2,0,[],0,0,0,0,0,[],8633,0,0,[]
2,2,"[[5552,8634],[7219,8634]]",0,0,[],2,0,[],0,0,0,0,0,[],8634,0,0,[]
1,1,"[[8635,10387]]",0,0,[],1,0,[],0,0,0,0,0,[],8635,0,0,[]
1,1,"[[7448,8636]]",0,0,[],1,0,[],0,0,0,0,0,[],8636,0,0,[]
1,1,"[[5430,8637]]",0,0,[],1,0,[],0,0,0,0,0,[],8637,0,0,[]
2,2,"[[8638,9230],[8638,9420]]",0,0,[],2,0,[],0,0,0,0,0,[],8638,0,0,[]
2,2,"[[5593,8639],[8639,11066]]",0,0,[],2,0,[],0,0,0,0,0,[],8639,0,0,[]
2,2,"[[6683,8640],[6785,8640]]",0,0,[],2,0,[],0,0,0,0,0,[],8640,0,0,[]
2,2,"[[5791,8641],[8641,12665]]",0,0,[],2,0,[],0,0,0,0,0,[],8641,0,0,[]
2,2,"[[8642,8646],[8642,10222]]",0,0,[],2,0,[],0,0,0,0,0,[],8642,0,0,[]
1,1,"[[8643,12192]]",0,0,[],1,0,[],0,0,0,0,0,[],8643,0,0,[]
2,2,"[[3524,8644],[4516,8644]]",0,0,[],2,0,[],0,0,0,0,0,[],8644,0,0,[]
2,2,"[[7036,8645],[8062,8645]]",0,0,[],2,0,[],0,0,0,0,0,[],8645,0,0,[]
2,2,"[[6482,8646],[8646,10222]]",0,0,[],2,0,[],0,0,0,0,0,[],8646,0,0,[]
1,1,"[[8647,9998]]",0,0,[],1,0,[],0,0,0,0,0,[],8647,0,0,[]
2,2,"[[2808,8648],[6238,8648]]",0,0,[],2,0,[],0,0,0,0,0,[],8648,0,0,[]
1,1,"[[8650,13445]]",0,0,[],1,0,[],0,0,0,0,0,[],8650,0,0,[]
2,2,"[[3,8652],[2945,8652]]",0,0,[],2,0,[],0,0,0,0,0,[],8652,0,0,[]
2,2,"[[2122,8653],[6113,8653]]",0,0,[],2,0,[],0,0,0,0,0,[],8653,0,0,[]
2,2,"[[1200,8654],[3595,8654]]",0,0,[],2,0,[],0,0,0,0,0,[],8654,0,0,[]
1,1,"[[6608,8655]]",0,0,[],1,0,[],0,0,0,0,0,[],8655,0,0,[]
2,2,"[[2078,8656],[8656,10062]]",0,0,[],2,0,[],0,0,0,0,0,[],8656,0,0,[]
1,1,"[[5072,8657]]",0,0,[],1,0,[],0,0,0,0,0,[],8657,0,0,[]
1,1,"[[3802,8658]]",0,0,[],1,0,[],0,0,0,0,0,[],8658,0,0,[]
1,1,"[[8267,8659]]",0,0,[],1,0,[],0,0,0,0,0,[],8659,0,0,[]
2,2,"[[5999,8660],[7604,8660]]",0,0,[],2,0,[],0,0,0,0,0,[],8660,0,0,[]
1,1,"[[8390,8661]]",0,0,[],1,0,[],0,0,0,0,0,[],8661,0,0,[]
1,1,"[[8662,8728]]",0,0,[],1,0,[],0,0,0,0,0,[],8662,0,0,[]
1,1,"[[5459,8663]]",0,0,[],1,0,[],0,0,0,0,0,[],8663,0,0,[]
1,1,"[[8664,8666]]",0,0,[],1,0,[],0,0,0,0,0,[],8664,0,0,[]
2,2,"[[4966,8666],[8666,9947]]",0,0,[],2,0,[],0,0,0,0,0,[],8666,0,0,[]
1,1,"[[6949,8667]]",0,0,[],1,0,[],0,0,0,0,0,[],8667,0,0,[]
2,2,"[[5056,8669],[8669,10427]]",0,0,[],2,0,[],0,0,0,0,0,[],8669,0,0,[]
2,2,"[[4527,8670],[7642,8670]]",0,0,[],2,0,[],0,0,0,0,0,[],8670,0,0,[]
2,2,"[[8095,8671],[8671,9228]]",0,0,[],2,0,[],0,0,0,0,0,[],8671,0,0,[]
2,2,"[[7983,8672],[8672,11281]]",0,0,[],2,0,[],0,0,0,0,0,[],8672,0,0,[]
2,2,"[[1342,8673],[8673,11366]]",0,0,[],2,0,[],0,0,0,0,0,[],8673,0,0,[]
1,1,"[[3081,8674]]",0,0,[],1,0,[],0,0,0,0,0,[],8674,0,0,[]
1,1,"[[8675,9385]]",0,0,[],1,0,[],0,0,0,0,0,[],8675,0,0,[]
2,2,"[[6392,8676],[7425,8676]]",0,0,[],2,0,[],0,0,0,0,0,[],8676,0,0,[]
1,1,"[[6439,8677]]",0,0,[],1,0,[],0,0,0,0,0,[],8677,0,0,[]
2,2,"[[7817,8678],[8090,8678]]",0,0,[],2,0,[],0,0,0,0,0,[],8678,0,0,[]
2,2,"[[2250,8679],[3785,8679]]",0,0,[],2,0,[],0,0,0,0,0,[],8679,0,0,[]
1,1,"[[5025,8681]]",0,0,[],1,0,[],0,0,0,0,0,[],8681,0,0,[]
2,2,"[[7849,8682],[8597,8682]]",0,0,[],2,0,[],0,0,0,0,0,[],8682,0,0,[]
1,1,"[[2853,8683]]",0,0,[],1,0,[],0,0,0,0,0,[],8683,0,0,[]
1,1,"[[7049,8684]]",0,0,[],1,0,[],0,0,0,0,0,[],8684,0,0,[]
1,1,"[[8685,10239]]",0,0,[],1,0,[],0,0,0,0,0,[],8685,0,0,[]
1,1,"[[7499,8686]]",0,0,[],1,0,[],0,0,0,0,0,[],8686,0,0,[]
2,2,"[[4106,8687],[8687,9384]]",0,0,[],2,0,[],0,0,0,0,0,[],8687,0,0,[]
2,2,"[[2274,8688],[5061,8688]]",0,0,[],2,0,[],0,0,0,0,0,[],8688,0,0,[]
1,1,"[[8689,12805]]",0,0,[],1,0,[],0,0,0,0,0,[],8689,0,0,[]
2,2,"[[4314,8690],[8432,8690]]",0,0,[],2,0,[],0,0,0,0,0,[],8690,0,0,[]
2,2,"[[3529,8692],[8692,10016]]",0,0,[],2,0,[],0,0,0,0,0,[],8692,0,0,[]
2,2,"[[8187,8693],[8693,12298]]",0,0,[],2,0,[],0,0,0,0,0,[],8693,0,0,[]
1,1,"[[5079,8694]]",0,0,[],1,0,[],0,0,0,0,0,[],8694,0,0,[]
2,2,"[[2518,8695],[7436,8695]]",0,0,[],2,0,[],0,0,0,0,0,[],8695,0,0,[]
1,1,"[[8696,11231]]",0,0,[],1,0,[],0,0,0,0,0,[],8696,0,0,[]
2,2,"[[454,8697],[3277,8697]]",0,0,[],2,0,[],0,0,0,0,0,[],8697,0,0,[]
1,1,"[[8698,12727]]",0,0,[],1,0,[],0,0,0,0,0,[],8698,0,0,[]
1,1,"[[8699,9090]]",0,0,[],1,0,[],0,0,0,0,0,[],8699,0,0,[]
2,2,"[[4802,8700],[8700,10320]]",0,0,[],2,0,[],0,0,0,0,0,[],8700,0,0,[]
1,1,"[[8701,12906]]",0,0,[],1,0,[],0,0,0,0,0,[],8701,0,0,[]
1,1,"[[8702,9986]]",0,0,[],1,0,[],0,0,0,0,0,[],8702,0,0,[]
2,2,"[[783,8703],[3953,8703]]",0,0,[],2,0,[],0,0,0,0,0,[],8703,0,0,[]
1,1,"[[8704,9158]]",0,0,[],1,0,[],0,0,0,0,0,[],8704,0,0,[]
2,2,"[[5129,8705],[8705,12012]]",0,0,[],2,0,[],0,0,0,0,0,[],8705,0,0,[]
2,2,"[[4014,8706],[8706,8864]]",0,0,[],2,0,[],0,0,0,0,0,[],8706,0,0,[]
1,1,"[[8707,10223]]",0,0,[],1,0,[],0,0,0,0,0,[],8707,0,0,[]
2,2,"[[8708,10524],[8708,11255]]",0,0,[],2,0,[],0,0,0,0,0,[],8708,0,0,[]
2,2,"[[7185,8709],[8709,11450]]",0,0,[],2,0,[],0,0,0,0,0,[],8709,0,0,[]
2,2,"[[8710,9531],[8710,12603]]",0,0,[],2,0,[],0,0,0,0,0,[],8710,0,0,[]
1,1,"[[8711,9248]]",0,0,[],1,0,[],0,0,0,0,0,[],8711,0,0,[]
1,1,"[[8712,10241]]",0,0,[],1,0,[],0,0,0,0,0,[],8712,0,0,[]
1,1,"[[8713,10889]]",0,0,[],1,0,[],0,0,0,0,0,[],8713,0,0,[]
1,1,"[[648,8714]]",0,0,[],1,0,[],0,0,0,0,0,[],8714,0,0,[]
2,2,"[[7194,8715],[8715,8976]]",0,0,[],2,0,[],0,0,0,0,0,[],8715,0,0,[]
2,2,"[[1162,8716],[8716,11005]]",0,0,[],2,0,[],0,0,0,0,0,[],8716,0,0,[]
1,1,"[[4538,8717]]",0,0,[],1,0,[],0,0,0,0,0,[],8717,0,0,[]
1,1,"[[8300,8718]]",0,0,[],1,0,[],0,0,0,0,0,[],8718,0,0,[]
2,2,"[[8719,11252],[8719,13061]]",0,0,[],2,0,[],0,0,0,0,0,[],8719,0,0,[]
2,2,"[[2534,8722],[5151,8722]]",0,0,[],2,0,[],0,0,0,0,0,[],8722,0,0,[]
1,1,"[[1395,8723]]",0,0,[],1,0,[],0,0,0,0,0,[],8723,0,0,[]
2,2,"[[5124,8725],[8725,11041]]",0,0,[],2,0,[],0,0,0,0,0,[],8725,0,0,[]
2,2,"[[7904,8726],[8726,13375]]",0,0,[],2,0,[],0,0,0,0,0,[],8726,0,0,[]
1,1,"[[8701,8727]]",0,0,[],1,0,[],0,0,0,0,0,[],8727,0,0,[]
1,1,"[[8728,12570]]",0,0,[],1,0,[],0,0,0,0,0,[],8728,0,0,[]
2,2,"[[4957,8729],[8502,8729]]",0,0,[],2,0,[],0,0,0,0,0,[],8729,0,0,[]
2,2,"[[6053,8730],[8730,10810]]",0,0,[],2,0,[],0,0,0,0,0,[],8730,0,0,[]
1,1,"[[2632,8732]]",0,0,[],1,0,[],0,0,0,0,0,[],8732,0,0,[]
1,1,"[[8733,10711]]",0,0,[],1,0,[],0,0,0,0,0,[],8733,0,0,[]
2,2,"[[805,8734],[5374,8734]]",0,0,[],2,0,[],0,0,0,0,0,[],8734,0,0,[]
1,1,"[[3167,8735]]",0,0,[],1,0,[],0,0,0,0,0,[],8735,0,0,[]
2,2,"[[4580,8736],[8736,11860]]",0,0,[],2,0,[],0,0,0,0,0,[],8736,0,0,[]
2,2,"[[8737,10208],[8737,11349]]",0,0,[],2,0,[],0,0,0,0,0,[],8737,0,0,[]
1,1,"[[3485,8738]]",0,0,[],1,0,[],0,0,0,0,0,[],8738,0,0,[]
1,1,"[[5651,8739]]",0,0,[],1,0,[],0,0,0,0,0,[],8739,0,0,[]
1,1,"[[493,8740]]",0,0,[],1,0,[],0,0,0,0,0,[],8740,0,0,[]
2,2,"[[4270,8741],[6433,8741]]",0,0,[],2,0,[],0,0,0,0,0,[],8741,0,0,[]
2,2,"[[5039,8742],[6520,8742]]",0,0,[],2,0,[],0,0,0,0,0,[],8742,0,0,[]
1,1,"[[8701,8743]]",0,0,[],1,0,[],0,0,0,0,0,[],8743,0,0,[]
1,1,"[[7421,8744]]",0,0,[],1,0,[],0,0,0,0,0,[],8744,0,0,[]
1,1,"[[4836,8745]]",0,0,[],1,0,[],0,0,0,0,0,[],8745,0,0,[]
2,2,"[[7724,8746],[8746,9022]]",0,0,[],2,0,[],0,0,0,0,0,[],8746,0,0,[]
2,2,"[[8260,8747],[8702,8747]]",0,0,[],2,0,[],0,0,0,0,0,[],8747,0,0,[]
2,2,"[[3052,8748],[8748,11974]]",0,0,[],2,0,[],0,0,0,0,0,[],8748,0,0,[]
1,1,"[[8164,8749]]",0,0,[],1,0,[],0,0,0,0,0,[],8749,0,0,[]
2,2,"[[8750,10916],[8750,11436]]",0,0,[],2,0,[],0,0,0,0,0,[],8750,0,0,[]
2,2,"[[8751,9750],[8751,12516]]",0,0,[],2,0,[],0,0,0,0,0,[],8751,0,0,[]
2,2,"[[6691,8752],[8602,8752]]",0,0,[],2,0,[],0,0,0,0,0,[],8752,0,0,[]
1,1,"[[6849,8753]]",0,0,[],1,0,[],0,0,0,0,0,[],8753,0,0,[]
1,1,"[[3962,8754]]",0,0,[],1,0,[],0,0,0,0,0,[],8754,0,0,[]
1,1,"[[2391,8755]]",0,0,[],1,0,[],0,0,0,0,0,[],8755,0,0,[]
2,2,"[[2636,8756],[7339,8756]]",0,0,[],2,0,[],0,0,0,0,0,[],8756,0,0,[]
2,2,"[[5201,8758],[5702,8758]]",0,0,[],2,0,[],0,0,0,0,0,[],8758,0,0,[]
1,1,"[[8151,8761]]",0,0,[],1,0,[],0,0,0,0,0,[],8761,0,0,[]
2,2,"[[326,8762],[7067,8762]]",0,0,[],2,0,[],0,0,0,0,0,[],8762,0,0,[]
1,1,"[[6335,8763]]",0,0,[],1,0,[],0,0,0,0,0,[],8763,0,0,[]
2,2,"[[8764,10376],[8764,11371]]",0,0,[],2,0,[],0,0,0,0,0,[],8764,0,0,[]
2,2,"[[2029,8765],[5063,8765]]",0,0,[],2,0,[],0,0,0,0,0,[],8765,0,0,[]
1,1,"[[8206,8766]]",0,0,[],1,0,[],0,0,0,0,0,[],8766,0,0,[]
1,1,"[[8767,12029]]",0,0,[],1,0,[],0,0,0,0,0,[],8767,0,0,[]
2,2,"[[3466,8768],[8768,9209]]",0,0,[],2,0,[],0,0,0,0,0,[],8768,0,0,[]
2,2,"[[3708,8769],[8649,8769]]",0,0,[],2,0,[],0,0,0,0,0,[],8769,0,0,[]
1,1,"[[8770,12310]]",0,0,[],1,0,[],0,0,0,0,0,[],8770,0,0,[]
1,1,"[[8771,9590]]",0,0,[],1,0,[],0,0,0,0,0,[],8771,0,0,[]
1,1,"[[8772,12611]]",0,0,[],1,0,[],0,0,0,0,0,[],8772,0,0,[]
1,1,"[[8773,11026]]",0,0,[],1,0,[],0,0,0,0,0,[],8773,0,0,[]
2,2,"[[3918,8774],[6442,8774]]",0,0,[],2,0,[],0,0,0,0,0,[],8774,0,0,[]
2,2,"[[3476,8775],[4654,8775]]",0,0,[],2,0,[],0,0,0,0,0,[],8775,0,0,[]
2,2,"[[7819,8776],[8776,11508]]",0,0,[],2,0,[],0,0,0,0,0,[],8776,0,0,[]
2,2,"[[8778,10980],[8778,12883]]",0,0,[],2,0,[],0,0,0,0,0,[],8778,0,0,[]
2,2,"[[2903,8779],[8359,8779]]",0,0,[],2,0,[],0,0,0,0,0,[],8779,0,0,[]
1,1,"[[373,8780]]",0,0,[],1,0,[],0,0,0,0,0,[],8780,0,0,[]
1,1,"[[8741,8781]]",0,0,[],1,0,[],0,0,0,0,0,[],8781,0,0,[]
2,2,"[[2945,8782],[7022,8782]]",0,0,[],2,0,[],0,0,0,0,0,[],8782,0,0,[]
2,2,"[[8783,12553],[8783,12777]]",0,0,[],2,0,[],0,0,0,0,0,[],8783,0,0,[]
2,2,"[[3468,8784],[6960,8784]]",0,0,[],2,0,[],0,0,0,0,0,[],8784,0,0,[]
2,2,"[[6222,8785],[8657,8785]]",0,0,[],2,0,[],0,0,0,0,0,[],8785,0,0,[]
1,1,"[[1637,8786]]",0,0,[],1,0,[],0,0,0,0,0,[],8786,0,0,[]
1,1,"[[6482,8787]]",0,0,[],1,0,[],0,0,0,0,0,[],8787,0,0,[]
1,1,"[[8788,9177]]",0,0,[],1,0,[],0,0,0,0,0,[],8788,0,0,[]
2,2,"[[2628,8790],[3928,8790]]",0,0,[],2,0,[],0,0,0,0,0,[],8790,0,0,[]
1,1,"[[4067,8792]]",0,0,[],1,0,[],0,0,0,0,0,[],8792,0,0,[]
2,2,"[[4725,8794],[6899,8794]]",0,0,[],2,0,[],0,0,0,0,0,[],8794,0,0,[]
2,2,"[[2041,8795],[8795,11533]]",0,0,[],2,0,[],0,0,0,0,0,[],8795,0,0,[]
1,1,"[[6356,8796]]",0,0,[],1,0,[],0,0,0,0,0,[],8796,0,0,[]
1,1,"[[8797,12475]]",0,0,[],1,0,[],0,0,0,0,0,[],8797,0,0,[]
2,2,"[[1706,8798],[7553,8798]]",0,0,[],2,0,[],0,0,0,0,0,[],8798,0,0,[]
1,1,"[[8179,8799]]",0,0,[],1,0,[],0,0,0,0,0,[],8799,0,0,[]
2,2,"[[6443,8800],[8120,8800]]",0,0,[],2,0,[],0,0,0,0,0,[],8800,0,0,[]
2,2,"[[8802,10749],[8802,12905]]",0,0,[],2,0,[],0,0,0,0,0,[],8802,0,0,[]
2,2,"[[2901,8803],[8803,9781]]",0,0,[],2,0,[],0,0,0,0,0,[],8803,0,0,[]
2,2,"[[2911,8804],[8804,9930]]",0,0,[],2,0,[],0,0,0,0,0,[],8804,0,0,[]
2,2,"[[6071,8805],[6582,8805]]",0,0,[],2,0,[],0,0,0,0,0,[],8805,0,0,[]
2,2,"[[8806,10720],[8806,11280]]",0,0,[],2,0,[],0,0,0,0,0,[],8806,0,0,[]
2,2,"[[3867,8807],[5670,8807]]",0,0,[],2,0,[],0,0,0,0,0,[],8807,0,0,[]
1,1,"[[8808,12711]]",0,0,[],1,0,[],0,0,0,0,0,[],8808,0,0,[]
2,2,"[[7979,8809],[8387,8809]]",0,0,[],2,0,[],0,0,0,0,0,[],8809,0,0,[]
2,2,"[[4989,8811],[6930,8811]]",0,0,[],2,0,[],0,0,0,0,0,[],8811,0,0,[]
2,2,"[[8812,12678],[8812,13183]]",0,0,[],2,0,[],0,0,0,0,0,[],8812,0,0,[]
1,1,"[[3325,8813]]",0,0,[],1,0,[],0,0,0,0,0,[],8813,0,0,[]
1,1,"[[4288,8814]]",0,0,[],1,0,[],0,0,0,0,0,[],8814,0,0,[]
2,2,"[[2709,8815],[8815,10632]]",0,0,[],2,0,[],0,0,0,0,0,[],8815,0,0,[]
2,2,"[[589,8816],[8816,13262]]",0,0,[],2,0,[],0,0,0,0,0,[],8816,0,0,[]
2,2,"[[5237,8817],[8500,8817]]",0,0,[],2,0,[],0,0,0,0,0,[],8817,0,0,[]
2,2,"[[4719,8818],[8818,10768]]",0,0,[],2,0,[],0,0,0,0,0,[],8818,0,0,[]
2,2,"[[4521,8819],[4706,8819]]",0,0,[],2,0,[],0,0,0,0,0,[],8819,0,0,[]
2,2,"[[929,8820],[8820,11994]]",0,0,[],2,0,[],0,0,0,0,0,[],8820,0,0,[]
1,1,"[[8821,9645]]",0,0,[],1,0,[],0,0,0,0,0,[],8821,0,0,[]
1,1,"[[2554,8822]]",0,0,[],1,0,[],0,0,0,0,0,[],8822,0,0,[]
1,1,"[[8731,8823]]",0,0,[],1,0,[],0,0,0,0,0,[],8823,0,0,[]
1,1,"[[5645,8824]]",0,0,[],1,0,[],0,0,0,0,0,[],8824,0,0,[]
1,1,"[[5424,8825]]",0,0,[],1,0,[],0,0,0,0,0,[],8825,0,0,[]
1,1,"[[5378,8826]]",0,0,[],1,0,[],0,0,0,0,0,[],8826,0,0,[]
1,1,"[[5382,8827]]",0,0,[],1,0,[],0,0,0,0,0,[],8827,0,0,[]
2,2,"[[5777,8828],[5930,8828]]",0,0,[],2,0,[],0,0,0,0,0,[],8828,0,0,[]
2,2,"[[7605,8829],[8829,9058]]",0,0,[],2,0,[],0,0,0,0,0,[],8829,0,0,[]
2,2,"[[6250,8830],[7240,8830]]",0,0,[],2,0,[],0,0,0,0,0,[],8830,0,0,[]
2,2,"[[8831,10581],[8831,10827]]",0,0,[],2,0,[],0,0,0,0,0,[],8831,0,0,[]
2,2,"[[3891,8832],[6272,8832]]",0,0,[],2,0,[],0,0,0,0,0,[],8832,0,0,[]
2,2,"[[2682,8833],[7430,8833]]",0,0,[],2,0,[],0,0,0,0,0,[],8833,0,0,[]
1,1,"[[8834,10080]]",0,0,[],1,0,[],0,0,0,0,0,[],8834,0,0,[]
2,2,"[[8835,11438],[8835,12087]]",0,0,[],2,0,[],0,0,0,0,0,[],8835,0,0,[]
2,2,"[[7570,8836],[8083,8836]]",0,0,[],2,0,[],0,0,0,0,0,[],8836,0,0,[]
2,2,"[[1425,8837],[8837,13518]]",0,0,[],2,0,[],0,0,0,0,0,[],8837,0,0,[]
1,1,"[[8839,10523]]",0,0,[],1,0,[],0,0,0,0,0,[],8839,0,0,[]
2,2,"[[6089,8840],[8840,8910]]",0,0,[],2,0,[],0,0,0,0,0,[],8840,0,0,[]
1,1,"[[4795,8841]]",0,0,[],1,0,[],0,0,0,0,0,[],8841,0,0,[]
2,2,"[[1050,8842],[1136,8842]]",0,0,[],2,0,[],0,0,0,0,0,[],8842,0,0,[]
1,1,"[[6776,8843]]",0,0,[],1,0,[],0,0,0,0,0,[],8843,0,0,[]
2,2,"[[5958,8845],[8845,9489]]",0,0,[],2,0,[],0,0,0,0,0,[],8845,0,0,[]
1,1,"[[8846,9964]]",0,0,[],1,0,[],0,0,0,0,0,[],8846,0,0,[]
2,2,"[[5018,8847],[8847,9400]]",0,0,[],2,0,[],0,0,0,0,0,[],8847,0,0,[]
1,1,"[[8848,11410]]",0,0,[],1,0,[],0,0,0,0,0,[],8848,0,0,[]
2,2,"[[5716,8849],[8849,10280]]",0,0,[],2,0,[],0,0,0,0,0,[],8849,0,0,[]
2,2,"[[1670,8852],[8852,12459]]",0,0,[],2,0,[],0,0,0,0,0,[],8852,0,0,[]
2,2,"[[2540,8853],[6875,8853]]",0,0,[],2,0,[],0,0,0,0,0,[],8853,0,0,[]
1,1,"[[8854,12916]]",0,0,[],1,0,[],0,0,0,0,0,[],8854,0,0,[]
1,1,"[[8855,12983]]",0,0,[],1,0,[],0,0,0,0,0,[],8855,0,0,[]
1,1,"[[7252,8856]]",0,0,[],1,0,[],0,0,0,0,0,[],8856,0,0,[]
2,2,"[[4702,8857],[8857,9873]]",0,0,[],2,0,[],0,0,0,0,0,[],8857,0,0,[]
1,1,"[[7300,8858]]",0,0,[],1,0,[],0,0,0,0,0,[],8858,0,0,[]
2,2,"[[4097,8859],[8859,12569]]",0,0,[],2,0,[],0,0,0,0,0,[],8859,0,0,[]
2,2,"[[8636,8861],[8861,11933]]",0,0,[],2,0,[],0,0,0,0,0,[],8861,0,0,[]
1,1,"[[6390,8862]]",0,0,[],1,0,[],0,0,0,0,0,[],8862,0,0,[]
1,1,"[[8863,12589]]",0,0,[],1,0,[],0,0,0,0,0,[],8863,0,0,[]
2,2,"[[7468,8864],[8238,8864]]",0,0,[],2,0,[],0,0,0,0,0,[],8864,0,0,[]
1,1,"[[8865,11085]]",0,0,[],1,0,[],0,0,0,0,0,[],8865,0,0,[]
2,2,"[[1553,8866],[8866,11359]]",0,0,[],2,0,[],0,0,0,0,0,[],8866,0,0,[]
2,2,"[[4253,8867],[7311,8867]]",0,0,[],2,0,[],0,0,0,0,0,[],8867,0,0,[]
1,1,"[[6199,8868]]",0,0,[],1,0,[],0,0,0,0,0,[],8868,0,0,[]
1,1,"[[7648,8869]]",0,0,[],1,0,[],0,0,0,0,0,[],8869,0,0,[]
1,1,"[[4016,8870]]",0,0,[],1,0,[],0,0,0,0,0,[],8870,0,0,[]
1,1,"[[5499,8871]]",0,0,[],1,0,[],0,0,0,0,0,[],8871,0,0,[]
1,1,"[[8872,9354]]",0,0,[],1,0,[],0,0,0,0,0,[],8872,0,0,[]
2,2,"[[8019,8873],[8873,12193]]",0,0,[],2,0,[],0,0,0,0,0,[],8873,0,0,[]
2,2,"[[3216,8874],[8874,9298]]",0,0,[],2,0,[],0,0,0,0,0,[],8874,0,0,[]
2,2,"[[7504,8875],[8677,8875]]",0,0,[],2,0,[],0,0,0,0,0,[],8875,0,0,[]
1,1,"[[8876,10290]]",0,0,[],1,0,[],0,0,0,0,0,[],8876,0,0,[]
2,2,"[[6546,8877],[8877,10276]]",0,0,[],2,0,[],0,0,0,0,0,[],8877,0,0,[]
2,2,"[[4241,8878],[8878,9867]]",0,0,[],2,0,[],0,0,0,0,0,[],8878,0,0,[]
1,1,"[[2939,8879]]",0,0,[],1,0,[],0,0,0,0,0,[],8879,0,0,[]
2,2,"[[7518,8880],[8880,11326]]",0,0,[],2,0,[],0,0,0,0,0,[],8880,0,0,[]
2,2,"[[5398,8881],[8881,12201]]",0,0,[],2,0,[],0,0,0,0,0,[],8881,0,0,[]
1,1,"[[6480,8885]]",0,0,[],1,0,[],0,0,0,0,0,[],8885,0,0,[]
2,2,"[[8886,9057],[8886,9912]]",0,0,[],2,0,[],0,0,0,0,0,[],8886,0,0,[]
2,2,"[[6007,8887],[8887,10498]]",0,0,[],2,0,[],0,0,0,0,0,[],8887,0,0,[]
2,2,"[[6815,8889],[8889,12278]]",0,0,[],2,0,[],0,0,0,0,0,[],8889,0,0,[]
2,2,"[[6282,8890],[8890,10391]]",0,0,[],2,0,[],0,0,0,0,0,[],8890,0,0,[]
1,1,"[[3857,8891]]",0,0,[],1,0,[],0,0,0,0,0,[],8891,0,0,[]
1,1,"[[5779,8893]]",0,0,[],1,0,[],0,0,0,0,0,[],8893,0,0,[]
1,1,"[[4596,8894]]",0,0,[],1,0,[],0,0,0,0,0,[],8894,0,0,[]
2,2,"[[8895,11741],[8895,12170]]",0,0,[],2,0,[],0,0,0,0,0,[],8895,0,0,[]
2,2,"[[3493,8896],[8896,10179]]",0,0,[],2,0,[],0,0,0,0,0,[],8896,0,0,[]
1,1,"[[8897,11313]]",0,0,[],1,0,[],0,0,0,0,0,[],8897,0,0,[]
2,2,"[[7561,8898],[8898,10180]]",0,0,[],2,0,[],0,0,0,0,0,[],8898,0,0,[]
1,1,"[[4545,8899]]",0,0,[],1,0,[],0,0,0,0,0,[],8899,0,0,[]
2,2,"[[3543,8900],[4466,8900]]",0,0,[],2,0,[],0,0,0,0,0,[],8900,0,0,[]
1,1,"[[4275,8901]]",0,0,[],1,0,[],0,0,0,0,0,[],8901,0,0,[]
1,1,"[[8155,8902]]",0,0,[],1,0,[],0,0,0,0,0,[],8902,0,0,[]
2,2,"[[7042,8903],[8903,13017]]",0,0,[],2,0,[],0,0,0,0,0,[],8903,0,0,[]
2,2,"[[8216,8904],[8904,10650]]",0,0,[],2,0,[],0,0,0,0,0,[],8904,0,0,[]
1,1,"[[7536,8906]]",0,0,[],1,0,[],0,0,0,0,0,[],8906,0,0,[]
2,2,"[[8907,11466],[8907,12351]]",0,0,[],2,0,[],0,0,0,0,0,[],8907,0,0,[]
2,2,"[[8908,10280],[8908,10599]]",0,0,[],2,0,[],0,0,0,0,0,[],8908,0,0,[]
1,1,"[[7074,8909]]",0,0,[],1,0,[],0,0,0,0,0,[],8909,0,0,[]
1,1,"[[8349,8910]]",0,0,[],1,0,[],0,0,0,0,0,[],8910,0,0,[]
2,2,"[[6811,8911],[8077,8911]]",0,0,[],2,0,[],0,0,0,0,0,[],8911,0,0,[]
1,1,"[[7194,8912]]",0,0,[],1,0,[],0,0,0,0,0,[],8912,0,0,[]
2,2,"[[5022,8913],[7716,8913]]",0,0,[],2,0,[],0,0,0,0,0,[],8913,0,0,[]
1,1,"[[5964,8915]]",0,0,[],1,0,[],0,0,0,0,0,[],8915,0,0,[]
2,2,"[[3638,8916],[6659,8916]]",0,0,[],2,0,[],0,0,0,0,0,[],8916,0,0,[]
1,1,"[[4615,8917]]",0,0,[],1,0,[],0,0,0,0,0,[],8917,0,0,[]
1,1,"[[8919,11475]]",0,0,[],1,0,[],0,0,0,0,0,[],8919,0,0,[]
1,1,"[[8920,11409]]",0,0,[],1,0,[],0,0,0,0,0,[],8920,0,0,[]
1,1,"[[8921,10700]]",0,0,[],1,0,[],0,0,0,0,0,[],8921,0,0,[]
2,2,"[[6945,8922],[8922,9004]]",0,0,[],2,0,[],0,0,0,0,0,[],8922,0,0,[]
2,2,"[[7880,8923],[8145,8923]]",0,0,[],2,0,[],0,0,0,0,0,[],8923,0,0,[]
2,2,"[[2488,8924],[8924,9250]]",0,0,[],2,0,[],0,0,0,0,0,[],8924,0,0,[]
2,2,"[[5528,8925],[8925,10507]]",0,0,[],2,0,[],0,0,0,0,0,[],8925,0,0,[]
2,2,"[[2348,8926],[5178,8926]]",0,0,[],2,0,[],0,0,0,0,0,[],8926,0,0,[]
1,1,"[[8927,10358]]",0,0,[],1,0,[],0,0,0,0,0,[],8927,0,0,[]
2,2,"[[5123,8928],[8928,11465]]",0,0,[],2,0,[],0,0,0,0,0,[],8928,0,0,[]
1,1,"[[8929,10633]]",0,0,[],1,0,[],0,0,0,0,0,[],8929,0,0,[]
1,1,"[[7673,8930]]",0,0,[],1,0,[],0,0,0,0,0,[],8930,0,0,[]
2,2,"[[49,8931],[5066,8931]]",0,0,[],2,0,[],0,0,0,0,0,[],8931,0,0,[]
2,2,"[[2875,8933],[6314,8933]]",0,0,[],2,0,[],0,0,0,0,0,[],8933,0,0,[]
2,2,"[[6266,8935],[8935,11402]]",0,0,[],2,0,[],0,0,0,0,0,[],8935,0,0,[]
1,1,"[[8936,9352]]",0,0,[],1,0,[],0,0,0,0,0,[],8936,0,0,[]
2,2,"[[7276,8937],[7379,8937]]",0,0,[],2,0,[],0,0,0,0,0,[],8937,0,0,[]
2,2,"[[1270,8938],[3645,8938]]",0,0,[],2,0,[],0,0,0,0,0,[],8938,0,0,[]
2,2,"[[8940,11232],[8940,11275]]",0,0,[],2,0,[],0,0,0,0,0,[],8940,0,0,[]
2,2,"[[970,8942],[8942,9805]]",0,0,[],2,0,[],0,0,0,0,0,[],8942,0,0,[]
2,2,"[[942,8943],[5150,8943]]",0,0,[],2,0,[],0,0,0,0,0,[],8943,0,0,[]
2,2,"[[4717,8944],[5659,8944]]",0,0,[],2,0,[],0,0,0,0,0,[],8944,0,0,[]
2,2,"[[2650,8945],[8945,12547]]",0,0,[],2,0,[],0,0,0,0,0,[],8945,0,0,[]
1,1,"[[8946,9818]]",0,0,[],1,0,[],0,0,0,0,0,[],8946,0,0,[]
1,1,"[[6136,8947]]",0,0,[],1,0,[],0,0,0,0,0,[],8947,0,0,[]
1,1,"[[8948,9524]]",0,0,[],1,0,[],0,0,0,0,0,[],8948,0,0,[]
2,2,"[[8924,8949],[8949,12040]]",0,0,[],2,0,[],0,0,0,0,0,[],8949,0,0,[]
2,2,"[[1827,8950],[5490,8950]]",0,0,[],2,0,[],0,0,0,0,0,[],8950,0,0,[]
1,1,"[[8951,11064]]",0,0,[],1,0,[],0,0,0,0,0,[],8951,0,0,[]
2,2,"[[2219,8952],[4403,8952]]",0,0,[],2,0,[],0,0,0,0,0,[],8952,0,0,[]
2,2,"[[5790,8953],[8953,12063]]",0,0,[],2,0,[],0,0,0,0,0,[],8953,0,0,[]
2,2,"[[4953,8954],[8954,13037]]",0,0,[],2,0,[],0,0,0,0,0,[],8954,0,0,[]
2,2,"[[8955,9106],[8955,11365]]",0,0,[],2,0,[],0,0,0,0,0,[],8955,0,0,[]
1,1,"[[8956,13172]]",0,0,[],1,0,[],0,0,0,0,0,[],8956,0,0,[]
2,2,"[[2798,8957],[8957,11315]]",0,0,[],2,0,[],0,0,0,0,0,[],8957,0,0,[]
1,1,"[[8958,9710]]",0,0,[],1,0,[],0,0,0,0,0,[],8958,0,0,[]
2,2,"[[7114,8959],[8959,10481]]",0,0,[],2,0,[],0,0,0,0,0,[],8959,0,0,[]
1,1,"[[8197,8961]]",0,0,[],1,0,[],0,0,0,0,0,[],8961,0,0,[]
1,1,"[[8962,9339]]",0,0,[],1,0,[],0,0,0,0,0,[],8962,0,0,[]
2,2,"[[3956,8963],[5531,8963]]",0,0,[],2,0,[],0,0,0,0,0,[],8963,0,0,[]
2,2,"[[6964,8964],[8884,8964]]",0,0,[],2,0,[],0,0,0,0,0,[],8964,0,0,[]
2,2,"[[5114,8965],[5283,8965]]",0,0,[],2,0,[],0,0,0,0,0,[],8965,0,0,[]
1,1,"[[5558,8968]]",0,0,[],1,0,[],0,0,0,0,0,[],8968,0,0,[]
1,1,"[[8969,9467]]",0,0,[],1,0,[],0,0,0,0,0,[],8969,0,0,[]
1,1,"[[8970,11144]]",0,0,[],1,0,[],0,0,0,0,0,[],8970,0,0,[]
2,2,"[[4405,8971],[7110,8971]]",0,0,[],2,0,[],0,0,0,0,0,[],8971,0,0,[]
1,1,"[[8733,8972]]",0,0,[],1,0,[],0,0,0,0,0,[],8972,0,0,[]
2,2,"[[6464,8973],[8973,10698]]",0,0,[],2,0,[],0,0,0,0,0,[],8973,0,0,[]
2,2,"[[2382,8974],[7796,8974]]",0,0,[],2,0,[],0,0,0,0,0,[],8974,0,0,[]
2,2,"[[690,8975],[7561,8975]]",0,0,[],2,0,[],0,0,0,0,0,[],8975,0,0,[]
1,1,"[[8976,11514]]",0,0,[],1,0,[],0,0,0,0,0,[],8976,0,0,[]
2,2,"[[8822,8977],[8977,9949]]",0,0,[],2,0,[],0,0,0,0,0,[],8977,0,0,[]
1,1,"[[4516,8978]]",0,0,[],1,0,[],0,0,0,0,0,[],8978,0,0,[]
1,1,"[[8979,11899]]",0,0,[],1,0,[],0,0,0,0,0,[],8979,0,0,[]
2,2,"[[8981,9630],[8981,12616]]",0,0,[],2,0,[],0,0,0,0,0,[],8981,0,0,[]
2,2,"[[4930,8982],[8982,13690]]",0,0,[],2,0,[],0,0,0,0,0,[],8982,0,0,[]
1,1,"[[8983,12003]]",0,0,[],1,0,[],0,0,0,0,0,[],8983,0,0,[]
2,2,"[[8984,9675],[8984,12180]]",0,0,[],2,0,[],0,0,0,0,0,[],8984,0,0,[]
1,1,"[[8603,8985]]",0,0,[],1,0,[],0,0,0,0,0,[],8985,0,0,[]
2,2,"[[8986,9363],[8986,11102]]",0,0,[],2,0,[],0,0,0,0,0,[],8986,0,0,[]
2,2,"[[7341,8989],[8989,9425]]",0,0,[],2,0,[],0,0,0,0,0,[],8989,0,0,[]
2,2,"[[8941,8990],[8990,9218]]",0,0,[],2,0,[],0,0,0,0,0,[],8990,0,0,[]
1,1,"[[3278,8992]]",0,0,[],1,0,[],0,0,0,0,0,[],8992,0,0,[]
1,1,"[[4873,8993]]",0,0,[],1,0,[],0,0,0,0,0,[],8993,0,0,[]
1,1,"[[8994,9303]]",0,0,[],1,0,[],0,0,0,0,0,[],8994,0,0,[]
2,2,"[[8995,9324],[8995,10319]]",0,0,[],2,0,[],0,0,0,0,0,[],8995,0,0,[]
1,1,"[[8996,9636]]",0,0,[],1,0,[],0,0,0,0,0,[],8996,0,0,[]
2,2,"[[8157,8997],[8997,9904]]",0,0,[],2,0,[],0,0,0,0,0,[],8997,0,0,[]
2,2,"[[3519,8998],[6369,8998]]",0,0,[],2,0,[],0,0,0,0,0,[],8998,0,0,[]
1,1,"[[5108,8999]]",0,0,[],1,0,[],0,0,0,0,0,[],8999,0,0,[]
2,2,"[[5849,9000],[8001,9000]]",0,0,[],2,0,[],0,0,0,0,0,[],9000,0,0,[]
2,2,"[[1015,9001],[9001,9647]]",0,0,[],2,0,[],0,0,0,0,0,[],9001,0,0,[]
2,2,"[[8344,9002],[9002,9408]]",0,0,[],2,0,[],0,0,0,0,0,[],9002,0,0,[]
2,2,"[[2251,9003],[6874,9003]]",0,0,[],2,0,[],0,0,0,0,0,[],9003,0,0,[]
1,1,"[[9004,11734]]",0,0,[],1,0,[],0,0,0,0,0,[],9004,0,0,[]
2,2,"[[6894,9005],[7465,9005]]",0,0,[],2,0,[],0,0,0,0,0,[],9005,0,0,[]
2,2,"[[8539,9006],[9006,10012]]",0,0,[],2,0,[],0,0,0,0,0,[],9006,0,0,[]
1,1,"[[5007,9008]]",0,0,[],1,0,[],0,0,0,0,0,[],9008,0,0,[]
2,2,"[[3724,9010],[4983,9010]]",0,0,[],2,0,[],0,0,0,0,0,[],9010,0,0,[]
1,1,"[[8968,9011]]",0,0,[],1,0,[],0,0,0,0,0,[],9011,0,0,[]
1,1,"[[7783,9012]]",0,0,[],1,0,[],0,0,0,0,0,[],9012,0,0,[]
2,2,"[[6482,9013],[8103,9013]]",0,0,[],2,0,[],0,0,0,0,0,[],9013,0,0,[]
2,2,"[[9014,9910],[9014,10319]]",0,0,[],2,0,[],0,0,0,0,0,[],9014,0,0,[]
2,2,"[[5885,9015],[9015,9849]]",0,0,[],2,0,[],0,0,0,0,0,[],9015,0,0,[]
2,2,"[[68,9017],[6767,9017]]",0,0,[],2,0,[],0,0,0,0,0,[],9017,0,0,[]
1,1,"[[9018,12124]]",0,0,[],1,0,[],0,0,0,0,0,[],9018,0,0,[]
2,2,"[[7363,9019],[9019,9677]]",0,0,[],2,0,[],0,0,0,0,0,[],9019,0,0,[]
1,1,"[[9021,9273]]",0,0,[],1,0,[],0,0,0,0,0,[],9021,0,0,[]
1,1,"[[2924,9022]]",0,0,[],1,0,[],0,0,0,0,0,[],9022,0,0,[]
1,1,"[[5344,9023]]",0,0,[],1,0,[],0,0,0,0,0,[],9023,0,0,[]
2,2,"[[9024,9790],[9024,10965]]",0,0,[],2,0,[],0,0,0,0,0,[],9024,0,0,[]
1,1,"[[9025,12798]]",0,0,[],1,0,[],0,0,0,0,0,[],9025,0,0,[]
2,2,"[[5361,9026],[9026,12787]]",0,0,[],2,0,[],0,0,0,0,0,[],9026,0,0,[]
2,2,"[[5643,9027],[8296,9027]]",0,0,[],2,0,[],0,0,0,0,0,[],9027,0,0,[]
2,2,"[[965,9029],[2447,9029]]",0,0,[],2,0,[],0,0,0,0,0,[],9029,0,0,[]
2,2,"[[9030,11379],[9030,12042]]",0,0,[],2,0,[],0,0,0,0,0,[],9030,0,0,[]
1,1,"[[3627,9031]]",0,0,[],1,0,[],0,0,0,0,0,[],9031,0,0,[]
1,1,"[[5808,9032]]",0,0,[],1,0,[],0,0,0,0,0,[],9032,0,0,[]
1,1,"[[9033,9663]]",0,0,[],1,0,[],0,0,0,0,0,[],9033,0,0,[]
1,1,"[[2278,9034]]",0,0,[],1,0,[],0,0,0,0,0,[],9034,0,0,[]
2,2,"[[2854,9035],[5021,9035]]",0,0,[],2,0,[],0,0,0,0,0,[],9035,0,0,[]
2,2,"[[9037,9429],[9037,9989]]",0,0,[],2,0,[],0,0,0,0,0,[],9037,0,0,[]
1,1,"[[9028,9038]]",0,0,[],1,0,[],0,0,0,0,0,[],9038,0,0,[]
1,1,"[[3907,9040]]",0,0,[],1,0,[],0,0,0,0,0,[],9040,0,0,[]
1,1,"[[6432,9041]]",0,0,[],1,0,[],0,0,0,0,0,[],9041,0,0,[]
1,1,"[[9042,9393]]",0,0,[],1,0,[],0,0,0,0,0,[],9042,0,0,[]
2,2,"[[8140,9043],[9043,11371]]",0,0,[],2,0,[],0,0,0,0,0,[],9043,0,0,[]
1,1,"[[6444,9044]]",0,0,[],1,0,[],0,0,0,0,0,[],9044,0,0,[]
1,1,"[[2690,9045]]",0,0,[],1,0,[],0,0,0,0,0,[],9045,0,0,[]
1,1,"[[9046,9369]]",0,0,[],1,0,[],0,0,0,0,0,[],9046,0,0,[]
1,1,"[[9049,10531]]",0,0,[],1,0,[],0,0,0,0,0,[],9049,0,0,[]
1,1,"[[5320,9050]]",0,0,[],1,0,[],0,0,0,0,0,[],9050,0,0,[]
1,1,"[[9051,13509]]",0,0,[],1,0,[],0,0,0,0,0,[],9051,0,0,[]
2,2,"[[9052,10258],[9052,11139]]",0,0,[],2,0,[],0,0,0,0,0,[],9052,0,0,[]
2,2,"[[9053,10742],[9053,11960]]",0,0,[],2,0,[],0,0,0,0,0,[],9053,0,0,[]
1,1,"[[3417,9054]]",0,0,[],1,0,[],0,0,0,0,0,[],9054,0,0,[]
1,1,"[[9056,10467]]",0,0,[],1,0,[],0,0,0,0,0,[],9056,0,0,[]
1,1,"[[5231,9057]]",0,0,[],1,0,[],0,0,0,0,0,[],9057,0,0,[]
2,2,"[[4442,9058],[9058,10088]]",0,0,[],2,0,[],0,0,0,0,0,[],9058,0,0,[]
2,2,"[[9059,9165],[9059,10588]]",0,0,[],2,0,[],0,0,0,0,0,[],9059,0,0,[]
1,1,"[[5550,9060]]",0,0,[],1,0,[],0,0,0,0,0,[],9060,0,0,[]
1,1,"[[6021,9062]]",0,0,[],1,0,[],0,0,0,0,0,[],9062,0,0,[]
2,2,"[[6047,9063],[9063,11701]]",0,0,[],2,0,[],0,0,0,0,0,[],9063,0,0,[]
1,1,"[[8963,9064]]",0,0,[],1,0,[],0,0,0,0,0,[],9064,0,0,[]
2,2,"[[1586,9065],[6032,9065]]",0,0,[],2,0,[],0,0,0,0,0,[],9065,0,0,[]
2,2,"[[6638,9066],[9066,11485]]",0,0,[],2,0,[],0,0,0,0,0,[],9066,0,0,[]
1,1,"[[6760,9067]]",0,0,[],1,0,[],0,0,0,0,0,[],9067,0,0,[]
1,1,"[[5742,9068]]",0,0,[],1,0,[],0,0,0,0,0,[],9068,0,0,[]
2,2,"[[4572,9069],[7101,9069]]",0,0,[],2,0,[],0,0,0,0,0,[],9069,0,0,[]
1,1,"[[6786,9070]]",0,0,[],1,0,[],0,0,0,0,0,[],9070,0,0,[]
2,2,"[[9008,9072],[9072,10600]]",0,0,[],2,0,[],0,0,0,0,0,[],9072,0,0,[]
2,2,"[[7895,9073],[8849,9073]]",0,0,[],2,0,[],0,0,0,0,0,[],9073,0,0,[]
2,2,"[[6817,9074],[7909,9074]]",0,0,[],2,0,[],0,0,0,0,0,[],9074,0,0,[]
1,1,"[[5613,9075]]",0,0,[],1,0,[],0,0,0,0,0,[],9075,0,0,[]
2,2,"[[275,9076],[5011,9076]]",0,0,[],2,0,[],0,0,0,0,0,[],9076,0,0,[]
2,2,"[[5326,9077],[5781,9077]]",0,0,[],2,0,[],0,0,0,0,0,[],9077,0,0,[]
1,1,"[[6938,9078]]",0,0,[],1,0,[],0,0,0,0,0,[],9078,0,0,[]
1,1,"[[636,9079]]",0,0,[],1,0,[],0,0,0,0,0,[],9079,0,0,[]
2,2,"[[6775,9080],[7329,9080]]",0,0,[],2,0,[],0,0,0,0,0,[],9080,0,0,[]
1,1,"[[3942,9081]]",0,0,[],1,0,[],0,0,0,0,0,[],9081,0,0,[]
1,1,"[[9082,13181]]",0,0,[],1,0,[],0,0,0,0,0,[],9082,0,0,[]
1,1,"[[9083,9825]]",0,0,[],1,0,[],0,0,0,0,0,[],9083,0,0,[]
1,1,"[[9030,9085]]",0,0,[],1,0,[],0,0,0,0,0,[],9085,0,0,[]
2,2,"[[6770,9086],[8711,9086]]",0,0,[],2,0,[],0,0,0,0,0,[],9086,0,0,[]
1,1,"[[3703,9087]]",0,0,[],1,0,[],0,0,0,0,0,[],9087,0,0,[]
2,2,"[[9089,10624],[9089,10805]]",0,0,[],2,0,[],0,0,0,0,0,[],9089,0,0,[]
2,2,"[[4468,9091],[9091,12096]]",0,0,[],2,0,[],0,0,0,0,0,[],9091,0,0,[]
1,1,"[[4510,9092]]",0,0,[],1,0,[],0,0,0,0,0,[],9092,0,0,[]
2,2,"[[7558,9093],[9093,10711]]",0,0,[],2,0,[],0,0,0,0,0,[],9093,0,0,[]
1,1,"[[8305,9094]]",0,0,[],1,0,[],0,0,0,0,0,[],9094,0,0,[]
1,1,"[[8400,9095]]",0,0,[],1,0,[],0,0,0,0,0,[],9095,0,0,[]
2,2,"[[7207,9097],[9097,12234]]",0,0,[],2,0,[],0,0,0,0,0,[],9097,0,0,[]
1,1,"[[9098,12359]]",0,0,[],1,0,[],0,0,0,0,0,[],9098,0,0,[]
2,2,"[[5372,9099],[9099,9633]]",0,0,[],2,0,[],0,0,0,0,0,[],9099,0,0,[]
1,1,"[[4310,9100]]",0,0,[],1,0,[],0,0,0,0,0,[],9100,0,0,[]
2,2,"[[8971,9101],[9101,9985]]",0,0,[],2,0,[],0,0,0,0,0,[],9101,0,0,[]
2,2,"[[7743,9102],[9102,12710]]",0,0,[],2,0,[],0,0,0,0,0,[],9102,0,0,[]
1,1,"[[5896,9103]]",0,0,[],1,0,[],0,0,0,0,0,[],9103,0,0,[]
2,2,"[[6165,9104],[9104,9559]]",0,0,[],2,0,[],0,0,0,0,0,[],9104,0,0,[]
1,1,"[[62,9105]]",0,0,[],1,0,[],0,0,0,0,0,[],9105,0,0,[]
1,1,"[[9106,11331]]",0,0,[],1,0,[],0,0,0,0,0,[],9106,0,0,[]
2,2,"[[5655,9107],[7496,9107]]",0,0,[],2,0,[],0,0,0,0,0,[],9107,0,0,[]
1,1,"[[9108,9721]]",0,0,[],1,0,[],0,0,0,0,0,[],9108,0,0,[]
1,1,"[[4761,9109]]",0,0,[],1,0,[],0,0,0,0,0,[],9109,0,0,[]
2,2,"[[4723,9110],[8042,9110]]",0,0,[],2,0,[],0,0,0,0,0,[],9110,0,0,[]
1,1,"[[7473,9111]]",0,0,[],1,0,[],0,0,0,0,0,[],9111,0,0,[]
2,2,"[[3091,9112],[4752,9112]]",0,0,[],2,0,[],0,0,0,0,0,[],9112,0,0,[]
1,1,"[[9113,12869]]",0,0,[],1,0,[],0,0,0,0,0,[],9113,0,0,[]
2,2,"[[7104,9114],[9023,9114]]",0,0,[],2,0,[],0,0,0,0,0,[],9114,0,0,[]
2,2,"[[9115,10139],[9115,13363]]",0,0,[],2,0,[],0,0,0,0,0,[],9115,0,0,[]
1,1,"[[3886,9117]]",0,0,[],1,0,[],0,0,0,0,0,[],9117,0,0,[]
1,1,"[[5392,9120]]",0,0,[],1,0,[],0,0,0,0,0,[],9120,0,0,[]
2,2,"[[7064,9122],[7252,9122]]",0,0,[],2,0,[],0,0,0,0,0,[],9122,0,0,[]
1,1,"[[9123,12729]]",0,0,[],1,0,[],0,0,0,0,0,[],9123,0,0,[]
1,1,"[[7970,9124]]",0,0,[],1,0,[],0,0,0,0,0,[],9124,0,0,[]
2,2,"[[4135,9125],[8829,9125]]",0,0,[],2,0,[],0,0,0,0,0,[],9125,0,0,[]
2,2,"[[8907,9126],[9126,12689]]",0,0,[],2,0,[],0,0,0,0,0,[],9126,0,0,[]
1,1,"[[6065,9127]]",0,0,[],1,0,[],0,0,0,0,0,[],9127,0,0,[]
1,1,"[[8389,9128]]",0,0,[],1,0,[],0,0,0,0,0,[],9128,0,0,[]
2,2,"[[9131,11407],[9131,13406]]",0,0,[],2,0,[],0,0,0,0,0,[],9131,0,0,[]
2,2,"[[9132,10058],[9132,10933]]",0,0,[],2,0,[],0,0,0,0,0,[],9132,0,0,[]
2,2,"[[6800,9133],[7421,9133]]",0,0,[],2,0,[],0,0,0,0,0,[],9133,0,0,[]
2,2,"[[9134,10001],[9134,11589]]",0,0,[],2,0,[],0,0,0,0,0,[],9134,0,0,[]
2,2,"[[3780,9135],[9135,11455]]",0,0,[],2,0,[],0,0,0,0,0,[],9135,0,0,[]
2,2,"[[2849,9137],[6048,9137]]",0,0,[],2,0,[],0,0,0,0,0,[],9137,0,0,[]
2,2,"[[8851,9138],[9138,9936]]",0,0,[],2,0,[],0,0,0,0,0,[],9138,0,0,[]
2,2,"[[4595,9139],[7047,9139]]",0,0,[],2,0,[],0,0,0,0,0,[],9139,0,0,[]
2,2,"[[4887,9140],[5880,9140]]",0,0,[],2,0,[],0,0,0,0,0,[],9140,0,0,[]
2,2,"[[955,9143],[8655,9143]]",0,0,[],2,0,[],0,0,0,0,0,[],9143,0,0,[]
2,2,"[[6205,9144],[9144,9171]]",0,0,[],2,0,[],0,0,0,0,0,[],9144,0,0,[]
2,2,"[[7698,9145],[9145,11724]]",0,0,[],2,0,[],0,0,0,0,0,[],9145,0,0,[]
2,2,"[[500,9146],[7995,9146]]",0,0,[],2,0,[],0,0,0,0,0,[],9146,0,0,[]
2,2,"[[4639,9147],[7808,9147]]",0,0,[],2,0,[],0,0,0,0,0,[],9147,0,0,[]
1,1,"[[4299,9148]]",0,0,[],1,0,[],0,0,0,0,0,[],9148,0,0,[]
1,1,"[[1118,9150]]",0,0,[],1,0,[],0,0,0,0,0,[],9150,0,0,[]
2,2,"[[9152,10453],[9152,10596]]",0,0,[],2,0,[],0,0,0,0,0,[],9152,0,0,[]
1,1,"[[9153,10266]]",0,0,[],1,0,[],0,0,0,0,0,[],9153,0,0,[]
2,2,"[[4528,9154],[5881,9154]]",0,0,[],2,0,[],0,0,0,0,0,[],9154,0,0,[]
2,2,"[[7865,9155],[9155,12707]]",0,0,[],2,0,[],0,0,0,0,0,[],9155,0,0,[]
2,2,"[[4039,9156],[4053,9156]]",0,0,[],2,0,[],0,0,0,0,0,[],9156,0,0,[]
1,1,"[[3334,9157]]",0,0,[],1,0,[],0,0,0,0,0,[],9157,0,0,[]
2,2,"[[3927,9158],[9158,12694]]",0,0,[],2,0,[],0,0,0,0,0,[],9158,0,0,[]
2,2,"[[7274,9160],[8277,9160]]",0,0,[],2,0,[],0,0,0,0,0,[],9160,0,0,[]
2,2,"[[4472,9161],[9161,10698]]",0,0,[],2,0,[],0,0,0,0,0,[],9161,0,0,[]
2,2,"[[1162,9162],[3199,9162]]",0,0,[],2,0,[],0,0,0,0,0,[],9162,0,0,[]
1,1,"[[5943,9163]]",0,0,[],1,0,[],0,0,0,0,0,[],9163,0,0,[]
1,1,"[[9164,10675]]",0,0,[],1,0,[],0,0,0,0,0,[],9164,0,0,[]
2,2,"[[9165,9473],[9165,9687]]",0,0,[],2,0,[],0,0,0,0,0,[],9165,0,0,[]
2,2,"[[1201,9166],[6737,9166]]",0,0,[],2,0,[],0,0,0,0,0,[],9166,0,0,[]
2,2,"[[4029,9167],[4845,9167]]",0,0,[],2,0,[],0,0,0,0,0,[],9167,0,0,[]
2,2,"[[8727,9168],[9168,11704]]",0,0,[],2,0,[],0,0,0,0,0,[],9168,0,0,[]
2,2,"[[5164,9169],[9147,9169]]",0,0,[],2,0,[],0,0,0,0,0,[],9169,0,0,[]
1,1,"[[6867,9170]]",0,0,[],1,0,[],0,0,0,0,0,[],9170,0,0,[]
2,2,"[[6886,9171],[9171,12636]]",0,0,[],2,0,[],0,0,0,0,0,[],9171,0,0,[]
2,2,"[[2513,9172],[5405,9172]]",0,0,[],2,0,[],0,0,0,0,0,[],9172,0,0,[]
2,2,"[[5298,9173],[5642,9173]]",0,0,[],2,0,[],0,0,0,0,0,[],9173,0,0,[]
2,2,"[[4437,9174],[9174,9329]]",0,0,[],2,0,[],0,0,0,0,0,[],9174,0,0,[]
1,1,"[[2925,9175]]",0,0,[],1,0,[],0,0,0,0,0,[],9175,0,0,[]
2,2,"[[3344,9176],[5084,9176]]",0,0,[],2,0,[],0,0,0,0,0,[],9176,0,0,[]
2,2,"[[4683,9177],[7859,9177]]",0,0,[],2,0,[],0,0,0,0,0,[],9177,0,0,[]
1,1,"[[9179,9448]]",0,0,[],1,0,[],0,0,0,0,0,[],9179,0,0,[]
1,1,"[[1259,9181]]",0,0,[],1,0,[],0,0,0,0,0,[],9181,0,0,[]
2,2,"[[7481,9182],[9182,12463]]",0,0,[],2,0,[],0,0,0,0,0,[],9182,0,0,[]
1,1,"[[9183,10424]]",0,0,[],1,0,[],0,0,0,0,0,[],9183,0,0,[]
2,2,"[[5052,9184],[9184,11233]]",0,0,[],2,0,[],0,0,0,0,0,[],9184,0,0,[]
2,2,"[[5030,9185],[8731,9185]]",0,0,[],2,0,[],0,0,0,0,0,[],9185,0,0,[]
2,2,"[[3991,9186],[9186,9818]]",0,0,[],2,0,[],0,0,0,0,0,[],9186,0,0,[]
2,2,"[[3373,9187],[9187,11293]]",0,0,[],2,0,[],0,0,0,0,0,[],9187,0,0,[]
1,1,"[[1156,9188]]",0,0,[],1,0,[],0,0,0,0,0,[],9188,0,0,[]
1,1,"[[5970,9189]]",0,0,[],1,0,[],0,0,0,0,0,[],9189,0,0,[]
2,2,"[[4278,9190],[4468,9190]]",0,0,[],2,0,[],0,0,0,0,0,[],9190,0,0,[]
2,2,"[[3179,9191],[9191,9490]]",0,0,[],2,0,[],0,0,0,0,0,[],9191,0,0,[]
1,1,"[[5177,9192]]",0,0,[],1,0,[],0,0,0,0,0,[],9192,0,0,[]
2,2,"[[7577,9193],[9193,11759]]",0,0,[],2,0,[],0,0,0,0,0,[],9193,0,0,[]
2,2,"[[4710,9194],[9194,9203]]",0,0,[],2,0,[],0,0,0,0,0,[],9194,0,0,[]
2,2,"[[9195,10151],[9195,10516]]",0,0,[],2,0,[],0,0,0,0,0,[],9195,0,0,[]
2,2,"[[3714,9196],[7410,9196]]",0,0,[],2,0,[],0,0,0,0,0,[],9196,0,0,[]
2,2,"[[4875,9197],[5360,9197]]",0,0,[],2,0,[],0,0,0,0,0,[],9197,0,0,[]
2,2,"[[2944,9198],[3880,9198]]",0,0,[],2,0,[],0,0,0,0,0,[],9198,0,0,[]
2,2,"[[5746,9199],[6468,9199]]",0,0,[],2,0,[],0,0,0,0,0,[],9199,0,0,[]
1,1,"[[9200,12532]]",0,0,[],1,0,[],0,0,0,0,0,[],9200,0,0,[]
2,2,"[[6808,9202],[9202,11538]]",0,0,[],2,0,[],0,0,0,0,0,[],9202,0,0,[]
1,1,"[[6548,9204]]",0,0,[],1,0,[],0,0,0,0,0,[],9204,0,0,[]
1,1,"[[4052,9206]]",0,0,[],1,0,[],0,0,0,0,0,[],9206,0,0,[]
2,2,"[[4159,9207],[9207,13467]]",0,0,[],2,0,[],0,0,0,0,0,[],9207,0,0,[]
1,1,"[[9208,9557]]",0,0,[],1,0,[],0,0,0,0,0,[],9208,0,0,[]
1,1,"[[9211,10691]]",0,0,[],1,0,[],0,0,0,0,0,[],9211,0,0,[]
2,2,"[[3535,9212],[9212,11801]]",0,0,[],2,0,[],0,0,0,0,0,[],9212,0,0,[]
2,2,"[[7245,9213],[8288,9213]]",0,0,[],2,0,[],0,0,0,0,0,[],9213,0,0,[]
1,1,"[[9214,10707]]",0,0,[],1,0,[],0,0,0,0,0,[],9214,0,0,[]
2,2,"[[4921,9215],[6477,9215]]",0,0,[],2,0,[],0,0,0,0,0,[],9215,0,0,[]
2,2,"[[9127,9216],[9216,12800]]",0,0,[],2,0,[],0,0,0,0,0,[],9216,0,0,[]
1,1,"[[9217,9840]]",0,0,[],1,0,[],0,0,0,0,0,[],9217,0,0,[]
1,1,"[[9218,11914]]",0,0,[],1,0,[],0,0,0,0,0,[],9218,0,0,[]
2,2,"[[6268,9219],[8847,9219]]",0,0,[],2,0,[],0,0,0,0,0,[],9219,0,0,[]
1,1,"[[3367,9220]]",0,0,[],1,0,[],0,0,0,0,0,[],9220,0,0,[]
2,2,"[[5110,9221],[5355,9221]]",0,0,[],2,0,[],0,0,0,0,0,[],9221,0,0,[]
2,2,"[[3642,9222],[4382,9222]]",0,0,[],2,0,[],0,0,0,0,0,[],9222,0,0,[]
1,1,"[[9225,12921]]",0,0,[],1,0,[],0,0,0,0,0,[],9225,0,0,[]
2,2,"[[770,9226],[5239,9226]]",0,0,[],2,0,[],0,0,0,0,0,[],9226,0,0,[]
2,2,"[[6646,9227],[7789,9227]]",0,0,[],2,0,[],0,0,0,0,0,[],9227,0,0,[]
1,1,"[[4336,9228]]",0,0,[],1,0,[],0,0,0,0,0,[],9228,0,0,[]
2,2,"[[8908,9229],[8959,9229]]",0,0,[],2,0,[],0,0,0,0,0,[],9229,0,0,[]
1,1,"[[6975,9230]]",0,0,[],1,0,[],0,0,0,0,0,[],9230,0,0,[]
2,2,"[[8868,9231],[9231,12077]]",0,0,[],2,0,[],0,0,0,0,0,[],9231,0,0,[]
2,2,"[[5351,9232],[9232,10493]]",0,0,[],2,0,[],0,0,0,0,0,[],9232,0,0,[]
2,2,"[[9233,10114],[9233,11660]]",0,0,[],2,0,[],0,0,0,0,0,[],9233,0,0,[]
2,2,"[[9234,10822],[9234,12029]]",0,0,[],2,0,[],0,0,0,0,0,[],9234,0,0,[]
1,1,"[[9235,13605]]",0,0,[],1,0,[],0,0,0,0,0,[],9235,0,0,[]
2,2,"[[2261,9236],[9228,9236]]",0,0,[],2,0,[],0,0,0,0,0,[],9236,0,0,[]
1,1,"[[9237,10354]]",0,0,[],1,0,[],0,0,0,0,0,[],9237,0,0,[]
2,2,"[[8688,9238],[9238,11169]]",0,0,[],2,0,[],0,0,0,0,0,[],9238,0,0,[]
2,2,"[[2393,9240],[3639,9240]]",0,0,[],2,0,[],0,0,0,0,0,[],9240,0,0,[]
1,1,"[[9242,13479]]",0,0,[],1,0,[],0,0,0,0,0,[],9242,0,0,[]
2,2,"[[2842,9243],[8773,9243]]",0,0,[],2,0,[],0,0,0,0,0,[],9243,0,0,[]
2,2,"[[6337,9244],[9244,10034]]",0,0,[],2,0,[],0,0,0,0,0,[],9244,0,0,[]
1,1,"[[5396,9245]]",0,0,[],1,0,[],0,0,0,0,0,[],9245,0,0,[]
1,1,"[[9246,10003]]",0,0,[],1,0,[],0,0,0,0,0,[],9246,0,0,[]
2,2,"[[9247,9686],[9247,10509]]",0,0,[],2,0,[],0,0,0,0,0,[],9247,0,0,[]
2,2,"[[9248,9445],[9248,13016]]",0,0,[],2,0,[],0,0,0,0,0,[],9248,0,0,[]
2,2,"[[8698,9250],[9250,11709]]",0,0,[],2,0,[],0,0,0,0,0,[],9250,0,0,[]
1,1,"[[9251,9563]]",0,0,[],1,0,[],0,0,0,0,0,[],9251,0,0,[]
1,1,"[[8388,9252]]",0,0,[],1,0,[],0,0,0,0,0,[],9252,0,0,[]
1,1,"[[8604,9253]]",0,0,[],1,0,[],0,0,0,0,0,[],9253,0,0,[]
1,1,"[[7897,9254]]",0,0,[],1,0,[],0,0,0,0,0,[],9254,0,0,[]
2,2,"[[4124,9255],[6910,9255]]",0,0,[],2,0,[],0,0,0,0,0,[],9255,0,0,[]
2,2,"[[3957,9257],[9257,10413]]",0,0,[],2,0,[],0,0,0,0,0,[],9257,0,0,[]
1,1,"[[9258,11909]]",0,0,[],1,0,[],0,0,0,0,0,[],9258,0,0,[]
2,2,"[[6598,9259],[9259,10508]]",0,0,[],2,0,[],0,0,0,0,0,[],9259,0,0,[]
1,1,"[[9261,10909]]",0,0,[],1,0,[],0,0,0,0,0,[],9261,0,0,[]
2,2,"[[9262,10578],[9262,12847]]",0,0,[],2,0,[],0,0,0,0,0,[],9262,0,0,[]
2,2,"[[9263,9637],[9263,11445]]",0,0,[],2,0,[],0,0,0,0,0,[],9263,0,0,[]
1,1,"[[1919,9264]]",0,0,[],1,0,[],0,0,0,0,0,[],9264,0,0,[]
1,1,"[[5078,9265]]",0,0,[],1,0,[],0,0,0,0,0,[],9265,0,0,[]
2,2,"[[9266,10857],[9266,12177]]",0,0,[],2,0,[],0,0,0,0,0,[],9266,0,0,[]
2,2,"[[6882,9267],[7487,9267]]",0,0,[],2,0,[],0,0,0,0,0,[],9267,0,0,[]
2,2,"[[3408,9268],[6928,9268]]",0,0,[],2,0,[],0,0,0,0,0,[],9268,0,0,[]
2,2,"[[9270,10773],[9270,13228]]",0,0,[],2,0,[],0,0,0,0,0,[],9270,0,0,[]
2,2,"[[9271,11878],[9271,13580]]",0,0,[],2,0,[],0,0,0,0,0,[],9271,0,0,[]
1,1,"[[9272,9447]]",0,0,[],1,0,[],0,0,0,0,0,[],9272,0,0,[]
2,2,"[[6040,9273],[8239,9273]]",0,0,[],2,0,[],0,0,0,0,0,[],9273,0,0,[]
2,2,"[[3434,9274],[9274,11543]]",0,0,[],2,0,[],0,0,0,0,0,[],9274,0,0,[]
1,1,"[[6761,9275]]",0,0,[],1,0,[],0,0,0,0,0,[],9275,0,0,[]
2,2,"[[9276,9482],[9276,11454]]",0,0,[],2,0,[],0,0,0,0,0,[],9276,0,0,[]
1,1,"[[9277,12595]]",0,0,[],1,0,[],0,0,0,0,0,[],9277,0,0,[]
1,1,"[[5863,9278]]",0,0,[],1,0,[],0,0,0,0,0,[],9278,0,0,[]
2,2,"[[9279,9430],[9279,9577]]",0,0,[],2,0,[],0,0,0,0,0,[],9279,0,0,[]
2,2,"[[6121,9280],[6661,9280]]",0,0,[],2,0,[],0,0,0,0,0,[],9280,0,0,[]
1,1,"[[9281,10830]]",0,0,[],1,0,[],0,0,0,0,0,[],9281,0,0,[]
1,1,"[[2157,9282]]",0,0,[],1,0,[],0,0,0,0,0,[],9282,0,0,[]
1,1,"[[1782,9283]]",0,0,[],1,0,[],0,0,0,0,0,[],9283,0,0,[]
2,2,"[[8009,9284],[9284,11856]]",0,0,[],2,0,[],0,0,0,0,0,[],9284,0,0,[]
2,2,"[[5198,9285],[9285,12716]]",0,0,[],2,0,[],0,0,0,0,0,[],9285,0,0,[]
1,1,"[[7736,9287]]",0,0,[],1,0,[],0,0,0,0,0,[],9287,0,0,[]
2,2,"[[5364,9288],[7566,9288]]",0,0,[],2,0,[],0,0,0,0,0,[],9288,0,0,[]
2,2,"[[3867,9289],[4412,9289]]",0,0,[],2,0,[],0,0,0,0,0,[],9289,0,0,[]
2,2,"[[7761,9290],[9290,11524]]",0,0,[],2,0,[],0,0,0,0,0,[],9290,0,0,[]
2,2,"[[8446,9291],[9216,9291]]",0,0,[],2,0,[],0,0,0,0,0,[],9291,0,0,[]
2,2,"[[6101,9292],[6852,9292]]",0,0,[],2,0,[],0,0,0,0,0,[],9292,0,0,[]
1,1,"[[9293,9468]]",0,0,[],1,0,[],0,0,0,0,0,[],9293,0,0,[]
1,1,"[[8681,9294]]",0,0,[],1,0,[],0,0,0,0,0,[],9294,0,0,[]
1,1,"[[9295,9415]]",0,0,[],1,0,[],0,0,0,0,0,[],9295,0,0,[]
2,2,"[[5670,9296],[9167,9296]]",0,0,[],2,0,[],0,0,0,0,0,[],9296,0,0,[]
2,2,"[[4307,9297],[5501,9297]]",0,0,[],2,0,[],0,0,0,0,0,[],9297,0,0,[]
1,1,"[[8356,9298]]",0,0,[],1,0,[],0,0,0,0,0,[],9298,0,0,[]
1,1,"[[938,9299]]",0,0,[],1,0,[],0,0,0,0,0,[],9299,0,0,[]
1,1,"[[9300,9696]]",0,0,[],1,0,[],0,0,0,0,0,[],9300,0,0,[]
2,2,"[[2855,9301],[9301,11883]]",0,0,[],2,0,[],0,0,0,0,0,[],9301,0,0,[]
1,1,"[[9302,13322]]",0,0,[],1,0,[],0,0,0,0,0,[],9302,0,0,[]
2,2,"[[705,9303],[9303,12204]]",0,0,[],2,0,[],0,0,0,0,0,[],9303,0,0,[]
2,2,"[[6627,9304],[8030,9304]]",0,0,[],2,0,[],0,0,0,0,0,[],9304,0,0,[]
1,1,"[[8114,9305]]",0,0,[],1,0,[],0,0,0,0,0,[],9305,0,0,[]
2,2,"[[7328,9306],[9306,13624]]",0,0,[],2,0,[],0,0,0,0,0,[],9306,0,0,[]
2,2,"[[9307,12480],[9307,13297]]",0,0,[],2,0,[],0,0,0,0,0,[],9307,0,0,[]
2,2,"[[3584,9308],[4363,9308]]",0,0,[],2,0,[],0,0,0,0,0,[],9308,0,0,[]
1,1,"[[9309,10136]]",0,0,[],1,0,[],0,0,0,0,0,[],9309,0,0,[]
2,2,"[[6288,9310],[9310,10395]]",0,0,[],2,0,[],0,0,0,0,0,[],9310,0,0,[]
2,2,"[[6604,9311],[9311,10669]]",0,0,[],2,0,[],0,0,0,0,0,[],9311,0,0,[]
2,2,"[[6756,9312],[9312,11594]]",0,0,[],2,0,[],0,0,0,0,0,[],9312,0,0,[]
2,2,"[[4435,9313],[4813,9313]]",0,0,[],2,0,[],0,0,0,0,0,[],9313,0,0,[]
1,1,"[[7640,9314]]",0,0,[],1,0,[],0,0,0,0,0,[],9314,0,0,[]
2,2,"[[9291,9315],[9315,12861]]",0,0,[],2,0,[],0,0,0,0,0,[],9315,0,0,[]
1,1,"[[9316,12917]]",0,0,[],1,0,[],0,0,0,0,0,[],9316,0,0,[]
2,2,"[[3571,9317],[8687,9317]]",0,0,[],2,0,[],0,0,0,0,0,[],9317,0,0,[]
1,1,"[[5388,9319]]",0,0,[],1,0,[],0,0,0,0,0,[],9319,0,0,[]
1,1,"[[5541,9320]]",0,0,[],1,0,[],0,0,0,0,0,[],9320,0,0,[]
2,2,"[[6379,9321],[9321,13013]]",0,0,[],2,0,[],0,0,0,0,0,[],9321,0,0,[]
1,1,"[[4759,9322]]",0,0,[],1,0,[],0,0,0,0,0,[],9322,0,0,[]
2,2,"[[5906,9323],[9323,9530]]",0,0,[],2,0,[],0,0,0,0,0,[],9323,0,0,[]
2,2,"[[894,9325],[7139,9325]]",0,0,[],2,0,[],0,0,0,0,0,[],9325,0,0,[]
2,2,"[[7009,9326],[7174,9326]]",0,0,[],2,0,[],0,0,0,0,0,[],9326,0,0,[]
2,2,"[[4809,9327],[9327,13154]]",0,0,[],2,0,[],0,0,0,0,0,[],9327,0,0,[]
1,1,"[[6809,9329]]",0,0,[],1,0,[],0,0,0,0,0,[],9329,0,0,[]
1,1,"[[8048,9330]]",0,0,[],1,0,[],0,0,0,0,0,[],9330,0,0,[]
2,2,"[[9331,11315],[9331,12371]]",0,0,[],2,0,[],0,0,0,0,0,[],9331,0,0,[]
2,2,"[[5716,9332],[8882,9332]]",0,0,[],2,0,[],0,0,0,0,0,[],9332,0,0,[]
2,2,"[[6087,9333],[9333,12017]]",0,0,[],2,0,[],0,0,0,0,0,[],9333,0,0,[]
1,1,"[[7920,9335]]",0,0,[],1,0,[],0,0,0,0,0,[],9335,0,0,[]
2,2,"[[9103,9336],[9336,10020]]",0,0,[],2,0,[],0,0,0,0,0,[],9336,0,0,[]
1,1,"[[2637,9337]]",0,0,[],1,0,[],0,0,0,0,0,[],9337,0,0,[]
2,2,"[[2348,9338],[7343,9338]]",0,0,[],2,0,[],0,0,0,0,0,[],9338,0,0,[]
1,1,"[[9339,11142]]",0,0,[],1,0,[],0,0,0,0,0,[],9339,0,0,[]
2,2,"[[6371,9340],[7044,9340]]",0,0,[],2,0,[],0,0,0,0,0,[],9340,0,0,[]
1,1,"[[9341,10083]]",0,0,[],1,0,[],0,0,0,0,0,[],9341,0,0,[]
1,1,"[[8535,9342]]",0,0,[],1,0,[],0,0,0,0,0,[],9342,0,0,[]
2,2,"[[451,9343],[476,9343]]",0,0,[],2,0,[],0,0,0,0,0,[],9343,0,0,[]
2,2,"[[9204,9344],[9344,9837]]",0,0,[],2,0,[],0,0,0,0,0,[],9344,0,0,[]
2,2,"[[5147,9346],[8028,9346]]",0,0,[],2,0,[],0,0,0,0,0,[],9346,0,0,[]
1,1,"[[522,9347]]",0,0,[],1,0,[],0,0,0,0,0,[],9347,0,0,[]
2,2,"[[9348,13114],[9348,13305]]",0,0,[],2,0,[],0,0,0,0,0,[],9348,0,0,[]
1,1,"[[9349,11080]]",0,0,[],1,0,[],0,0,0,0,0,[],9349,0,0,[]
2,2,"[[6258,9351],[8517,9351]]",0,0,[],2,0,[],0,0,0,0,0,[],9351,0,0,[]
2,2,"[[6966,9352],[8519,9352]]",0,0,[],2,0,[],0,0,0,0,0,[],9352,0,0,[]
1,1,"[[9353,10850]]",0,0,[],1,0,[],0,0,0,0,0,[],9353,0,0,[]
2,2,"[[7835,9354],[8448,9354]]",0,0,[],2,0,[],0,0,0,0,0,[],9354,0,0,[]
1,1,"[[9355,10687]]",0,0,[],1,0,[],0,0,0,0,0,[],9355,0,0,[]
1,1,"[[3708,9356]]",0,0,[],1,0,[],0,0,0,0,0,[],9356,0,0,[]
2,2,"[[5460,9357],[7289,9357]]",0,0,[],2,0,[],0,0,0,0,0,[],9357,0,0,[]
2,2,"[[8217,9358],[9357,9358]]",0,0,[],2,0,[],0,0,0,0,0,[],9358,0,0,[]
1,1,"[[8414,9360]]",0,0,[],1,0,[],0,0,0,0,0,[],9360,0,0,[]
2,2,"[[8711,9361],[9361,10354]]",0,0,[],2,0,[],0,0,0,0,0,[],9361,0,0,[]
1,1,"[[1717,9363]]",0,0,[],1,0,[],0,0,0,0,0,[],9363,0,0,[]
2,2,"[[2447,9364],[2936,9364]]",0,0,[],2,0,[],0,0,0,0,0,[],9364,0,0,[]
2,2,"[[1536,9365],[9365,10337]]",0,0,[],2,0,[],0,0,0,0,0,[],9365,0,0,[]
2,2,"[[2389,9366],[7722,9366]]",0,0,[],2,0,[],0,0,0,0,0,[],9366,0,0,[]
2,2,"[[7529,9367],[8396,9367]]",0,0,[],2,0,[],0,0,0,0,0,[],9367,0,0,[]
2,2,"[[4902,9368],[9368,10349]]",0,0,[],2,0,[],0,0,0,0,0,[],9368,0,0,[]
1,1,"[[3822,9369]]",0,0,[],1,0,[],0,0,0,0,0,[],9369,0,0,[]
2,2,"[[530,9370],[1816,9370]]",0,0,[],2,0,[],0,0,0,0,0,[],9370,0,0,[]
1,1,"[[9371,13162]]",0,0,[],1,0,[],0,0,0,0,0,[],9371,0,0,[]
2,2,"[[9373,9404],[9373,12981]]",0,0,[],2,0,[],0,0,0,0,0,[],9373,0,0,[]
2,2,"[[5817,9374],[6895,9374]]",0,0,[],2,0,[],0,0,0,0,0,[],9374,0,0,[]
2,2,"[[4106,9375],[4747,9375]]",0,0,[],2,0,[],0,0,0,0,0,[],9375,0,0,[]
1,1,"[[8517,9376]]",0,0,[],1,0,[],0,0,0,0,0,[],9376,0,0,[]
2,2,"[[2598,9377],[2955,9377]]",0,0,[],2,0,[],0,0,0,0,0,[],9377,0,0,[]
2,2,"[[9378,11382],[9378,12795]]",0,0,[],2,0,[],0,0,0,0,0,[],9378,0,0,[]
2,2,"[[9348,9379],[9379,10733]]",0,0,[],2,0,[],0,0,0,0,0,[],9379,0,0,[]
2,2,"[[8213,9380],[9380,12114]]",0,0,[],2,0,[],0,0,0,0,0,[],9380,0,0,[]
2,2,"[[7275,9381],[8571,9381]]",0,0,[],2,0,[],0,0,0,0,0,[],9381,0,0,[]
2,2,"[[4549,9382],[5599,9382]]",0,0,[],2,0,[],0,0,0,0,0,[],9382,0,0,[]
1,1,"[[6609,9383]]",0,0,[],1,0,[],0,0,0,0,0,[],9383,0,0,[]
2,2,"[[7642,9386],[9327,9386]]",0,0,[],2,0,[],0,0,0,0,0,[],9386,0,0,[]
1,1,"[[9387,9994]]",0,0,[],1,0,[],0,0,0,0,0,[],9387,0,0,[]
2,2,"[[9388,9764],[9388,10122]]",0,0,[],2,0,[],0,0,0,0,0,[],9388,0,0,[]
2,2,"[[3695,9389],[4300,9389]]",0,0,[],2,0,[],0,0,0,0,0,[],9389,0,0,[]
1,1,"[[3660,9390]]",0,0,[],1,0,[],0,0,0,0,0,[],9390,0,0,[]
2,2,"[[1810,9392],[9392,10997]]",0,0,[],2,0,[],0,0,0,0,0,[],9392,0,0,[]
2,2,"[[504,9393],[2412,9393]]",0,0,[],2,0,[],0,0,0,0,0,[],9393,0,0,[]
2,2,"[[1361,9394],[3687,9394]]",0,0,[],2,0,[],0,0,0,0,0,[],9394,0,0,[]
1,1,"[[7103,9395]]",0,0,[],1,0,[],0,0,0,0,0,[],9395,0,0,[]
1,1,"[[9396,12137]]",0,0,[],1,0,[],0,0,0,0,0,[],9396,0,0,[]
2,2,"[[5858,9397],[6019,9397]]",0,0,[],2,0,[],0,0,0,0,0,[],9397,0,0,[]
2,2,"[[3055,9398],[5951,9398]]",0,0,[],2,0,[],0,0,0,0,0,[],9398,0,0,[]
2,2,"[[6809,9399],[6992,9399]]",0,0,[],2,0,[],0,0,0,0,0,[],9399,0,0,[]
2,2,"[[7013,9401],[8014,9401]]",0,0,[],2,0,[],0,0,0,0,0,[],9401,0,0,[]
2,2,"[[7734,9402],[8289,9402]]",0,0,[],2,0,[],0,0,0,0,0,[],9402,0,0,[]
2,2,"[[4181,9403],[5343,9403]]",0,0,[],2,0,[],0,0,0,0,0,[],9403,0,0,[]
2,2,"[[5280,9404],[9404,10051]]",0,0,[],2,0,[],0,0,0,0,0,[],9404,0,0,[]
2,2,"[[9405,10397],[9405,12208]]",0,0,[],2,0,[],0,0,0,0,0,[],9405,0,0,[]
1,1,"[[9406,12098]]",0,0,[],1,0,[],0,0,0,0,0,[],9406,0,0,[]
1,1,"[[8250,9407]]",0,0,[],1,0,[],0,0,0,0,0,[],9407,0,0,[]
2,2,"[[7516,9408],[9408,10915]]",0,0,[],2,0,[],0,0,0,0,0,[],9408,0,0,[]
1,1,"[[8363,9409]]",0,0,[],1,0,[],0,0,0,0,0,[],9409,0,0,[]
1,1,"[[8105,9410]]",0,0,[],1,0,[],0,0,0,0,0,[],9410,0,0,[]
1,1,"[[6574,9411]]",0,0,[],1,0,[],0,0,0,0,0,[],9411,0,0,[]
1,1,"[[5788,9413]]",0,0,[],1,0,[],0,0,0,0,0,[],9413,0,0,[]
1,1,"[[6210,9414]]",0,0,[],1,0,[],0,0,0,0,0,[],9414,0,0,[]
1,1,"[[6839,9415]]",0,0,[],1,0,[],0,0,0,0,0,[],9415,0,0,[]
2,2,"[[5555,9416],[8282,9416]]",0,0,[],2,0,[],0,0,0,0,0,[],9416,0,0,[]
2,2,"[[2348,9417],[6285,9417]]",0,0,[],2,0,[],0,0,0,0,0,[],9417,0,0,[]
2,2,"[[9418,11202],[9418,13102]]",0,0,[],2,0,[],0,0,0,0,0,[],9418,0,0,[]
1,1,"[[4811,9419]]",0,0,[],1,0,[],0,0,0,0,0,[],9419,0,0,[]
1,1,"[[9420,12511]]",0,0,[],1,0,[],0,0,0,0,0,[],9420,0,0,[]
2,2,"[[6660,9421],[8549,9421]]",0,0,[],2,0,[],0,0,0,0,0,[],9421,0,0,[]
2,2,"[[1451,9422],[7393,9422]]",0,0,[],2,0,[],0,0,0,0,0,[],9422,0,0,[]
2,2,"[[5053,9423],[9423,11785]]",0,0,[],2,0,[],0,0,0,0,0,[],9423,0,0,[]
2,2,"[[5689,9424],[5992,9424]]",0,0,[],2,0,[],0,0,0,0,0,[],9424,0,0,[]
1,1,"[[9425,11094]]",0,0,[],1,0,[],0,0,0,0,0,[],9425,0,0,[]
1,1,"[[7436,9426]]",0,0,[],1,0,[],0,0,0,0,0,[],9426,0,0,[]
2,2,"[[4263,9427],[9427,12080]]",0,0,[],2,0,[],0,0,0,0,0,[],9427,0,0,[]
1,1,"[[9428,13048]]",0,0,[],1,0,[],0,0,0,0,0,[],9428,0,0,[]
2,2,"[[9429,10171],[9429,11533]]",0,0,[],2,0,[],0,0,0,0,0,[],9429,0,0,[]
1,1,"[[8827,9430]]",0,0,[],1,0,[],0,0,0,0,0,[],9430,0,0,[]
2,2,"[[2704,9432],[4121,9432]]",0,0,[],2,0,[],0,0,0,0,0,[],9432,0,0,[]
1,1,"[[9433,10063]]",0,0,[],1,0,[],0,0,0,0,0,[],9433,0,0,[]
1,1,"[[8179,9435]]",0,0,[],1,0,[],0,0,0,0,0,[],9435,0,0,[]
1,1,"[[3072,9436]]",0,0,[],1,0,[],0,0,0,0,0,[],9436,0,0,[]
1,1,"[[5940,9437]]",0,0,[],1,0,[],0,0,0,0,0,[],9437,0,0,[]
1,1,"[[7506,9438]]",0,0,[],1,0,[],0,0,0,0,0,[],9438,0,0,[]
2,2,"[[7299,9439],[7919,9439]]",0,0,[],2,0,[],0,0,0,0,0,[],9439,0,0,[]
2,2,"[[4428,9441],[4794,9441]]",0,0,[],2,0,[],0,0,0,0,0,[],9441,0,0,[]
2,2,"[[8792,9442],[9442,11489]]",0,0,[],2,0,[],0,0,0,0,0,[],9442,0,0,[]
1,1,"[[6965,9443]]",0,0,[],1,0,[],0,0,0,0,0,[],9443,0,0,[]
2,2,"[[8628,9444],[9444,12563]]",0,0,[],2,0,[],0,0,0,0,0,[],9444,0,0,[]
2,2,"[[8205,9445],[9445,10916]]",0,0,[],2,0,[],0,0,0,0,0,[],9445,0,0,[]
2,2,"[[2395,9446],[3467,9446]]",0,0,[],2,0,[],0,0,0,0,0,[],9446,0,0,[]
2,2,"[[6476,9447],[8375,9447]]",0,0,[],2,0,[],0,0,0,0,0,[],9447,0,0,[]
2,2,"[[9450,11287],[9450,12612]]",0,0,[],2,0,[],0,0,0,0,0,[],9450,0,0,[]
1,1,"[[9451,12204]]",0,0,[],1,0,[],0,0,0,0,0,[],9451,0,0,[]
1,1,"[[2056,9452]]",0,0,[],1,0,[],0,0,0,0,0,[],9452,0,0,[]
2,2,"[[9453,9812],[9453,11403]]",0,0,[],2,0,[],0,0,0,0,0,[],9453,0,0,[]
2,2,"[[9454,11035],[9454,12831]]",0,0,[],2,0,[],0,0,0,0,0,[],9454,0,0,[]
1,1,"[[2317,9455]]",0,0,[],1,0,[],0,0,0,0,0,[],9455,0,0,[]
2,2,"[[8973,9456],[9456,11736]]",0,0,[],2,0,[],0,0,0,0,0,[],9456,0,0,[]
2,2,"[[4861,9457],[6670,9457]]",0,0,[],2,0,[],0,0,0,0,0,[],9457,0,0,[]
2,2,"[[8216,9458],[9458,13132]]",0,0,[],2,0,[],0,0,0,0,0,[],9458,0,0,[]
2,2,"[[9459,10940],[9459,11016]]",0,0,[],2,0,[],0,0,0,0,0,[],9459,0,0,[]
2,2,"[[3012,9460],[9460,10655]]",0,0,[],2,0,[],0,0,0,0,0,[],9460,0,0,[]
1,1,"[[1282,9461]]",0,0,[],1,0,[],0,0,0,0,0,[],9461,0,0,[]
2,2,"[[7435,9462],[9018,9462]]",0,0,[],2,0,[],0,0,0,0,0,[],9462,0,0,[]
2,2,"[[2530,9463],[8292,9463]]",0,0,[],2,0,[],0,0,0,0,0,[],9463,0,0,[]
1,1,"[[9464,13609]]",0,0,[],1,0,[],0,0,0,0,0,[],9464,0,0,[]
2,2,"[[6065,9465],[9465,11852]]",0,0,[],2,0,[],0,0,0,0,0,[],9465,0,0,[]
1,1,"[[7604,9466]]",0,0,[],1,0,[],0,0,0,0,0,[],9466,0,0,[]
1,1,"[[7158,9467]]",0,0,[],1,0,[],0,0,0,0,0,[],9467,0,0,[]
1,1,"[[5407,9468]]",0,0,[],1,0,[],0,0,0,0,0,[],9468,0,0,[]
2,2,"[[3854,9469],[9469,12000]]",0,0,[],2,0,[],0,0,0,0,0,[],9469,0,0,[]
2,2,"[[8754,9470],[9105,9470]]",0,0,[],2,0,[],0,0,0,0,0,[],9470,0,0,[]
2,2,"[[4440,9471],[7229,9471]]",0,0,[],2,0,[],0,0,0,0,0,[],9471,0,0,[]
1,1,"[[2308,9472]]",0,0,[],1,0,[],0,0,0,0,0,[],9472,0,0,[]
1,1,"[[2548,9473]]",0,0,[],1,0,[],0,0,0,0,0,[],9473,0,0,[]
2,2,"[[6468,9475],[8475,9475]]",0,0,[],2,0,[],0,0,0,0,0,[],9475,0,0,[]
2,2,"[[1628,9476],[3698,9476]]",0,0,[],2,0,[],0,0,0,0,0,[],9476,0,0,[]
1,1,"[[557,9477]]",0,0,[],1,0,[],0,0,0,0,0,[],9477,0,0,[]
2,2,"[[7120,9478],[9478,12314]]",0,0,[],2,0,[],0,0,0,0,0,[],9478,0,0,[]
2,2,"[[9145,9479],[9479,13068]]",0,0,[],2,0,[],0,0,0,0,0,[],9479,0,0,[]
2,2,"[[3194,9481],[4135,9481]]",0,0,[],2,0,[],0,0,0,0,0,[],9481,0,0,[]
2,2,"[[6559,9482],[9482,12624]]",0,0,[],2,0,[],0,0,0,0,0,[],9482,0,0,[]
2,2,"[[5420,9483],[9483,10344]]",0,0,[],2,0,[],0,0,0,0,0,[],9483,0,0,[]
2,2,"[[5301,9484],[5868,9484]]",0,0,[],2,0,[],0,0,0,0,0,[],9484,0,0,[]
1,1,"[[9485,9810]]",0,0,[],1,0,[],0,0,0,0,0,[],9485,0,0,[]
2,2,"[[1713,9486],[9486,11495]]",0,0,[],2,0,[],0,0,0,0,0,[],9486,0,0,[]
2,2,"[[5776,9487],[9487,10468]]",0,0,[],2,0,[],0,0,0,0,0,[],9487,0,0,[]
1,1,"[[9488,11611]]",0,0,[],1,0,[],0,0,0,0,0,[],9488,0,0,[]
2,2,"[[4078,9489],[7042,9489]]",0,0,[],2,0,[],0,0,0,0,0,[],9489,0,0,[]
2,2,"[[2733,9490],[6677,9490]]",0,0,[],2,0,[],0,0,0,0,0,[],9490,0,0,[]
2,2,"[[5941,9491],[8228,9491]]",0,0,[],2,0,[],0,0,0,0,0,[],9491,0,0,[]
1,1,"[[3794,9493]]",0,0,[],1,0,[],0,0,0,0,0,[],9493,0,0,[]
2,2,"[[4241,9494],[9494,9919]]",0,0,[],2,0,[],0,0,0,0,0,[],9494,0,0,[]
1,1,"[[9495,10576]]",0,0,[],1,0,[],0,0,0,0,0,[],9495,0,0,[]
2,2,"[[5985,9496],[8707,9496]]",0,0,[],2,0,[],0,0,0,0,0,[],9496,0,0,[]
2,2,"[[2799,9497],[7676,9497]]",0,0,[],2,0,[],0,0,0,0,0,[],9497,0,0,[]
2,2,"[[7420,9498],[9498,9660]]",0,0,[],2,0,[],0,0,0,0,0,[],9498,0,0,[]
2,2,"[[9499,10999],[9499,12605]]",0,0,[],2,0,[],0,0,0,0,0,[],9499,0,0,[]
1,1,"[[4376,9500]]",0,0,[],1,0,[],0,0,0,0,0,[],9500,0,0,[]
1,1,"[[9503,10789]]",0,0,[],1,0,[],0,0,0,0,0,[],9503,0,0,[]
2,2,"[[5362,9504],[7494,9504]]",0,0,[],2,0,[],0,0,0,0,0,[],9504,0,0,[]
2,2,"[[2367,9505],[4994,9505]]",0,0,[],2,0,[],0,0,0,0,0,[],9505,0,0,[]
2,2,"[[4962,9506],[5181,9506]]",0,0,[],2,0,[],0,0,0,0,0,[],9506,0,0,[]
2,2,"[[9507,11940],[9507,13496]]",0,0,[],2,0,[],0,0,0,0,0,[],9507,0,0,[]
1,1,"[[3209,9509]]",0,0,[],1,0,[],0,0,0,0,0,[],9509,0,0,[]
2,2,"[[6531,9510],[7432,9510]]",0,0,[],2,0,[],0,0,0,0,0,[],9510,0,0,[]
1,1,"[[9511,11184]]",0,0,[],1,0,[],0,0,0,0,0,[],9511,0,0,[]
2,2,"[[5728,9512],[6605,9512]]",0,0,[],2,0,[],0,0,0,0,0,[],9512,0,0,[]
2,2,"[[1238,9513],[2052,9513]]",0,0,[],2,0,[],0,0,0,0,0,[],9513,0,0,[]
2,2,"[[6831,9514],[9514,10514]]",0,0,[],2,0,[],0,0,0,0,0,[],9514,0,0,[]
1,1,"[[8242,9515]]",0,0,[],1,0,[],0,0,0,0,0,[],9515,0,0,[]
2,2,"[[3184,9516],[5214,9516]]",0,0,[],2,0,[],0,0,0,0,0,[],9516,0,0,[]
1,1,"[[4282,9517]]",0,0,[],1,0,[],0,0,0,0,0,[],9517,0,0,[]
2,2,"[[9519,10722],[9519,10743]]",0,0,[],2,0,[],0,0,0,0,0,[],9519,0,0,[]
1,1,"[[5217,9520]]",0,0,[],1,0,[],0,0,0,0,0,[],9520,0,0,[]
1,1,"[[4705,9521]]",0,0,[],1,0,[],0,0,0,0,0,[],9521,0,0,[]
1,1,"[[6788,9522]]",0,0,[],1,0,[],0,0,0,0,0,[],9522,0,0,[]
1,1,"[[9523,10565]]",0,0,[],1,0,[],0,0,0,0,0,[],9523,0,0,[]
2,2,"[[1055,9525],[7538,9525]]",0,0,[],2,0,[],0,0,0,0,0,[],9525,0,0,[]
2,2,"[[2492,9526],[6593,9526]]",0,0,[],2,0,[],0,0,0,0,0,[],9526,0,0,[]
2,2,"[[6514,9527],[9527,11968]]",0,0,[],2,0,[],0,0,0,0,0,[],9527,0,0,[]
2,2,"[[781,9528],[6109,9528]]",0,0,[],2,0,[],0,0,0,0,0,[],9528,0,0,[]
2,2,"[[9529,10862],[9529,11794]]",0,0,[],2,0,[],0,0,0,0,0,[],9529,0,0,[]
1,1,"[[9189,9530]]",0,0,[],1,0,[],0,0,0,0,0,[],9530,0,0,[]
2,2,"[[9531,12169],[9531,13569]]",0,0,[],2,0,[],0,0,0,0,0,[],9531,0,0,[]
1,1,"[[9532,10783]]",0,0,[],1,0,[],0,0,0,0,0,[],9532,0,0,[]
2,2,"[[2741,9533],[9533,12274]]",0,0,[],2,0,[],0,0,0,0,0,[],9533,0,0,[]
2,2,"[[9534,12026],[9534,12045]]",0,0,[],2,0,[],0,0,0,0,0,[],9534,0,0,[]
1,1,"[[5648,9535]]",0,0,[],1,0,[],0,0,0,0,0,[],9535,0,0,[]
1,1,"[[9536,9689]]",0,0,[],1,0,[],0,0,0,0,0,[],9536,0,0,[]
1,1,"[[8912,9538]]",0,0,[],1,0,[],0,0,0,0,0,[],9538,0,0,[]
2,2,"[[1723,9539],[9490,9539]]",0,0,[],2,0,[],0,0,0,0,0,[],9539,0,0,[]
1,1,"[[6473,9540]]",0,0,[],1,0,[],0,0,0,0,0,[],9540,0,0,[]
1,1,"[[7427,9541]]",0,0,[],1,0,[],0,0,0,0,0,[],9541,0,0,[]
2,2,"[[4746,9542],[9261,9542]]",0,0,[],2,0,[],0,0,0,0,0,[],9542,0,0,[]
2,2,"[[9507,9543],[9543,12917]]",0,0,[],2,0,[],0,0,0,0,0,[],9543,0,0,[]
2,2,"[[9544,10065],[9544,10472]]",0,0,[],2,0,[],0,0,0,0,0,[],9544,0,0,[]
2,2,"[[9379,9545],[9545,10711]]",0,0,[],2,0,[],0,0,0,0,0,[],9545,0,0,[]
1,1,"[[7514,9546]]",0,0,[],1,0,[],0,0,0,0,0,[],9546,0,0,[]
1,1,"[[2451,9547]]",0,0,[],1,0,[],0,0,0,0,0,[],9547,0,0,[]
2,2,"[[6269,9549],[6913,9549]]",0,0,[],2,0,[],0,0,0,0,0,[],9549,0,0,[]
1,1,"[[7390,9550]]",0,0,[],1,0,[],0,0,0,0,0,[],9550,0,0,[]
1,1,"[[9553,10361]]",0,0,[],1,0,[],0,0,0,0,0,[],9553,0,0,[]
1,1,"[[9555,10687]]",0,0,[],1,0,[],0,0,0,0,0,[],9555,0,0,[]
2,2,"[[4915,9556],[7539,9556]]",0,0,[],2,0,[],0,0,0,0,0,[],9556,0,0,[]
2,2,"[[6744,9557],[9557,11428]]",0,0,[],2,0,[],0,0,0,0,0,[],9557,0,0,[]
2,2,"[[8546,9558],[9558,11711]]",0,0,[],2,0,[],0,0,0,0,0,[],9558,0,0,[]
1,1,"[[9482,9559]]",0,0,[],1,0,[],0,0,0,0,0,[],9559,0,0,[]
1,1,"[[5035,9560]]",0,0,[],1,0,[],0,0,0,0,0,[],9560,0,0,[]
2,2,"[[1915,9561],[7071,9561]]",0,0,[],2,0,[],0,0,0,0,0,[],9561,0,0,[]
2,2,"[[3661,9562],[9562,9772]]",0,0,[],2,0,[],0,0,0,0,0,[],9562,0,0,[]
2,2,"[[3927,9563],[9563,9812]]",0,0,[],2,0,[],0,0,0,0,0,[],9563,0,0,[]
2,2,"[[6358,9565],[9565,10539]]",0,0,[],2,0,[],0,0,0,0,0,[],9565,0,0,[]
2,2,"[[8960,9566],[9566,12489]]",0,0,[],2,0,[],0,0,0,0,0,[],9566,0,0,[]
2,2,"[[5223,9567],[6172,9567]]",0,0,[],2,0,[],0,0,0,0,0,[],9567,0,0,[]
1,1,"[[8951,9568]]",0,0,[],1,0,[],0,0,0,0,0,[],9568,0,0,[]
2,2,"[[5080,9569],[6559,9569]]",0,0,[],2,0,[],0,0,0,0,0,[],9569,0,0,[]
1,1,"[[6691,9570]]",0,0,[],1,0,[],0,0,0,0,0,[],9570,0,0,[]
1,1,"[[7784,9571]]",0,0,[],1,0,[],0,0,0,0,0,[],9571,0,0,[]
1,1,"[[8988,9572]]",0,0,[],1,0,[],0,0,0,0,0,[],9572,0,0,[]
2,2,"[[9573,10107],[9573,12540]]",0,0,[],2,0,[],0,0,0,0,0,[],9573,0,0,[]
2,2,"[[1505,9574],[9574,10892]]",0,0,[],2,0,[],0,0,0,0,0,[],9574,0,0,[]
2,2,"[[6137,9575],[7637,9575]]",0,0,[],2,0,[],0,0,0,0,0,[],9575,0,0,[]
2,2,"[[6042,9576],[9576,11101]]",0,0,[],2,0,[],0,0,0,0,0,[],9576,0,0,[]
1,1,"[[9047,9577]]",0,0,[],1,0,[],0,0,0,0,0,[],9577,0,0,[]
2,2,"[[5424,9578],[6105,9578]]",0,0,[],2,0,[],0,0,0,0,0,[],9578,0,0,[]
2,2,"[[9579,12660],[9579,13062]]",0,0,[],2,0,[],0,0,0,0,0,[],9579,0,0,[]
1,1,"[[942,9580]]",0,0,[],1,0,[],0,0,0,0,0,[],9580,0,0,[]
1,1,"[[7162,9582]]",0,0,[],1,0,[],0,0,0,0,0,[],9582,0,0,[]
2,2,"[[3052,9583],[9583,13088]]",0,0,[],2,0,[],0,0,0,0,0,[],9583,0,0,[]
1,1,"[[9584,13322]]",0,0,[],1,0,[],0,0,0,0,0,[],9584,0,0,[]
2,2,"[[2055,9585],[9585,9722]]",0,0,[],2,0,[],0,0,0,0,0,[],9585,0,0,[]
2,2,"[[1274,9586],[4738,9586]]",0,0,[],2,0,[],0,0,0,0,0,[],9586,0,0,[]
1,1,"[[3481,9587]]",0,0,[],1,0,[],0,0,0,0,0,[],9587,0,0,[]
2,2,"[[8316,9588],[9588,11592]]",0,0,[],2,0,[],0,0,0,0,0,[],9588,0,0,[]
1,1,"[[9589,12649]]",0,0,[],1,0,[],0,0,0,0,0,[],9589,0,0,[]
1,1,"[[9590,10648]]",0,0,[],1,0,[],0,0,0,0,0,[],9590,0,0,[]
2,2,"[[2577,9591],[6878,9591]]",0,0,[],2,0,[],0,0,0,0,0,[],9591,0,0,[]
2,2,"[[8273,9592],[8608,9592]]",0,0,[],2,0,[],0,0,0,0,0,[],9592,0,0,[]
2,2,"[[6931,9593],[7479,9593]]",0,0,[],2,0,[],0,0,0,0,0,[],9593,0,0,[]
2,2,"[[138,9594],[7205,9594]]",0,0,[],2,0,[],0,0,0,0,0,[],9594,0,0,[]
2,2,"[[561,9595],[9595,10418]]",0,0,[],2,0,[],0,0,0,0,0,[],9595,0,0,[]
2,2,"[[4284,9596],[5919,9596]]",0,0,[],2,0,[],0,0,0,0,0,[],9596,0,0,[]
1,1,"[[9597,10344]]",0,0,[],1,0,[],0,0,0,0,0,[],9597,0,0,[]
2,2,"[[4762,9598],[8203,9598]]",0,0,[],2,0,[],0,0,0,0,0,[],9598,0,0,[]
1,1,"[[9599,9635]]",0,0,[],1,0,[],0,0,0,0,0,[],9599,0,0,[]
1,1,"[[8970,9600]]",0,0,[],1,0,[],0,0,0,0,0,[],9600,0,0,[]
2,2,"[[5172,9601],[9601,9962]]",0,0,[],2,0,[],0,0,0,0,0,[],9601,0,0,[]
2,2,"[[9602,11521],[9602,13618]]",0,0,[],2,0,[],0,0,0,0,0,[],9602,0,0,[]
1,1,"[[7305,9603]]",0,0,[],1,0,[],0,0,0,0,0,[],9603,0,0,[]
2,2,"[[4516,9604],[5299,9604]]",0,0,[],2,0,[],0,0,0,0,0,[],9604,0,0,[]
2,2,"[[4741,9605],[8371,9605]]",0,0,[],2,0,[],0,0,0,0,0,[],9605,0,0,[]
2,2,"[[9109,9606],[9606,10418]]",0,0,[],2,0,[],0,0,0,0,0,[],9606,0,0,[]
1,1,"[[4137,9607]]",0,0,[],1,0,[],0,0,0,0,0,[],9607,0,0,[]
1,1,"[[483,9609]]",0,0,[],1,0,[],0,0,0,0,0,[],9609,0,0,[]
1,1,"[[6595,9610]]",0,0,[],1,0,[],0,0,0,0,0,[],9610,0,0,[]
2,2,"[[9611,9867],[9611,10736]]",0,0,[],2,0,[],0,0,0,0,0,[],9611,0,0,[]
2,2,"[[3179,9612],[6677,9612]]",0,0,[],2,0,[],0,0,0,0,0,[],9612,0,0,[]
2,2,"[[4868,9613],[9613,12845]]",0,0,[],2,0,[],0,0,0,0,0,[],9613,0,0,[]
1,1,"[[7318,9615]]",0,0,[],1,0,[],0,0,0,0,0,[],9615,0,0,[]
1,1,"[[9616,11894]]",0,0,[],1,0,[],0,0,0,0,0,[],9616,0,0,[]
2,2,"[[1536,9617],[5735,9617]]",0,0,[],2,0,[],0,0,0,0,0,[],9617,0,0,[]
2,2,"[[7255,9618],[9175,9618]]",0,0,[],2,0,[],0,0,0,0,0,[],9618,0,0,[]
2,2,"[[9619,11473],[9619,12274]]",0,0,[],2,0,[],0,0,0,0,0,[],9619,0,0,[]
2,2,"[[9127,9620],[9620,10857]]",0,0,[],2,0,[],0,0,0,0,0,[],9620,0,0,[]
1,1,"[[7647,9622]]",0,0,[],1,0,[],0,0,0,0,0,[],9622,0,0,[]
2,2,"[[4139,9623],[4745,9623]]",0,0,[],2,0,[],0,0,0,0,0,[],9623,0,0,[]
2,2,"[[5600,9626],[9626,10515]]",0,0,[],2,0,[],0,0,0,0,0,[],9626,0,0,[]
2,2,"[[5459,9627],[9627,10538]]",0,0,[],2,0,[],0,0,0,0,0,[],9627,0,0,[]
1,1,"[[7680,9629]]",0,0,[],1,0,[],0,0,0,0,0,[],9629,0,0,[]
1,1,"[[7761,9630]]",0,0,[],1,0,[],0,0,0,0,0,[],9630,0,0,[]
2,2,"[[9075,9631],[9631,12682]]",0,0,[],2,0,[],0,0,0,0,0,[],9631,0,0,[]
1,1,"[[7961,9632]]",0,0,[],1,0,[],0,0,0,0,0,[],9632,0,0,[]
2,2,"[[4624,9633],[5510,9633]]",0,0,[],2,0,[],0,0,0,0,0,[],9633,0,0,[]
2,2,"[[4452,9634],[9634,9710]]",0,0,[],2,0,[],0,0,0,0,0,[],9634,0,0,[]
2,2,"[[9635,12421],[9635,13391]]",0,0,[],2,0,[],0,0,0,0,0,[],9635,0,0,[]
1,1,"[[7629,9636]]",0,0,[],1,0,[],0,0,0,0,0,[],9636,0,0,[]
2,2,"[[8247,9638],[9638,12608]]",0,0,[],2,0,[],0,0,0,0,0,[],9638,0,0,[]
1,1,"[[9639,10362]]",0,0,[],1,0,[],0,0,0,0,0,[],9639,0,0,[]
2,2,"[[6953,9640],[9640,10441]]",0,0,[],2,0,[],0,0,0,0,0,[],9640,0,0,[]
2,2,"[[4767,9641],[9641,12390]]",0,0,[],2,0,[],0,0,0,0,0,[],9641,0,0,[]
1,1,"[[9642,11947]]",0,0,[],1,0,[],0,0,0,0,0,[],9642,0,0,[]
1,1,"[[7335,9643]]",0,0,[],1,0,[],0,0,0,0,0,[],9643,0,0,[]
2,2,"[[8468,9645],[9645,12353]]",0,0,[],2,0,[],0,0,0,0,0,[],9645,0,0,[]
2,2,"[[5361,9646],[9646,11021]]",0,0,[],2,0,[],0,0,0,0,0,[],9646,0,0,[]
2,2,"[[8821,9648],[9648,12868]]",0,0,[],2,0,[],0,0,0,0,0,[],9648,0,0,[]
1,1,"[[6346,9649]]",0,0,[],1,0,[],0,0,0,0,0,[],9649,0,0,[]
2,2,"[[7009,9650],[7978,9650]]",0,0,[],2,0,[],0,0,0,0,0,[],9650,0,0,[]
2,2,"[[5608,9651],[6806,9651]]",0,0,[],2,0,[],0,0,0,0,0,[],9651,0,0,[]
1,1,"[[9652,10012]]",0,0,[],1,0,[],0,0,0,0,0,[],9652,0,0,[]
1,1,"[[9653,13398]]",0,0,[],1,0,[],0,0,0,0,0,[],9653,0,0,[]
2,2,"[[2601,9654],[4313,9654]]",0,0,[],2,0,[],0,0,0,0,0,[],9654,0,0,[]
1,1,"[[9655,9756]]",0,0,[],1,0,[],0,0,0,0,0,[],9655,0,0,[]
2,2,"[[5858,9656],[6360,9656]]",0,0,[],2,0,[],0,0,0,0,0,[],9656,0,0,[]
2,2,"[[9658,10442],[9658,12426]]",0,0,[],2,0,[],0,0,0,0,0,[],9658,0,0,[]
1,1,"[[7358,9659]]",0,0,[],1,0,[],0,0,0,0,0,[],9659,0,0,[]
1,1,"[[9661,12183]]",0,0,[],1,0,[],0,0,0,0,0,[],9661,0,0,[]
1,1,"[[9663,9672]]",0,0,[],1,0,[],0,0,0,0,0,[],9663,0,0,[]
2,2,"[[4371,9664],[9664,10994]]",0,0,[],2,0,[],0,0,0,0,0,[],9664,0,0,[]
2,2,"[[2570,9665],[9665,10293]]",0,0,[],2,0,[],0,0,0,0,0,[],9665,0,0,[]
2,2,"[[6158,9666],[9666,10214]]",0,0,[],2,0,[],0,0,0,0,0,[],9666,0,0,[]
2,2,"[[6566,9670],[9670,12794]]",0,0,[],2,0,[],0,0,0,0,0,[],9670,0,0,[]
2,2,"[[3261,9672],[9672,10536]]",0,0,[],2,0,[],0,0,0,0,0,[],9672,0,0,[]
1,1,"[[9673,9939]]",0,0,[],1,0,[],0,0,0,0,0,[],9673,0,0,[]
1,1,"[[4395,9674]]",0,0,[],1,0,[],0,0,0,0,0,[],9674,0,0,[]
1,1,"[[9676,12737]]",0,0,[],1,0,[],0,0,0,0,0,[],9676,0,0,[]
1,1,"[[9480,9678]]",0,0,[],1,0,[],0,0,0,0,0,[],9678,0,0,[]
2,2,"[[6342,9679],[9679,10464]]",0,0,[],2,0,[],0,0,0,0,0,[],9679,0,0,[]
1,1,"[[5958,9680]]",0,0,[],1,0,[],0,0,0,0,0,[],9680,0,0,[]
1,1,"[[9682,11185]]",0,0,[],1,0,[],0,0,0,0,0,[],9682,0,0,[]
2,2,"[[7004,9683],[8609,9683]]",0,0,[],2,0,[],0,0,0,0,0,[],9683,0,0,[]
1,1,"[[4111,9684]]",0,0,[],1,0,[],0,0,0,0,0,[],9684,0,0,[]
1,1,"[[8576,9686]]",0,0,[],1,0,[],0,0,0,0,0,[],9686,0,0,[]
2,2,"[[706,9688],[2284,9688]]",0,0,[],2,0,[],0,0,0,0,0,[],9688,0,0,[]
1,1,"[[6095,9690]]",0,0,[],1,0,[],0,0,0,0,0,[],9690,0,0,[]
2,2,"[[6228,9691],[9691,12954]]",0,0,[],2,0,[],0,0,0,0,0,[],9691,0,0,[]
2,2,"[[2336,9692],[4100,9692]]",0,0,[],2,0,[],0,0,0,0,0,[],9692,0,0,[]
2,2,"[[4189,9693],[9082,9693]]",0,0,[],2,0,[],0,0,0,0,0,[],9693,0,0,[]
1,1,"[[9694,11442]]",0,0,[],1,0,[],0,0,0,0,0,[],9694,0,0,[]
1,1,"[[4124,9695]]",0,0,[],1,0,[],0,0,0,0,0,[],9695,0,0,[]
2,2,"[[257,9697],[7274,9697]]",0,0,[],2,0,[],0,0,0,0,0,[],9697,0,0,[]
1,1,"[[9698,10372]]",0,0,[],1,0,[],0,0,0,0,0,[],9698,0,0,[]
1,1,"[[9699,12282]]",0,0,[],1,0,[],0,0,0,0,0,[],9699,0,0,[]
2,2,"[[5421,9700],[9700,9884]]",0,0,[],2,0,[],0,0,0,0,0,[],9700,0,0,[]
1,1,"[[9701,13203]]",0,0,[],1,0,[],0,0,0,0,0,[],9701,0,0,[]
2,2,"[[6687,9702],[9015,9702]]",0,0,[],2,0,[],0,0,0,0,0,[],9702,0,0,[]
1,1,"[[9704,12688]]",0,0,[],1,0,[],0,0,0,0,0,[],9704,0,0,[]
1,1,"[[5642,9705]]",0,0,[],1,0,[],0,0,0,0,0,[],9705,0,0,[]
1,1,"[[5927,9706]]",0,0,[],1,0,[],0,0,0,0,0,[],9706,0,0,[]
2,2,"[[5609,9707],[8871,9707]]",0,0,[],2,0,[],0,0,0,0,0,[],9707,0,0,[]
2,2,"[[5569,9708],[9708,11448]]",0,0,[],2,0,[],0,0,0,0,0,[],9708,0,0,[]
2,2,"[[9709,9842],[9709,12398]]",0,0,[],2,0,[],0,0,0,0,0,[],9709,0,0,[]
2,2,"[[6084,9710],[8490,9710]]",0,0,[],2,0,[],0,0,0,0,0,[],9710,0,0,[]
1,1,"[[9711,12383]]",0,0,[],1,0,[],0,0,0,0,0,[],9711,0,0,[]
2,2,"[[9712,11882],[9712,13144]]",0,0,[],2,0,[],0,0,0,0,0,[],9712,0,0,[]
2,2,"[[9199,9713],[9713,10760]]",0,0,[],2,0,[],0,0,0,0,0,[],9713,0,0,[]
2,2,"[[9714,9918],[9714,11813]]",0,0,[],2,0,[],0,0,0,0,0,[],9714,0,0,[]
2,2,"[[8096,9715],[9715,10014]]",0,0,[],2,0,[],0,0,0,0,0,[],9715,0,0,[]
1,1,"[[8686,9716]]",0,0,[],1,0,[],0,0,0,0,0,[],9716,0,0,[]
2,2,"[[3564,9718],[8721,9718]]",0,0,[],2,0,[],0,0,0,0,0,[],9718,0,0,[]
1,1,"[[9719,11503]]",0,0,[],1,0,[],0,0,0,0,0,[],9719,0,0,[]
2,2,"[[376,9720],[6687,9720]]",0,0,[],2,0,[],0,0,0,0,0,[],9720,0,0,[]
2,2,"[[4007,9721],[9098,9721]]",0,0,[],2,0,[],0,0,0,0,0,[],9721,0,0,[]
1,1,"[[1314,9722]]",0,0,[],1,0,[],0,0,0,0,0,[],9722,0,0,[]
1,1,"[[9725,12675]]",0,0,[],1,0,[],0,0,0,0,0,[],9725,0,0,[]
1,1,"[[3361,9726]]",0,0,[],1,0,[],0,0,0,0,0,[],9726,0,0,[]
1,1,"[[5708,9727]]",0,0,[],1,0,[],0,0,0,0,0,[],9727,0,0,[]
1,1,"[[6180,9728]]",0,0,[],1,0,[],0,0,0,0,0,[],9728,0,0,[]
2,2,"[[9731,12341],[9731,12824]]",0,0,[],2,0,[],0,0,0,0,0,[],9731,0,0,[]
1,1,"[[7820,9732]]",0,0,[],1,0,[],0,0,0,0,0,[],9732,0,0,[]
2,2,"[[2703,9733],[8646,9733]]",0,0,[],2,0,[],0,0,0,0,0,[],9733,0,0,[]
2,2,"[[7200,9735],[9048,9735]]",0,0,[],2,0,[],0,0,0,0,0,[],9735,0,0,[]
2,2,"[[6990,9736],[9736,11640]]",0,0,[],2,0,[],0,0,0,0,0,[],9736,0,0,[]
1,1,"[[72,9737]]",0,0,[],1,0,[],0,0,0,0,0,[],9737,0,0,[]
2,2,"[[8858,9739],[9739,11876]]",0,0,[],2,0,[],0,0,0,0,0,[],9739,0,0,[]
2,2,"[[4951,9740],[8088,9740]]",0,0,[],2,0,[],0,0,0,0,0,[],9740,0,0,[]
1,1,"[[1913,9741]]",0,0,[],1,0,[],0,0,0,0,0,[],9741,0,0,[]
2,2,"[[9742,11852],[9742,12761]]",0,0,[],2,0,[],0,0,0,0,0,[],9742,0,0,[]
2,2,"[[5978,9743],[9743,11805]]",0,0,[],2,0,[],0,0,0,0,0,[],9743,0,0,[]
1,1,"[[9744,11005]]",0,0,[],1,0,[],0,0,0,0,0,[],9744,0,0,[]
1,1,"[[9230,9745]]",0,0,[],1,0,[],0,0,0,0,0,[],9745,0,0,[]
2,2,"[[4159,9746],[5672,9746]]",0,0,[],2,0,[],0,0,0,0,0,[],9746,0,0,[]
2,2,"[[2096,9747],[7474,9747]]",0,0,[],2,0,[],0,0,0,0,0,[],9747,0,0,[]
1,1,"[[9749,12183]]",0,0,[],1,0,[],0,0,0,0,0,[],9749,0,0,[]
2,2,"[[9689,9751],[9751,12113]]",0,0,[],2,0,[],0,0,0,0,0,[],9751,0,0,[]
2,2,"[[6718,9752],[9752,12513]]",0,0,[],2,0,[],0,0,0,0,0,[],9752,0,0,[]
1,1,"[[5755,9753]]",0,0,[],1,0,[],0,0,0,0,0,[],9753,0,0,[]
2,2,"[[9754,10217],[9754,11052]]",0,0,[],2,0,[],0,0,0,0,0,[],9754,0,0,[]
2,2,"[[5637,9755],[9687,9755]]",0,0,[],2,0,[],0,0,0,0,0,[],9755,0,0,[]
1,1,"[[1260,9756]]",0,0,[],1,0,[],0,0,0,0,0,[],9756,0,0,[]
1,1,"[[8409,9757]]",0,0,[],1,0,[],0,0,0,0,0,[],9757,0,0,[]
2,2,"[[7855,9758],[9458,9758]]",0,0,[],2,0,[],0,0,0,0,0,[],9758,0,0,[]
2,2,"[[4235,9759],[7549,9759]]",0,0,[],2,0,[],0,0,0,0,0,[],9759,0,0,[]
1,1,"[[8301,9761]]",0,0,[],1,0,[],0,0,0,0,0,[],9761,0,0,[]
1,1,"[[3604,9763]]",0,0,[],1,0,[],0,0,0,0,0,[],9763,0,0,[]
2,2,"[[415,9764],[8921,9764]]",0,0,[],2,0,[],0,0,0,0,0,[],9764,0,0,[]
1,1,"[[8472,9765]]",0,0,[],1,0,[],0,0,0,0,0,[],9765,0,0,[]
2,2,"[[4281,9766],[9766,10351]]",0,0,[],2,0,[],0,0,0,0,0,[],9766,0,0,[]
1,1,"[[8792,9767]]",0,0,[],1,0,[],0,0,0,0,0,[],9767,0,0,[]
2,2,"[[1055,9768],[9768,10813]]",0,0,[],2,0,[],0,0,0,0,0,[],9768,0,0,[]
1,1,"[[6087,9769]]",0,0,[],1,0,[],0,0,0,0,0,[],9769,0,0,[]
2,2,"[[9770,10579],[9770,11048]]",0,0,[],2,0,[],0,0,0,0,0,[],9770,0,0,[]
2,2,"[[5445,9771],[7997,9771]]",0,0,[],2,0,[],0,0,0,0,0,[],9771,0,0,[]
2,2,"[[2117,9772],[9772,12087]]",0,0,[],2,0,[],0,0,0,0,0,[],9772,0,0,[]
2,2,"[[7382,9774],[8079,9774]]",0,0,[],2,0,[],0,0,0,0,0,[],9774,0,0,[]
2,2,"[[3092,9775],[8347,9775]]",0,0,[],2,0,[],0,0,0,0,0,[],9775,0,0,[]
2,2,"[[2307,9776],[6771,9776]]",0,0,[],2,0,[],0,0,0,0,0,[],9776,0,0,[]
1,1,"[[9778,10569]]",0,0,[],1,0,[],0,0,0,0,0,[],9778,0,0,[]
2,2,"[[7464,9779],[9779,10409]]",0,0,[],2,0,[],0,0,0,0,0,[],9779,0,0,[]
1,1,"[[9032,9780]]",0,0,[],1,0,[],0,0,0,0,0,[],9780,0,0,[]
1,1,"[[9781,12141]]",0,0,[],1,0,[],0,0,0,0,0,[],9781,0,0,[]
1,1,"[[9782,11425]]",0,0,[],1,0,[],0,0,0,0,0,[],9782,0,0,[]
1,1,"[[9300,9784]]",0,0,[],1,0,[],0,0,0,0,0,[],9784,0,0,[]
2,2,"[[5095,9785],[9785,12829]]",0,0,[],2,0,[],0,0,0,0,0,[],9785,0,0,[]
2,2,"[[4356,9786],[5793,9786]]",0,0,[],2,0,[],0,0,0,0,0,[],9786,0,0,[]
2,2,"[[5348,9788],[8884,9788]]",0,0,[],2,0,[],0,0,0,0,0,[],9788,0,0,[]
2,2,"[[2388,9789],[6623,9789]]",0,0,[],2,0,[],0,0,0,0,0,[],9789,0,0,[]
1,1,"[[1010,9790]]",0,0,[],1,0,[],0,0,0,0,0,[],9790,0,0,[]
2,2,"[[8300,9791],[8718,9791]]",0,0,[],2,0,[],0,0,0,0,0,[],9791,0,0,[]
1,1,"[[8881,9792]]",0,0,[],1,0,[],0,0,0,0,0,[],9792,0,0,[]
2,2,"[[22,9793],[3083,9793]]",0,0,[],2,0,[],0,0,0,0,0,[],9793,0,0,[]
2,2,"[[8445,9794],[9175,9794]]",0,0,[],2,0,[],0,0,0,0,0,[],9794,0,0,[]
1,1,"[[2971,9795]]",0,0,[],1,0,[],0,0,0,0,0,[],9795,0,0,[]
1,1,"[[5445,9796]]",0,0,[],1,0,[],0,0,0,0,0,[],9796,0,0,[]
1,1,"[[9654,9797]]",0,0,[],1,0,[],0,0,0,0,0,[],9797,0,0,[]
1,1,"[[5712,9799]]",0,0,[],1,0,[],0,0,0,0,0,[],9799,0,0,[]
1,1,"[[5793,9800]]",0,0,[],1,0,[],0,0,0,0,0,[],9800,0,0,[]
2,2,"[[5086,9801],[9253,9801]]",0,0,[],2,0,[],0,0,0,0,0,[],9801,0,0,[]
2,2,"[[9802,10938],[9802,12233]]",0,0,[],2,0,[],0,0,0,0,0,[],9802,0,0,[]
2,2,"[[8120,9803],[9556,9803]]",0,0,[],2,0,[],0,0,0,0,0,[],9803,0,0,[]
1,1,"[[9777,9804]]",0,0,[],1,0,[],0,0,0,0,0,[],9804,0,0,[]
2,2,"[[3888,9805],[9805,10714]]",0,0,[],2,0,[],0,0,0,0,0,[],9805,0,0,[]
1,1,"[[8545,9806]]",0,0,[],1,0,[],0,0,0,0,0,[],9806,0,0,[]
1,1,"[[7413,9807]]",0,0,[],1,0,[],0,0,0,0,0,[],9807,0,0,[]
1,1,"[[9616,9808]]",0,0,[],1,0,[],0,0,0,0,0,[],9808,0,0,[]
1,1,"[[5767,9809]]",0,0,[],1,0,[],0,0,0,0,0,[],9809,0,0,[]
1,1,"[[4091,9810]]",0,0,[],1,0,[],0,0,0,0,0,[],9810,0,0,[]
1,1,"[[9251,9812]]",0,0,[],1,0,[],0,0,0,0,0,[],9812,0,0,[]
1,1,"[[2904,9814]]",0,0,[],1,0,[],0,0,0,0,0,[],9814,0,0,[]
1,1,"[[5389,9816]]",0,0,[],1,0,[],0,0,0,0,0,[],9816,0,0,[]
2,2,"[[5923,9817],[6578,9817]]",0,0,[],2,0,[],0,0,0,0,0,[],9817,0,0,[]
2,2,"[[1755,9818],[8626,9818]]",0,0,[],2,0,[],0,0,0,0,0,[],9818,0,0,[]
1,1,"[[6872,9819]]",0,0,[],1,0,[],0,0,0,0,0,[],9819,0,0,[]
2,2,"[[3307,9820],[9820,11988]]",0,0,[],2,0,[],0,0,0,0,0,[],9820,0,0,[]
2,2,"[[8813,9821],[9821,11778]]",0,0,[],2,0,[],0,0,0,0,0,[],9821,0,0,[]
1,1,"[[4259,9822]]",0,0,[],1,0,[],0,0,0,0,0,[],9822,0,0,[]
2,2,"[[57,9823],[6876,9823]]",0,0,[],2,0,[],0,0,0,0,0,[],9823,0,0,[]
2,2,"[[3367,9824],[9824,13023]]",0,0,[],2,0,[],0,0,0,0,0,[],9824,0,0,[]
1,1,"[[9825,11113]]",0,0,[],1,0,[],0,0,0,0,0,[],9825,0,0,[]
1,1,"[[6975,9826]]",0,0,[],1,0,[],0,0,0,0,0,[],9826,0,0,[]
2,2,"[[9827,11453],[9827,11674]]",0,0,[],2,0,[],0,0,0,0,0,[],9827,0,0,[]
2,2,"[[6861,9828],[9828,12447]]",0,0,[],2,0,[],0,0,0,0,0,[],9828,0,0,[]
1,1,"[[5620,9829]]",0,0,[],1,0,[],0,0,0,0,0,[],9829,0,0,[]
2,2,"[[5257,9830],[6927,9830]]",0,0,[],2,0,[],0,0,0,0,0,[],9830,0,0,[]
1,1,"[[9831,12699]]",0,0,[],1,0,[],0,0,0,0,0,[],9831,0,0,[]
1,1,"[[9833,13335]]",0,0,[],1,0,[],0,0,0,0,0,[],9833,0,0,[]
2,2,"[[3116,9834],[9834,12347]]",0,0,[],2,0,[],0,0,0,0,0,[],9834,0,0,[]
1,1,"[[4207,9835]]",0,0,[],1,0,[],0,0,0,0,0,[],9835,0,0,[]
2,2,"[[9836,10951],[9836,11957]]",0,0,[],2,0,[],0,0,0,0,0,[],9836,0,0,[]
1,1,"[[9838,11623]]",0,0,[],1,0,[],0,0,0,0,0,[],9838,0,0,[]
1,1,"[[4724,9841]]",0,0,[],1,0,[],0,0,0,0,0,[],9841,0,0,[]
1,1,"[[7183,9842]]",0,0,[],1,0,[],0,0,0,0,0,[],9842,0,0,[]
2,2,"[[6980,9843],[7695,9843]]",0,0,[],2,0,[],0,0,0,0,0,[],9843,0,0,[]
1,1,"[[6336,9845]]",0,0,[],1,0,[],0,0,0,0,0,[],9845,0,0,[]
1,1,"[[2077,9846]]",0,0,[],1,0,[],0,0,0,0,0,[],9846,0,0,[]
2,2,"[[6580,9847],[9847,11184]]",0,0,[],2,0,[],0,0,0,0,0,[],9847,0,0,[]
1,1,"[[9848,13527]]",0,0,[],1,0,[],0,0,0,0,0,[],9848,0,0,[]
1,1,"[[9849,10785]]",0,0,[],1,0,[],0,0,0,0,0,[],9849,0,0,[]
1,1,"[[8841,9850]]",0,0,[],1,0,[],0,0,0,0,0,[],9850,0,0,[]
1,1,"[[9851,11414]]",0,0,[],1,0,[],0,0,0,0,0,[],9851,0,0,[]
2,2,"[[7402,9852],[9852,11718]]",0,0,[],2,0,[],0,0,0,0,0,[],9852,0,0,[]
2,2,"[[9494,9853],[9853,13686]]",0,0,[],2,0,[],0,0,0,0,0,[],9853,0,0,[]
1,1,"[[9854,10202]]",0,0,[],1,0,[],0,0,0,0,0,[],9854,0,0,[]
2,2,"[[5350,9855],[9855,11999]]",0,0,[],2,0,[],0,0,0,0,0,[],9855,0,0,[]
2,2,"[[9378,9856],[9856,11215]]",0,0,[],2,0,[],0,0,0,0,0,[],9856,0,0,[]
2,2,"[[9091,9857],[9857,10668]]",0,0,[],2,0,[],0,0,0,0,0,[],9857,0,0,[]
2,2,"[[7178,9858],[9858,11184]]",0,0,[],2,0,[],0,0,0,0,0,[],9858,0,0,[]
2,2,"[[9859,10055],[9859,11234]]",0,0,[],2,0,[],0,0,0,0,0,[],9859,0,0,[]
2,2,"[[5776,9860],[9860,13425]]",0,0,[],2,0,[],0,0,0,0,0,[],9860,0,0,[]
2,2,"[[9501,9861],[9861,11301]]",0,0,[],2,0,[],0,0,0,0,0,[],9861,0,0,[]
2,2,"[[9862,9881],[9862,10140]]",0,0,[],2,0,[],0,0,0,0,0,[],9862,0,0,[]
1,1,"[[6594,9863]]",0,0,[],1,0,[],0,0,0,0,0,[],9863,0,0,[]
2,2,"[[3736,9864],[4780,9864]]",0,0,[],2,0,[],0,0,0,0,0,[],9864,0,0,[]
2,2,"[[9865,10439],[9865,13120]]",0,0,[],2,0,[],0,0,0,0,0,[],9865,0,0,[]
2,2,"[[170,9866],[7618,9866]]",0,0,[],2,0,[],0,0,0,0,0,[],9866,0,0,[]
2,2,"[[6362,9867],[9867,12029]]",0,0,[],2,0,[],0,0,0,0,0,[],9867,0,0,[]
2,2,"[[7455,9868],[9741,9868]]",0,0,[],2,0,[],0,0,0,0,0,[],9868,0,0,[]
2,2,"[[5728,9869],[9869,12339]]",0,0,[],2,0,[],0,0,0,0,0,[],9869,0,0,[]
2,2,"[[1788,9870],[8950,9870]]",0,0,[],2,0,[],0,0,0,0,0,[],9870,0,0,[]
1,1,"[[2083,9871]]",0,0,[],1,0,[],0,0,0,0,0,[],9871,0,0,[]
2,2,"[[5688,9872],[9475,9872]]",0,0,[],2,0,[],0,0,0,0,0,[],9872,0,0,[]
2,2,"[[5093,9873],[9873,12420]]",0,0,[],2,0,[],0,0,0,0,0,[],9873,0,0,[]
2,2,"[[8856,9874],[9874,12409]]",0,0,[],2,0,[],0,0,0,0,0,[],9874,0,0,[]
1,1,"[[9875,10187]]",0,0,[],1,0,[],0,0,0,0,0,[],9875,0,0,[]
2,2,"[[9595,9876],[9876,13556]]",0,0,[],2,0,[],0,0,0,0,0,[],9876,0,0,[]
2,2,"[[6939,9877],[9877,11396]]",0,0,[],2,0,[],0,0,0,0,0,[],9877,0,0,[]
1,1,"[[2219,9878]]",0,0,[],1,0,[],0,0,0,0,0,[],9878,0,0,[]
1,1,"[[5654,9879]]",0,0,[],1,0,[],0,0,0,0,0,[],9879,0,0,[]
1,1,"[[3762,9881]]",0,0,[],1,0,[],0,0,0,0,0,[],9881,0,0,[]
1,1,"[[6284,9883]]",0,0,[],1,0,[],0,0,0,0,0,[],9883,0,0,[]
1,1,"[[9884,10542]]",0,0,[],1,0,[],0,0,0,0,0,[],9884,0,0,[]
2,2,"[[6833,9885],[9885,10300]]",0,0,[],2,0,[],0,0,0,0,0,[],9885,0,0,[]
2,2,"[[9886,11239],[9886,11823]]",0,0,[],2,0,[],0,0,0,0,0,[],9886,0,0,[]
1,1,"[[5488,9887]]",0,0,[],1,0,[],0,0,0,0,0,[],9887,0,0,[]
1,1,"[[6516,9888]]",0,0,[],1,0,[],0,0,0,0,0,[],9888,0,0,[]
2,2,"[[1147,9890],[2914,9890]]",0,0,[],2,0,[],0,0,0,0,0,[],9890,0,0,[]
1,1,"[[5098,9891]]",0,0,[],1,0,[],0,0,0,0,0,[],9891,0,0,[]
1,1,"[[2578,9892]]",0,0,[],1,0,[],0,0,0,0,0,[],9892,0,0,[]
1,1,"[[9703,9893]]",0,0,[],1,0,[],0,0,0,0,0,[],9893,0,0,[]
2,2,"[[8075,9894],[9894,11040]]",0,0,[],2,0,[],0,0,0,0,0,[],9894,0,0,[]
2,2,"[[6664,9895],[9895,11191]]",0,0,[],2,0,[],0,0,0,0,0,[],9895,0,0,[]
2,2,"[[9896,10500],[9896,11870]]",0,0,[],2,0,[],0,0,0,0,0,[],9896,0,0,[]
1,1,"[[9897,10613]]",0,0,[],1,0,[],0,0,0,0,0,[],9897,0,0,[]
1,1,"[[5788,9898]]",0,0,[],1,0,[],0,0,0,0,0,[],9898,0,0,[]
1,1,"[[9835,9899]]",0,0,[],1,0,[],0,0,0,0,0,[],9899,0,0,[]
1,1,"[[9053,9900]]",0,0,[],1,0,[],0,0,0,0,0,[],9900,0,0,[]
1,1,"[[7210,9901]]",0,0,[],1,0,[],0,0,0,0,0,[],9901,0,0,[]
1,1,"[[6185,9902]]",0,0,[],1,0,[],0,0,0,0,0,[],9902,0,0,[]
2,2,"[[8656,9904],[9904,11130]]",0,0,[],2,0,[],0,0,0,0,0,[],9904,0,0,[]
1,1,"[[1603,9905]]",0,0,[],1,0,[],0,0,0,0,0,[],9905,0,0,[]
2,2,"[[7067,9906],[9906,13657]]",0,0,[],2,0,[],0,0,0,0,0,[],9906,0,0,[]
1,1,"[[6660,9907]]",0,0,[],1,0,[],0,0,0,0,0,[],9907,0,0,[]
1,1,"[[1181,9908]]",0,0,[],1,0,[],0,0,0,0,0,[],9908,0,0,[]
1,1,"[[4232,9909]]",0,0,[],1,0,[],0,0,0,0,0,[],9909,0,0,[]
1,1,"[[4487,9910]]",0,0,[],1,0,[],0,0,0,0,0,[],9910,0,0,[]
1,1,"[[5250,9911]]",0,0,[],1,0,[],0,0,0,0,0,[],9911,0,0,[]
2,2,"[[2996,9912],[8265,9912]]",0,0,[],2,0,[],0,0,0,0,0,[],9912,0,0,[]
2,2,"[[1113,9913],[9913,13615]]",0,0,[],2,0,[],0,0,0,0,0,[],9913,0,0,[]
1,1,"[[9914,9928]]",0,0,[],1,0,[],0,0,0,0,0,[],9914,0,0,[]
2,2,"[[2154,9915],[2529,9915]]",0,0,[],2,0,[],0,0,0,0,0,[],9915,0,0,[]
1,1,"[[9232,9916]]",0,0,[],1,0,[],0,0,0,0,0,[],9916,0,0,[]
1,1,"[[7550,9917]]",0,0,[],1,0,[],0,0,0,0,0,[],9917,0,0,[]
1,1,"[[9918,11676]]",0,0,[],1,0,[],0,0,0,0,0,[],9918,0,0,[]
2,2,"[[5250,9919],[9611,9919]]",0,0,[],2,0,[],0,0,0,0,0,[],9919,0,0,[]
1,1,"[[9920,12250]]",0,0,[],1,0,[],0,0,0,0,0,[],9920,0,0,[]
2,2,"[[9921,10198],[9921,11952]]",0,0,[],2,0,[],0,0,0,0,0,[],9921,0,0,[]
1,1,"[[305,9922]]",0,0,[],1,0,[],0,0,0,0,0,[],9922,0,0,[]
2,2,"[[4853,9923],[7328,9923]]",0,0,[],2,0,[],0,0,0,0,0,[],9923,0,0,[]
2,2,"[[4853,9924],[8095,9924]]",0,0,[],2,0,[],0,0,0,0,0,[],9924,0,0,[]
2,2,"[[2805,9926],[9807,9926]]",0,0,[],2,0,[],0,0,0,0,0,[],9926,0,0,[]
2,2,"[[5971,9927],[9927,11711]]",0,0,[],2,0,[],0,0,0,0,0,[],9927,0,0,[]
2,2,"[[7053,9928],[9398,9928]]",0,0,[],2,0,[],0,0,0,0,0,[],9928,0,0,[]
2,2,"[[4024,9929],[8229,9929]]",0,0,[],2,0,[],0,0,0,0,0,[],9929,0,0,[]
1,1,"[[2522,9930]]",0,0,[],1,0,[],0,0,0,0,0,[],9930,0,0,[]
2,2,"[[8168,9931],[9546,9931]]",0,0,[],2,0,[],0,0,0,0,0,[],9931,0,0,[]
1,1,"[[9367,9933]]",0,0,[],1,0,[],0,0,0,0,0,[],9933,0,0,[]
2,2,"[[5394,9934],[9537,9934]]",0,0,[],2,0,[],0,0,0,0,0,[],9934,0,0,[]
1,1,"[[9935,10439]]",0,0,[],1,0,[],0,0,0,0,0,[],9935,0,0,[]
2,2,"[[864,9936],[9936,11171]]",0,0,[],2,0,[],0,0,0,0,0,[],9936,0,0,[]
1,1,"[[9452,9937]]",0,0,[],1,0,[],0,0,0,0,0,[],9937,0,0,[]
1,1,"[[9938,10462]]",0,0,[],1,0,[],0,0,0,0,0,[],9938,0,0,[]
1,1,"[[6706,9939]]",0,0,[],1,0,[],0,0,0,0,0,[],9939,0,0,[]
2,2,"[[3203,9940],[9940,10374]]",0,0,[],2,0,[],0,0,0,0,0,[],9940,0,0,[]
2,2,"[[2046,9941],[9941,13399]]",0,0,[],2,0,[],0,0,0,0,0,[],9941,0,0,[]
1,1,"[[8875,9942]]",0,0,[],1,0,[],0,0,0,0,0,[],9942,0,0,[]
2,2,"[[9943,11548],[9943,12909]]",0,0,[],2,0,[],0,0,0,0,0,[],9943,0,0,[]
2,2,"[[9944,12970],[9944,13236]]",0,0,[],2,0,[],0,0,0,0,0,[],9944,0,0,[]
1,1,"[[9945,12051]]",0,0,[],1,0,[],0,0,0,0,0,[],9945,0,0,[]
1,1,"[[9946,11932]]",0,0,[],1,0,[],0,0,0,0,0,[],9946,0,0,[]
1,1,"[[9947,11921]]",0,0,[],1,0,[],0,0,0,0,0,[],9947,0,0,[]
2,2,"[[8057,9948],[9948,12057]]",0,0,[],2,0,[],0,0,0,0,0,[],9948,0,0,[]
1,1,"[[4907,9949]]",0,0,[],1,0,[],0,0,0,0,0,[],9949,0,0,[]
1,1,"[[3994,9950]]",0,0,[],1,0,[],0,0,0,0,0,[],9950,0,0,[]
1,1,"[[9909,9951]]",0,0,[],1,0,[],0,0,0,0,0,[],9951,0,0,[]
2,2,"[[5774,9953],[8736,9953]]",0,0,[],2,0,[],0,0,0,0,0,[],9953,0,0,[]
2,2,"[[1877,9954],[8431,9954]]",0,0,[],2,0,[],0,0,0,0,0,[],9954,0,0,[]
1,1,"[[9955,11538]]",0,0,[],1,0,[],0,0,0,0,0,[],9955,0,0,[]
2,2,"[[2823,9956],[4508,9956]]",0,0,[],2,0,[],0,0,0,0,0,[],9956,0,0,[]
1,1,"[[7142,9957]]",0,0,[],1,0,[],0,0,0,0,0,[],9957,0,0,[]
1,1,"[[4787,9958]]",0,0,[],1,0,[],0,0,0,0,0,[],9958,0,0,[]
2,2,"[[1346,9959],[9036,9959]]",0,0,[],2,0,[],0,0,0,0,0,[],9959,0,0,[]
1,1,"[[9365,9960]]",0,0,[],1,0,[],0,0,0,0,0,[],9960,0,0,[]
2,2,"[[9961,10292],[9961,13565]]",0,0,[],2,0,[],0,0,0,0,0,[],9961,0,0,[]
1,1,"[[9842,9962]]",0,0,[],1,0,[],0,0,0,0,0,[],9962,0,0,[]
1,1,"[[9963,13126]]",0,0,[],1,0,[],0,0,0,0,0,[],9963,0,0,[]
1,1,"[[9964,13106]]",0,0,[],1,0,[],0,0,0,0,0,[],9964,0,0,[]
1,1,"[[9407,9965]]",0,0,[],1,0,[],0,0,0,0,0,[],9965,0,0,[]
2,2,"[[6900,9966],[7406,9966]]",0,0,[],2,0,[],0,0,0,0,0,[],9966,0,0,[]
2,2,"[[7792,9967],[8956,9967]]",0,0,[],2,0,[],0,0,0,0,0,[],9967,0,0,[]
2,2,"[[3798,9968],[4067,9968]]",0,0,[],2,0,[],0,0,0,0,0,[],9968,0,0,[]
1,1,"[[8250,9969]]",0,0,[],1,0,[],0,0,0,0,0,[],9969,0,0,[]
1,1,"[[9201,9971]]",0,0,[],1,0,[],0,0,0,0,0,[],9971,0,0,[]
2,2,"[[5380,9972],[9402,9972]]",0,0,[],2,0,[],0,0,0,0,0,[],9972,0,0,[]
2,2,"[[6908,9973],[6919,9973]]",0,0,[],2,0,[],0,0,0,0,0,[],9973,0,0,[]
2,2,"[[3447,9975],[8209,9975]]",0,0,[],2,0,[],0,0,0,0,0,[],9975,0,0,[]
1,1,"[[4983,9977]]",0,0,[],1,0,[],0,0,0,0,0,[],9977,0,0,[]
2,2,"[[9978,11397],[9978,12569]]",0,0,[],2,0,[],0,0,0,0,0,[],9978,0,0,[]
2,2,"[[3975,9979],[5399,9979]]",0,0,[],2,0,[],0,0,0,0,0,[],9979,0,0,[]
1,1,"[[2482,9980]]",0,0,[],1,0,[],0,0,0,0,0,[],9980,0,0,[]
1,1,"[[9981,12088]]",0,0,[],1,0,[],0,0,0,0,0,[],9981,0,0,[]
1,1,"[[7446,9982]]",0,0,[],1,0,[],0,0,0,0,0,[],9982,0,0,[]
1,1,"[[8412,9983]]",0,0,[],1,0,[],0,0,0,0,0,[],9983,0,0,[]
2,2,"[[7865,9984],[9984,11362]]",0,0,[],2,0,[],0,0,0,0,0,[],9984,0,0,[]
1,1,"[[9985,13015]]",0,0,[],1,0,[],0,0,0,0,0,[],9985,0,0,[]
1,1,"[[8747,9986]]",0,0,[],1,0,[],0,0,0,0,0,[],9986,0,0,[]
2,2,"[[3880,9988],[9988,11733]]",0,0,[],2,0,[],0,0,0,0,0,[],9988,0,0,[]
1,1,"[[9989,10779]]",0,0,[],1,0,[],0,0,0,0,0,[],9989,0,0,[]
1,1,"[[4444,9990]]",0,0,[],1,0,[],0,0,0,0,0,[],9990,0,0,[]
2,2,"[[685,9991],[9991,13407]]",0,0,[],2,0,[],0,0,0,0,0,[],9991,0,0,[]
1,1,"[[9068,9992]]",0,0,[],1,0,[],0,0,0,0,0,[],9992,0,0,[]
2,2,"[[7187,9993],[9993,11942]]",0,0,[],2,0,[],0,0,0,0,0,[],9993,0,0,[]
2,2,"[[9386,9995],[9995,10363]]",0,0,[],2,0,[],0,0,0,0,0,[],9995,0,0,[]
2,2,"[[9996,11315],[9996,12350]]",0,0,[],2,0,[],0,0,0,0,0,[],9996,0,0,[]
2,2,"[[9997,10188],[9997,12860]]",0,0,[],2,0,[],0,0,0,0,0,[],9997,0,0,[]
1,1,"[[9800,9998]]",0,0,[],1,0,[],0,0,0,0,0,[],9998,0,0,[]
1,1,"[[8555,9999]]",0,0,[],1,0,[],0,0,0,0,0,[],9999,0,0,[]
1,1,"[[9391,10001]]",0,0,[],1,0,[],0,0,0,0,0,[],10001,0,0,[]
2,2,"[[7183,10002],[10002,11573]]",0,0,[],2,0,[],0,0,0,0,0,[],10002,0,0,[]
2,2,"[[7506,10003],[7638,10003]]",0,0,[],2,0,[],0,0,0,0,0,[],10003,0,0,[]
1,1,"[[2813,10004]]",0,0,[],1,0,[],0,0,0,0,0,[],10004,0,0,[]
2,2,"[[7810,10005],[7974,10005]]",0,0,[],2,0,[],0,0,0,0,0,[],10005,0,0,[]
1,1,"[[5050,10007]]",0,0,[],1,0,[],0,0,0,0,0,[],10007,0,0,[]
2,2,"[[10009,12283],[10009,12311]]",0,0,[],2,0,[],0,0,0,0,0,[],10009,0,0,[]
2,2,"[[7505,10010],[10010,10732]]",0,0,[],2,0,[],0,0,0,0,0,[],10010,0,0,[]
2,2,"[[3741,10011],[10011,12684]]",0,0,[],2,0,[],0,0,0,0,0,[],10011,0,0,[]
1,1,"[[10012,11104]]",0,0,[],1,0,[],0,0,0,0,0,[],10012,0,0,[]
1,1,"[[10013,11983]]",0,0,[],1,0,[],0,0,0,0,0,[],10013,0,0,[]
2,2,"[[8096,10014],[10014,10296]]",0,0,[],2,0,[],0,0,0,0,0,[],10014,0,0,[]
2,2,"[[3915,10015],[7027,10015]]",0,0,[],2,0,[],0,0,0,0,0,[],10015,0,0,[]
1,1,"[[9401,10016]]",0,0,[],1,0,[],0,0,0,0,0,[],10016,0,0,[]
2,2,"[[10018,11347],[10018,11788]]",0,0,[],2,0,[],0,0,0,0,0,[],10018,0,0,[]
2,2,"[[6565,10019],[9816,10019]]",0,0,[],2,0,[],0,0,0,0,0,[],10019,0,0,[]
2,2,"[[6334,10020],[6604,10020]]",0,0,[],2,0,[],0,0,0,0,0,[],10020,0,0,[]
1,1,"[[9986,10021]]",0,0,[],1,0,[],0,0,0,0,0,[],10021,0,0,[]
1,1,"[[4689,10023]]",0,0,[],1,0,[],0,0,0,0,0,[],10023,0,0,[]
1,1,"[[6843,10025]]",0,0,[],1,0,[],0,0,0,0,0,[],10025,0,0,[]
2,2,"[[7542,10026],[8898,10026]]",0,0,[],2,0,[],0,0,0,0,0,[],10026,0,0,[]
2,2,"[[5134,10028],[5588,10028]]",0,0,[],2,0,[],0,0,0,0,0,[],10028,0,0,[]
1,1,"[[8861,10029]]",0,0,[],1,0,[],0,0,0,0,0,[],10029,0,0,[]
1,1,"[[6554,10030]]",0,0,[],1,0,[],0,0,0,0,0,[],10030,0,0,[]
2,2,"[[2362,10031],[4421,10031]]",0,0,[],2,0,[],0,0,0,0,0,[],10031,0,0,[]
2,2,"[[1508,10032],[6567,10032]]",0,0,[],2,0,[],0,0,0,0,0,[],10032,0,0,[]
1,1,"[[3591,10033]]",0,0,[],1,0,[],0,0,0,0,0,[],10033,0,0,[]
1,1,"[[8879,10034]]",0,0,[],1,0,[],0,0,0,0,0,[],10034,0,0,[]
1,1,"[[41,10035]]",0,0,[],1,0,[],0,0,0,0,0,[],10035,0,0,[]
2,2,"[[10036,10551],[10036,11721]]",0,0,[],2,0,[],0,0,0,0,0,[],10036,0,0,[]
2,2,"[[10037,11023],[10037,13293]]",0,0,[],2,0,[],0,0,0,0,0,[],10037,0,0,[]
2,2,"[[3856,10038],[10038,13328]]",0,0,[],2,0,[],0,0,0,0,0,[],10038,0,0,[]
1,1,"[[10039,10833]]",0,0,[],1,0,[],0,0,0,0,0,[],10039,0,0,[]
2,2,"[[9947,10040],[10040,12367]]",0,0,[],2,0,[],0,0,0,0,0,[],10040,0,0,[]
1,1,"[[8144,10041]]",0,0,[],1,0,[],0,0,0,0,0,[],10041,0,0,[]
2,2,"[[9673,10043],[10043,13211]]",0,0,[],2,0,[],0,0,0,0,0,[],10043,0,0,[]
2,2,"[[2200,10044],[9797,10044]]",0,0,[],2,0,[],0,0,0,0,0,[],10044,0,0,[]
2,2,"[[5590,10046],[8409,10046]]",0,0,[],2,0,[],0,0,0,0,0,[],10046,0,0,[]
1,1,"[[9265,10047]]",0,0,[],1,0,[],0,0,0,0,0,[],10047,0,0,[]
2,2,"[[9277,10048],[10048,12506]]",0,0,[],2,0,[],0,0,0,0,0,[],10048,0,0,[]
1,1,"[[8148,10049]]",0,0,[],1,0,[],0,0,0,0,0,[],10049,0,0,[]
1,1,"[[7216,10051]]",0,0,[],1,0,[],0,0,0,0,0,[],10051,0,0,[]
1,1,"[[10054,12559]]",0,0,[],1,0,[],0,0,0,0,0,[],10054,0,0,[]
2,2,"[[6250,10055],[8292,10055]]",0,0,[],2,0,[],0,0,0,0,0,[],10055,0,0,[]
2,2,"[[2518,10056],[6717,10056]]",0,0,[],2,0,[],0,0,0,0,0,[],10056,0,0,[]
1,1,"[[10058,13302]]",0,0,[],1,0,[],0,0,0,0,0,[],10058,0,0,[]
1,1,"[[10060,10144]]",0,0,[],1,0,[],0,0,0,0,0,[],10060,0,0,[]
1,1,"[[9619,10063]]",0,0,[],1,0,[],0,0,0,0,0,[],10063,0,0,[]
1,1,"[[10064,10644]]",0,0,[],1,0,[],0,0,0,0,0,[],10064,0,0,[]
1,1,"[[7121,10065]]",0,0,[],1,0,[],0,0,0,0,0,[],10065,0,0,[]
2,2,"[[7338,10066],[10066,10244]]",0,0,[],2,0,[],0,0,0,0,0,[],10066,0,0,[]
2,2,"[[5827,10067],[10067,11056]]",0,0,[],2,0,[],0,0,0,0,0,[],10067,0,0,[]
2,2,"[[4761,10068],[10068,11622]]",0,0,[],2,0,[],0,0,0,0,0,[],10068,0,0,[]
1,1,"[[7825,10069]]",0,0,[],1,0,[],0,0,0,0,0,[],10069,0,0,[]
2,2,"[[4050,10071],[10071,10394]]",0,0,[],2,0,[],0,0,0,0,0,[],10071,0,0,[]
1,1,"[[2827,10072]]",0,0,[],1,0,[],0,0,0,0,0,[],10072,0,0,[]
2,2,"[[7784,10073],[8052,10073]]",0,0,[],2,0,[],0,0,0,0,0,[],10073,0,0,[]
1,1,"[[3959,10075]]",0,0,[],1,0,[],0,0,0,0,0,[],10075,0,0,[]
1,1,"[[10076,11053]]",0,0,[],1,0,[],0,0,0,0,0,[],10076,0,0,[]
2,2,"[[3564,10077],[10077,12344]]",0,0,[],2,0,[],0,0,0,0,0,[],10077,0,0,[]
2,2,"[[6267,10078],[10078,10751]]",0,0,[],2,0,[],0,0,0,0,0,[],10078,0,0,[]
1,1,"[[8314,10079]]",0,0,[],1,0,[],0,0,0,0,0,[],10079,0,0,[]
1,1,"[[4520,10080]]",0,0,[],1,0,[],0,0,0,0,0,[],10080,0,0,[]
2,2,"[[10081,12970],[10081,13462]]",0,0,[],2,0,[],0,0,0,0,0,[],10081,0,0,[]
2,2,"[[8150,10082],[10082,10257]]",0,0,[],2,0,[],0,0,0,0,0,[],10082,0,0,[]
2,2,"[[9168,10083],[10083,12314]]",0,0,[],2,0,[],0,0,0,0,0,[],10083,0,0,[]
2,2,"[[9643,10084],[10084,11205]]",0,0,[],2,0,[],0,0,0,0,0,[],10084,0,0,[]
2,2,"[[10085,10386],[10085,11944]]",0,0,[],2,0,[],0,0,0,0,0,[],10085,0,0,[]
2,2,"[[702,10086],[5717,10086]]",0,0,[],2,0,[],0,0,0,0,0,[],10086,0,0,[]
1,1,"[[5621,10087]]",0,0,[],1,0,[],0,0,0,0,0,[],10087,0,0,[]
2,2,"[[4936,10088],[9125,10088]]",0,0,[],2,0,[],0,0,0,0,0,[],10088,0,0,[]
2,2,"[[4923,10089],[10089,13094]]",0,0,[],2,0,[],0,0,0,0,0,[],10089,0,0,[]
1,1,"[[8773,10090]]",0,0,[],1,0,[],0,0,0,0,0,[],10090,0,0,[]
2,2,"[[5621,10092],[6982,10092]]",0,0,[],2,0,[],0,0,0,0,0,[],10092,0,0,[]
2,2,"[[5026,10093],[6083,10093]]",0,0,[],2,0,[],0,0,0,0,0,[],10093,0,0,[]
2,2,"[[5459,10094],[10094,12379]]",0,0,[],2,0,[],0,0,0,0,0,[],10094,0,0,[]
2,2,"[[622,10095],[10095,12492]]",0,0,[],2,0,[],0,0,0,0,0,[],10095,0,0,[]
2,2,"[[4413,10096],[10096,11173]]",0,0,[],2,0,[],0,0,0,0,0,[],10096,0,0,[]
2,2,"[[7692,10097],[10097,10460]]",0,0,[],2,0,[],0,0,0,0,0,[],10097,0,0,[]
1,1,"[[7926,10098]]",0,0,[],1,0,[],0,0,0,0,0,[],10098,0,0,[]
2,2,"[[2029,10099],[10099,11464]]",0,0,[],2,0,[],0,0,0,0,0,[],10099,0,0,[]
2,2,"[[1711,10101],[10101,11297]]",0,0,[],2,0,[],0,0,0,0,0,[],10101,0,0,[]
2,2,"[[4024,10102],[4957,10102]]",0,0,[],2,0,[],0,0,0,0,0,[],10102,0,0,[]
2,2,"[[8172,10103],[10103,12479]]",0,0,[],2,0,[],0,0,0,0,0,[],10103,0,0,[]
2,2,"[[10104,11084],[10104,11204]]",0,0,[],2,0,[],0,0,0,0,0,[],10104,0,0,[]
2,2,"[[6222,10105],[8464,10105]]",0,0,[],2,0,[],0,0,0,0,0,[],10105,0,0,[]
2,2,"[[7559,10106],[10106,12921]]",0,0,[],2,0,[],0,0,0,0,0,[],10106,0,0,[]
1,1,"[[3067,10108]]",0,0,[],1,0,[],0,0,0,0,0,[],10108,0,0,[]
1,1,"[[3696,10109]]",0,0,[],1,0,[],0,0,0,0,0,[],10109,0,0,[]
2,2,"[[3603,10110],[4593,10110]]",0,0,[],2,0,[],0,0,0,0,0,[],10110,0,0,[]
1,1,"[[9888,10111]]",0,0,[],1,0,[],0,0,0,0,0,[],10111,0,0,[]
2,2,"[[3201,10112],[5577,10112]]",0,0,[],2,0,[],0,0,0,0,0,[],10112,0,0,[]
2,2,"[[3930,10113],[5243,10113]]",0,0,[],2,0,[],0,0,0,0,0,[],10113,0,0,[]
1,1,"[[3664,10114]]",0,0,[],1,0,[],0,0,0,0,0,[],10114,0,0,[]
2,2,"[[3199,10115],[10115,11144]]",0,0,[],2,0,[],0,0,0,0,0,[],10115,0,0,[]
2,2,"[[5388,10116],[7151,10116]]",0,0,[],2,0,[],0,0,0,0,0,[],10116,0,0,[]
2,2,"[[3046,10118],[9887,10118]]",0,0,[],2,0,[],0,0,0,0,0,[],10118,0,0,[]
2,2,"[[5562,10119],[5896,10119]]",0,0,[],2,0,[],0,0,0,0,0,[],10119,0,0,[]
1,1,"[[4686,10121]]",0,0,[],1,0,[],0,0,0,0,0,[],10121,0,0,[]
2,2,"[[6196,10122],[7920,10122]]",0,0,[],2,0,[],0,0,0,0,0,[],10122,0,0,[]
2,2,"[[2129,10123],[8007,10123]]",0,0,[],2,0,[],0,0,0,0,0,[],10123,0,0,[]
1,1,"[[5772,10124]]",0,0,[],1,0,[],0,0,0,0,0,[],10124,0,0,[]
1,1,"[[6918,10125]]",0,0,[],1,0,[],0,0,0,0,0,[],10125,0,0,[]
2,2,"[[3835,10126],[5131,10126]]",0,0,[],2,0,[],0,0,0,0,0,[],10126,0,0,[]
2,2,"[[2737,10128],[10128,12784]]",0,0,[],2,0,[],0,0,0,0,0,[],10128,0,0,[]
1,1,"[[10129,10401]]",0,0,[],1,0,[],0,0,0,0,0,[],10129,0,0,[]
2,2,"[[9456,10130],[10130,10557]]",0,0,[],2,0,[],0,0,0,0,0,[],10130,0,0,[]
1,1,"[[10131,11962]]",0,0,[],1,0,[],0,0,0,0,0,[],10131,0,0,[]
1,1,"[[10132,10749]]",0,0,[],1,0,[],0,0,0,0,0,[],10132,0,0,[]
1,1,"[[10133,11600]]",0,0,[],1,0,[],0,0,0,0,0,[],10133,0,0,[]
2,2,"[[4214,10134],[10134,11787]]",0,0,[],2,0,[],0,0,0,0,0,[],10134,0,0,[]
2,2,"[[5477,10135],[6605,10135]]",0,0,[],2,0,[],0,0,0,0,0,[],10135,0,0,[]
1,1,"[[10137,11491]]",0,0,[],1,0,[],0,0,0,0,0,[],10137,0,0,[]
2,2,"[[7231,10138],[9851,10138]]",0,0,[],2,0,[],0,0,0,0,0,[],10138,0,0,[]
1,1,"[[10139,11797]]",0,0,[],1,0,[],0,0,0,0,0,[],10139,0,0,[]
1,1,"[[10140,10520]]",0,0,[],1,0,[],0,0,0,0,0,[],10140,0,0,[]
2,2,"[[5999,10141],[10141,11936]]",0,0,[],2,0,[],0,0,0,0,0,[],10141,0,0,[]
1,1,"[[6473,10142]]",0,0,[],1,0,[],0,0,0,0,0,[],10142,0,0,[]
1,1,"[[10143,10204]]",0,0,[],1,0,[],0,0,0,0,0,[],10143,0,0,[]
1,1,"[[10144,12779]]",0,0,[],1,0,[],0,0,0,0,0,[],10144,0,0,[]
1,1,"[[9901,10145]]",0,0,[],1,0,[],0,0,0,0,0,[],10145,0,0,[]
2,2,"[[6173,10146],[9787,10146]]",0,0,[],2,0,[],0,0,0,0,0,[],10146,0,0,[]
1,1,"[[10147,11943]]",0,0,[],1,0,[],0,0,0,0,0,[],10147,0,0,[]
1,1,"[[9655,10148]]",0,0,[],1,0,[],0,0,0,0,0,[],10148,0,0,[]
2,2,"[[5850,10149],[9851,10149]]",0,0,[],2,0,[],0,0,0,0,0,[],10149,0,0,[]
2,2,"[[2853,10150],[10150,12259]]",0,0,[],2,0,[],0,0,0,0,0,[],10150,0,0,[]
1,1,"[[10151,11382]]",0,0,[],1,0,[],0,0,0,0,0,[],10151,0,0,[]
2,2,"[[9698,10153],[10098,10153]]",0,0,[],2,0,[],0,0,0,0,0,[],10153,0,0,[]
2,2,"[[3526,10154],[3973,10154]]",0,0,[],2,0,[],0,0,0,0,0,[],10154,0,0,[]
1,1,"[[10155,12492]]",0,0,[],1,0,[],0,0,0,0,0,[],10155,0,0,[]
2,2,"[[9258,10156],[10156,12914]]",0,0,[],2,0,[],0,0,0,0,0,[],10156,0,0,[]
1,1,"[[4788,10157]]",0,0,[],1,0,[],0,0,0,0,0,[],10157,0,0,[]
2,2,"[[5307,10158],[7027,10158]]",0,0,[],2,0,[],0,0,0,0,0,[],10158,0,0,[]
2,2,"[[9078,10159],[10159,13332]]",0,0,[],2,0,[],0,0,0,0,0,[],10159,0,0,[]
2,2,"[[8941,10160],[8990,10160]]",0,0,[],2,0,[],0,0,0,0,0,[],10160,0,0,[]
2,2,"[[8815,10161],[10161,10632]]",0,0,[],2,0,[],0,0,0,0,0,[],10161,0,0,[]
1,1,"[[4861,10162]]",0,0,[],1,0,[],0,0,0,0,0,[],10162,0,0,[]
1,1,"[[5454,10163]]",0,0,[],1,0,[],0,0,0,0,0,[],10163,0,0,[]
2,2,"[[6189,10164],[9990,10164]]",0,0,[],2,0,[],0,0,0,0,0,[],10164,0,0,[]
1,1,"[[10165,11542]]",0,0,[],1,0,[],0,0,0,0,0,[],10165,0,0,[]
1,1,"[[6265,10166]]",0,0,[],1,0,[],0,0,0,0,0,[],10166,0,0,[]
1,1,"[[8873,10167]]",0,0,[],1,0,[],0,0,0,0,0,[],10167,0,0,[]
2,2,"[[2641,10168],[8930,10168]]",0,0,[],2,0,[],0,0,0,0,0,[],10168,0,0,[]
2,2,"[[9085,10169],[10169,11416]]",0,0,[],2,0,[],0,0,0,0,0,[],10169,0,0,[]
1,1,"[[7527,10170]]",0,0,[],1,0,[],0,0,0,0,0,[],10170,0,0,[]
2,2,"[[10171,10322],[10171,13510]]",0,0,[],2,0,[],0,0,0,0,0,[],10171,0,0,[]
1,1,"[[5362,10172]]",0,0,[],1,0,[],0,0,0,0,0,[],10172,0,0,[]
2,2,"[[5893,10173],[10173,10570]]",0,0,[],2,0,[],0,0,0,0,0,[],10173,0,0,[]
1,1,"[[5580,10174]]",0,0,[],1,0,[],0,0,0,0,0,[],10174,0,0,[]
2,2,"[[9564,10176],[10176,12892]]",0,0,[],2,0,[],0,0,0,0,0,[],10176,0,0,[]
2,2,"[[2839,10177],[5021,10177]]",0,0,[],2,0,[],0,0,0,0,0,[],10177,0,0,[]
2,2,"[[6920,10178],[10178,12721]]",0,0,[],2,0,[],0,0,0,0,0,[],10178,0,0,[]
2,2,"[[4226,10179],[5681,10179]]",0,0,[],2,0,[],0,0,0,0,0,[],10179,0,0,[]
2,2,"[[10180,12930],[10180,13153]]",0,0,[],2,0,[],0,0,0,0,0,[],10180,0,0,[]
1,1,"[[8613,10181]]",0,0,[],1,0,[],0,0,0,0,0,[],10181,0,0,[]
1,1,"[[10129,10182]]",0,0,[],1,0,[],0,0,0,0,0,[],10182,0,0,[]
2,2,"[[5149,10183],[5844,10183]]",0,0,[],2,0,[],0,0,0,0,0,[],10183,0,0,[]
2,2,"[[7009,10184],[9650,10184]]",0,0,[],2,0,[],0,0,0,0,0,[],10184,0,0,[]
2,2,"[[6460,10185],[6733,10185]]",0,0,[],2,0,[],0,0,0,0,0,[],10185,0,0,[]
1,1,"[[10186,12214]]",0,0,[],1,0,[],0,0,0,0,0,[],10186,0,0,[]
1,1,"[[9891,10187]]",0,0,[],1,0,[],0,0,0,0,0,[],10187,0,0,[]
1,1,"[[3292,10188]]",0,0,[],1,0,[],0,0,0,0,0,[],10188,0,0,[]
2,2,"[[9096,10189],[10189,12027]]",0,0,[],2,0,[],0,0,0,0,0,[],10189,0,0,[]
1,1,"[[7177,10191]]",0,0,[],1,0,[],0,0,0,0,0,[],10191,0,0,[]
1,1,"[[10192,13580]]",0,0,[],1,0,[],0,0,0,0,0,[],10192,0,0,[]
2,2,"[[8003,10193],[10193,12615]]",0,0,[],2,0,[],0,0,0,0,0,[],10193,0,0,[]
2,2,"[[5654,10196],[8127,10196]]",0,0,[],2,0,[],0,0,0,0,0,[],10196,0,0,[]
2,2,"[[3755,10197],[9691,10197]]",0,0,[],2,0,[],0,0,0,0,0,[],10197,0,0,[]
1,1,"[[9432,10198]]",0,0,[],1,0,[],0,0,0,0,0,[],10198,0,0,[]
2,2,"[[1177,10199],[2656,10199]]",0,0,[],2,0,[],0,0,0,0,0,[],10199,0,0,[]
1,1,"[[10200,10455]]",0,0,[],1,0,[],0,0,0,0,0,[],10200,0,0,[]
1,1,"[[2245,10201]]",0,0,[],1,0,[],0,0,0,0,0,[],10201,0,0,[]
1,1,"[[10202,11376]]",0,0,[],1,0,[],0,0,0,0,0,[],10202,0,0,[]
1,1,"[[5739,10203]]",0,0,[],1,0,[],0,0,0,0,0,[],10203,0,0,[]
1,1,"[[9361,10204]]",0,0,[],1,0,[],0,0,0,0,0,[],10204,0,0,[]
2,2,"[[8377,10205],[10205,10562]]",0,0,[],2,0,[],0,0,0,0,0,[],10205,0,0,[]
1,1,"[[9044,10206]]",0,0,[],1,0,[],0,0,0,0,0,[],10206,0,0,[]
2,2,"[[10207,10643],[10207,12545]]",0,0,[],2,0,[],0,0,0,0,0,[],10207,0,0,[]
1,1,"[[6558,10208]]",0,0,[],1,0,[],0,0,0,0,0,[],10208,0,0,[]
2,2,"[[7616,10209],[9375,10209]]",0,0,[],2,0,[],0,0,0,0,0,[],10209,0,0,[]
1,1,"[[10210,10796]]",0,0,[],1,0,[],0,0,0,0,0,[],10210,0,0,[]
2,2,"[[8152,10211],[9518,10211]]",0,0,[],2,0,[],0,0,0,0,0,[],10211,0,0,[]
2,2,"[[9850,10212],[10212,11115]]",0,0,[],2,0,[],0,0,0,0,0,[],10212,0,0,[]
2,2,"[[10213,13372],[10213,13599]]",0,0,[],2,0,[],0,0,0,0,0,[],10213,0,0,[]
2,2,"[[2333,10214],[4735,10214]]",0,0,[],2,0,[],0,0,0,0,0,[],10214,0,0,[]
1,1,"[[6214,10215]]",0,0,[],1,0,[],0,0,0,0,0,[],10215,0,0,[]
2,2,"[[8856,10216],[10216,11697]]",0,0,[],2,0,[],0,0,0,0,0,[],10216,0,0,[]
2,2,"[[8705,10217],[10217,12012]]",0,0,[],2,0,[],0,0,0,0,0,[],10217,0,0,[]
2,2,"[[6911,10218],[10218,12086]]",0,0,[],2,0,[],0,0,0,0,0,[],10218,0,0,[]
2,2,"[[1113,10219],[5552,10219]]",0,0,[],2,0,[],0,0,0,0,0,[],10219,0,0,[]
1,1,"[[9194,10220]]",0,0,[],1,0,[],0,0,0,0,0,[],10220,0,0,[]
1,1,"[[6684,10221]]",0,0,[],1,0,[],0,0,0,0,0,[],10221,0,0,[]
2,2,"[[3654,10222],[6845,10222]]",0,0,[],2,0,[],0,0,0,0,0,[],10222,0,0,[]
1,1,"[[3944,10223]]",0,0,[],1,0,[],0,0,0,0,0,[],10223,0,0,[]
2,2,"[[5217,10224],[6417,10224]]",0,0,[],2,0,[],0,0,0,0,0,[],10224,0,0,[]
1,1,"[[10225,11249]]",0,0,[],1,0,[],0,0,0,0,0,[],10225,0,0,[]
1,1,"[[5304,10226]]",0,0,[],1,0,[],0,0,0,0,0,[],10226,0,0,[]
2,2,"[[9152,10227],[10059,10227]]",0,0,[],2,0,[],0,0,0,0,0,[],10227,0,0,[]
2,2,"[[10228,12073],[10228,13504]]",0,0,[],2,0,[],0,0,0,0,0,[],10228,0,0,[]
1,1,"[[9917,10229]]",0,0,[],1,0,[],0,0,0,0,0,[],10229,0,0,[]
1,1,"[[7555,10230]]",0,0,[],1,0,[],0,0,0,0,0,[],10230,0,0,[]
1,1,"[[4283,10231]]",0,0,[],1,0,[],0,0,0,0,0,[],10231,0,0,[]
1,1,"[[6103,10232]]",0,0,[],1,0,[],0,0,0,0,0,[],10232,0,0,[]
2,2,"[[9385,10233],[10233,11091]]",0,0,[],2,0,[],0,0,0,0,0,[],10233,0,0,[]
1,1,"[[654,10235]]",0,0,[],1,0,[],0,0,0,0,0,[],10235,0,0,[]
2,2,"[[4803,10236],[10049,10236]]",0,0,[],2,0,[],0,0,0,0,0,[],10236,0,0,[]
1,1,"[[6806,10238]]",0,0,[],1,0,[],0,0,0,0,0,[],10238,0,0,[]
1,1,"[[9370,10239]]",0,0,[],1,0,[],0,0,0,0,0,[],10239,0,0,[]
1,1,"[[8905,10242]]",0,0,[],1,0,[],0,0,0,0,0,[],10242,0,0,[]
2,2,"[[10243,11657],[10243,11839]]",0,0,[],2,0,[],0,0,0,0,0,[],10243,0,0,[]
1,1,"[[4413,10244]]",0,0,[],1,0,[],0,0,0,0,0,[],10244,0,0,[]
2,2,"[[9010,10245],[10245,10301]]",0,0,[],2,0,[],0,0,0,0,0,[],10245,0,0,[]
2,2,"[[2126,10246],[9024,10246]]",0,0,[],2,0,[],0,0,0,0,0,[],10246,0,0,[]
1,1,"[[8893,10247]]",0,0,[],1,0,[],0,0,0,0,0,[],10247,0,0,[]
1,1,"[[10248,13208]]",0,0,[],1,0,[],0,0,0,0,0,[],10248,0,0,[]
2,2,"[[6708,10249],[9780,10249]]",0,0,[],2,0,[],0,0,0,0,0,[],10249,0,0,[]
2,2,"[[5080,10250],[8876,10250]]",0,0,[],2,0,[],0,0,0,0,0,[],10250,0,0,[]
2,2,"[[6164,10251],[8414,10251]]",0,0,[],2,0,[],0,0,0,0,0,[],10251,0,0,[]
1,1,"[[4161,10252]]",0,0,[],1,0,[],0,0,0,0,0,[],10252,0,0,[]
2,2,"[[10253,10603],[10253,10813]]",0,0,[],2,0,[],0,0,0,0,0,[],10253,0,0,[]
2,2,"[[10254,11219],[10254,12469]]",0,0,[],2,0,[],0,0,0,0,0,[],10254,0,0,[]
1,1,"[[10255,12496]]",0,0,[],1,0,[],0,0,0,0,0,[],10255,0,0,[]
2,2,"[[5614,10256],[6809,10256]]",0,0,[],2,0,[],0,0,0,0,0,[],10256,0,0,[]
1,1,"[[10087,10257]]",0,0,[],1,0,[],0,0,0,0,0,[],10257,0,0,[]
2,2,"[[6884,10258],[8810,10258]]",0,0,[],2,0,[],0,0,0,0,0,[],10258,0,0,[]
1,1,"[[10259,11381]]",0,0,[],1,0,[],0,0,0,0,0,[],10259,0,0,[]
2,2,"[[10260,10571],[10260,10960]]",0,0,[],2,0,[],0,0,0,0,0,[],10260,0,0,[]
1,1,"[[6658,10262]]",0,0,[],1,0,[],0,0,0,0,0,[],10262,0,0,[]
2,2,"[[879,10263],[5985,10263]]",0,0,[],2,0,[],0,0,0,0,0,[],10263,0,0,[]
2,2,"[[7605,10264],[10075,10264]]",0,0,[],2,0,[],0,0,0,0,0,[],10264,0,0,[]
2,2,"[[3865,10265],[7689,10265]]",0,0,[],2,0,[],0,0,0,0,0,[],10265,0,0,[]
2,2,"[[1015,10266],[7563,10266]]",0,0,[],2,0,[],0,0,0,0,0,[],10266,0,0,[]
2,2,"[[937,10267],[10267,12691]]",0,0,[],2,0,[],0,0,0,0,0,[],10267,0,0,[]
2,2,"[[10268,10556],[10268,12379]]",0,0,[],2,0,[],0,0,0,0,0,[],10268,0,0,[]
1,1,"[[10269,11805]]",0,0,[],1,0,[],0,0,0,0,0,[],10269,0,0,[]
2,2,"[[2785,10270],[3871,10270]]",0,0,[],2,0,[],0,0,0,0,0,[],10270,0,0,[]
2,2,"[[5084,10271],[10271,11879]]",0,0,[],2,0,[],0,0,0,0,0,[],10271,0,0,[]
1,1,"[[6235,10272]]",0,0,[],1,0,[],0,0,0,0,0,[],10272,0,0,[]
2,2,"[[7397,10273],[10273,10375]]",0,0,[],2,0,[],0,0,0,0,0,[],10273,0,0,[]
2,2,"[[7222,10274],[10274,11253]]",0,0,[],2,0,[],0,0,0,0,0,[],10274,0,0,[]
1,1,"[[9625,10275]]",0,0,[],1,0,[],0,0,0,0,0,[],10275,0,0,[]
2,2,"[[2261,10276],[10276,10689]]",0,0,[],2,0,[],0,0,0,0,0,[],10276,0,0,[]
1,1,"[[9964,10278]]",0,0,[],1,0,[],0,0,0,0,0,[],10278,0,0,[]
2,2,"[[7416,10279],[10279,11929]]",0,0,[],2,0,[],0,0,0,0,0,[],10279,0,0,[]
2,2,"[[3480,10280],[8959,10280]]",0,0,[],2,0,[],0,0,0,0,0,[],10280,0,0,[]
1,1,"[[10281,11457]]",0,0,[],1,0,[],0,0,0,0,0,[],10281,0,0,[]
2,2,"[[1569,10282],[7115,10282]]",0,0,[],2,0,[],0,0,0,0,0,[],10282,0,0,[]
2,2,"[[7196,10283],[10283,10413]]",0,0,[],2,0,[],0,0,0,0,0,[],10283,0,0,[]
2,2,"[[5594,10284],[8227,10284]]",0,0,[],2,0,[],0,0,0,0,0,[],10284,0,0,[]
2,2,"[[4930,10285],[10133,10285]]",0,0,[],2,0,[],0,0,0,0,0,[],10285,0,0,[]
2,2,"[[8060,10286],[10286,10867]]",0,0,[],2,0,[],0,0,0,0,0,[],10286,0,0,[]
2,2,"[[10287,10454],[10287,12032]]",0,0,[],2,0,[],0,0,0,0,0,[],10287,0,0,[]
1,1,"[[9914,10288]]",0,0,[],1,0,[],0,0,0,0,0,[],10288,0,0,[]
2,2,"[[6623,10289],[10289,10455]]",0,0,[],2,0,[],0,0,0,0,0,[],10289,0,0,[]
2,2,"[[5080,10290],[5296,10290]]",0,0,[],2,0,[],0,0,0,0,0,[],10290,0,0,[]
2,2,"[[10291,11868],[10291,11909]]",0,0,[],2,0,[],0,0,0,0,0,[],10291,0,0,[]
1,1,"[[10292,11537]]",0,0,[],1,0,[],0,0,0,0,0,[],10292,0,0,[]
2,2,"[[2570,10293],[6047,10293]]",0,0,[],2,0,[],0,0,0,0,0,[],10293,0,0,[]
2,2,"[[3480,10294],[9332,10294]]",0,0,[],2,0,[],0,0,0,0,0,[],10294,0,0,[]
2,2,"[[8859,10295],[10295,13186]]",0,0,[],2,0,[],0,0,0,0,0,[],10295,0,0,[]
1,1,"[[6458,10296]]",0,0,[],1,0,[],0,0,0,0,0,[],10296,0,0,[]
2,2,"[[10008,10297],[10297,11839]]",0,0,[],2,0,[],0,0,0,0,0,[],10297,0,0,[]
2,2,"[[8115,10299],[9957,10299]]",0,0,[],2,0,[],0,0,0,0,0,[],10299,0,0,[]
1,1,"[[2324,10301]]",0,0,[],1,0,[],0,0,0,0,0,[],10301,0,0,[]
2,2,"[[10302,11311],[10302,11575]]",0,0,[],2,0,[],0,0,0,0,0,[],10302,0,0,[]
1,1,"[[5129,10303]]",0,0,[],1,0,[],0,0,0,0,0,[],10303,0,0,[]
2,2,"[[5704,10306],[10306,13161]]",0,0,[],2,0,[],0,0,0,0,0,[],10306,0,0,[]
2,2,"[[2930,10307],[5368,10307]]",0,0,[],2,0,[],0,0,0,0,0,[],10307,0,0,[]
2,2,"[[9367,10308],[10308,11347]]",0,0,[],2,0,[],0,0,0,0,0,[],10308,0,0,[]
2,2,"[[10309,12306],[10309,13004]]",0,0,[],2,0,[],0,0,0,0,0,[],10309,0,0,[]
1,1,"[[6530,10310]]",0,0,[],1,0,[],0,0,0,0,0,[],10310,0,0,[]
1,1,"[[5850,10312]]",0,0,[],1,0,[],0,0,0,0,0,[],10312,0,0,[]
2,2,"[[8214,10313],[9180,10313]]",0,0,[],2,0,[],0,0,0,0,0,[],10313,0,0,[]
1,1,"[[6710,10314]]",0,0,[],1,0,[],0,0,0,0,0,[],10314,0,0,[]
1,1,"[[10315,11375]]",0,0,[],1,0,[],0,0,0,0,0,[],10315,0,0,[]
1,1,"[[8953,10316]]",0,0,[],1,0,[],0,0,0,0,0,[],10316,0,0,[]
1,1,"[[3806,10317]]",0,0,[],1,0,[],0,0,0,0,0,[],10317,0,0,[]
2,2,"[[2545,10318],[9362,10318]]",0,0,[],2,0,[],0,0,0,0,0,[],10318,0,0,[]
2,2,"[[2759,10319],[9738,10319]]",0,0,[],2,0,[],0,0,0,0,0,[],10319,0,0,[]
2,2,"[[4486,10320],[7410,10320]]",0,0,[],2,0,[],0,0,0,0,0,[],10320,0,0,[]
1,1,"[[10318,10321]]",0,0,[],1,0,[],0,0,0,0,0,[],10321,0,0,[]
2,2,"[[7362,10323],[9897,10323]]",0,0,[],2,0,[],0,0,0,0,0,[],10323,0,0,[]
2,2,"[[3148,10324],[5207,10324]]",0,0,[],2,0,[],0,0,0,0,0,[],10324,0,0,[]
2,2,"[[10326,10504],[10326,11576]]",0,0,[],2,0,[],0,0,0,0,0,[],10326,0,0,[]
1,1,"[[9792,10328]]",0,0,[],1,0,[],0,0,0,0,0,[],10328,0,0,[]
2,2,"[[4091,10329],[10329,11392]]",0,0,[],2,0,[],0,0,0,0,0,[],10329,0,0,[]
2,2,"[[10330,10739],[10330,10751]]",0,0,[],2,0,[],0,0,0,0,0,[],10330,0,0,[]
2,2,"[[3300,10331],[6851,10331]]",0,0,[],2,0,[],0,0,0,0,0,[],10331,0,0,[]
2,2,"[[6665,10332],[9954,10332]]",0,0,[],2,0,[],0,0,0,0,0,[],10332,0,0,[]
2,2,"[[10333,11029],[10333,11405]]",0,0,[],2,0,[],0,0,0,0,0,[],10333,0,0,[]
1,1,"[[7541,10334]]",0,0,[],1,0,[],0,0,0,0,0,[],10334,0,0,[]
2,2,"[[10316,10335],[10335,10698]]",0,0,[],2,0,[],0,0,0,0,0,[],10335,0,0,[]
2,2,"[[8376,10336],[10336,11609]]",0,0,[],2,0,[],0,0,0,0,0,[],10336,0,0,[]
1,1,"[[3836,10337]]",0,0,[],1,0,[],0,0,0,0,0,[],10337,0,0,[]
2,2,"[[6645,10338],[7018,10338]]",0,0,[],2,0,[],0,0,0,0,0,[],10338,0,0,[]
1,1,"[[10006,10340]]",0,0,[],1,0,[],0,0,0,0,0,[],10340,0,0,[]
2,2,"[[3804,10341],[10341,13470]]",0,0,[],2,0,[],0,0,0,0,0,[],10341,0,0,[]
1,1,"[[9511,10342]]",0,0,[],1,0,[],0,0,0,0,0,[],10342,0,0,[]
1,1,"[[7727,10343]]",0,0,[],1,0,[],0,0,0,0,0,[],10343,0,0,[]
2,2,"[[2745,10345],[7049,10345]]",0,0,[],2,0,[],0,0,0,0,0,[],10345,0,0,[]
2,2,"[[5482,10346],[8557,10346]]",0,0,[],2,0,[],0,0,0,0,0,[],10346,0,0,[]
2,2,"[[9764,10347],[10347,10700]]",0,0,[],2,0,[],0,0,0,0,0,[],10347,0,0,[]
2,2,"[[1011,10348],[10348,11931]]",0,0,[],2,0,[],0,0,0,0,0,[],10348,0,0,[]
1,1,"[[6096,10349]]",0,0,[],1,0,[],0,0,0,0,0,[],10349,0,0,[]
2,2,"[[8791,10350],[10350,12483]]",0,0,[],2,0,[],0,0,0,0,0,[],10350,0,0,[]
1,1,"[[10351,11874]]",0,0,[],1,0,[],0,0,0,0,0,[],10351,0,0,[]
2,2,"[[6408,10352],[9129,10352]]",0,0,[],2,0,[],0,0,0,0,0,[],10352,0,0,[]
2,2,"[[10353,12057],[10353,12290]]",0,0,[],2,0,[],0,0,0,0,0,[],10353,0,0,[]
1,1,"[[10355,13250]]",0,0,[],1,0,[],0,0,0,0,0,[],10355,0,0,[]
1,1,"[[10356,11491]]",0,0,[],1,0,[],0,0,0,0,0,[],10356,0,0,[]
1,1,"[[10357,13326]]",0,0,[],1,0,[],0,0,0,0,0,[],10357,0,0,[]
2,2,"[[6946,10358],[10358,12442]]",0,0,[],2,0,[],0,0,0,0,0,[],10358,0,0,[]
2,2,"[[9677,10359],[10359,12716]]",0,0,[],2,0,[],0,0,0,0,0,[],10359,0,0,[]
2,2,"[[6541,10360],[7050,10360]]",0,0,[],2,0,[],0,0,0,0,0,[],10360,0,0,[]
2,2,"[[5336,10361],[10361,11695]]",0,0,[],2,0,[],0,0,0,0,0,[],10361,0,0,[]
2,2,"[[3481,10362],[8972,10362]]",0,0,[],2,0,[],0,0,0,0,0,[],10362,0,0,[]
2,2,"[[4665,10363],[8728,10363]]",0,0,[],2,0,[],0,0,0,0,0,[],10363,0,0,[]
2,2,"[[10364,11855],[10364,12643]]",0,0,[],2,0,[],0,0,0,0,0,[],10364,0,0,[]
2,2,"[[856,10365],[9730,10365]]",0,0,[],2,0,[],0,0,0,0,0,[],10365,0,0,[]
2,2,"[[10366,11098],[10366,12188]]",0,0,[],2,0,[],0,0,0,0,0,[],10366,0,0,[]
1,1,"[[8668,10367]]",0,0,[],1,0,[],0,0,0,0,0,[],10367,0,0,[]
1,1,"[[8869,10368]]",0,0,[],1,0,[],0,0,0,0,0,[],10368,0,0,[]
1,1,"[[8576,10369]]",0,0,[],1,0,[],0,0,0,0,0,[],10369,0,0,[]
1,1,"[[7915,10370]]",0,0,[],1,0,[],0,0,0,0,0,[],10370,0,0,[]
2,2,"[[5746,10371],[6468,10371]]",0,0,[],2,0,[],0,0,0,0,0,[],10371,0,0,[]
1,1,"[[10372,11578]]",0,0,[],1,0,[],0,0,0,0,0,[],10372,0,0,[]
2,2,"[[9718,10373],[10373,10731]]",0,0,[],2,0,[],0,0,0,0,0,[],10373,0,0,[]
1,1,"[[10374,11007]]",0,0,[],1,0,[],0,0,0,0,0,[],10374,0,0,[]
1,1,"[[253,10375]]",0,0,[],1,0,[],0,0,0,0,0,[],10375,0,0,[]
2,2,"[[3626,10376],[8499,10376]]",0,0,[],2,0,[],0,0,0,0,0,[],10376,0,0,[]
2,2,"[[3805,10377],[4894,10377]]",0,0,[],2,0,[],0,0,0,0,0,[],10377,0,0,[]
2,2,"[[6090,10378],[10378,11632]]",0,0,[],2,0,[],0,0,0,0,0,[],10378,0,0,[]
2,2,"[[10379,12686],[10379,13004]]",0,0,[],2,0,[],0,0,0,0,0,[],10379,0,0,[]
1,1,"[[9134,10380]]",0,0,[],1,0,[],0,0,0,0,0,[],10380,0,0,[]
2,2,"[[10381,10661],[10381,12950]]",0,0,[],2,0,[],0,0,0,0,0,[],10381,0,0,[]
2,2,"[[10094,10382],[10382,11993]]",0,0,[],2,0,[],0,0,0,0,0,[],10382,0,0,[]
2,2,"[[6377,10383],[9312,10383]]",0,0,[],2,0,[],0,0,0,0,0,[],10383,0,0,[]
1,1,"[[7501,10384]]",0,0,[],1,0,[],0,0,0,0,0,[],10384,0,0,[]
2,2,"[[9515,10385],[10243,10385]]",0,0,[],2,0,[],0,0,0,0,0,[],10385,0,0,[]
1,1,"[[9293,10386]]",0,0,[],1,0,[],0,0,0,0,0,[],10386,0,0,[]
2,2,"[[10210,10387],[10387,13435]]",0,0,[],2,0,[],0,0,0,0,0,[],10387,0,0,[]
1,1,"[[970,10388]]",0,0,[],1,0,[],0,0,0,0,0,[],10388,0,0,[]
2,2,"[[3906,10389],[6449,10389]]",0,0,[],2,0,[],0,0,0,0,0,[],10389,0,0,[]
1,1,"[[3183,10390]]",0,0,[],1,0,[],0,0,0,0,0,[],10390,0,0,[]
1,1,"[[6070,10391]]",0,0,[],1,0,[],0,0,0,0,0,[],10391,0,0,[]
1,1,"[[6971,10392]]",0,0,[],1,0,[],0,0,0,0,0,[],10392,0,0,[]
1,1,"[[7036,10393]]",0,0,[],1,0,[],0,0,0,0,0,[],10393,0,0,[]
2,2,"[[7839,10395],[10395,11514]]",0,0,[],2,0,[],0,0,0,0,0,[],10395,0,0,[]
2,2,"[[6094,10396],[9622,10396]]",0,0,[],2,0,[],0,0,0,0,0,[],10396,0,0,[]
1,1,"[[10397,11288]]",0,0,[],1,0,[],0,0,0,0,0,[],10397,0,0,[]
2,2,"[[2010,10398],[8431,10398]]",0,0,[],2,0,[],0,0,0,0,0,[],10398,0,0,[]
2,2,"[[10244,10399],[10399,10689]]",0,0,[],2,0,[],0,0,0,0,0,[],10399,0,0,[]
1,1,"[[1933,10400]]",0,0,[],1,0,[],0,0,0,0,0,[],10400,0,0,[]
1,1,"[[9540,10401]]",0,0,[],1,0,[],0,0,0,0,0,[],10401,0,0,[]
1,1,"[[5186,10403]]",0,0,[],1,0,[],0,0,0,0,0,[],10403,0,0,[]
1,1,"[[6208,10404]]",0,0,[],1,0,[],0,0,0,0,0,[],10404,0,0,[]
2,2,"[[2737,10405],[10405,13027]]",0,0,[],2,0,[],0,0,0,0,0,[],10405,0,0,[]
2,2,"[[9242,10406],[10406,11650]]",0,0,[],2,0,[],0,0,0,0,0,[],10406,0,0,[]
1,1,"[[8178,10407]]",0,0,[],1,0,[],0,0,0,0,0,[],10407,0,0,[]
1,1,"[[7226,10408]]",0,0,[],1,0,[],0,0,0,0,0,[],10408,0,0,[]
2,2,"[[3536,10409],[6931,10409]]",0,0,[],2,0,[],0,0,0,0,0,[],10409,0,0,[]
1,1,"[[10410,10417]]",0,0,[],1,0,[],0,0,0,0,0,[],10410,0,0,[]
2,2,"[[2111,10411],[10411,13665]]",0,0,[],2,0,[],0,0,0,0,0,[],10411,0,0,[]
2,2,"[[10412,12392],[10412,13225]]",0,0,[],2,0,[],0,0,0,0,0,[],10412,0,0,[]
2,2,"[[549,10413],[10413,12900]]",0,0,[],2,0,[],0,0,0,0,0,[],10413,0,0,[]
1,1,"[[8376,10415]]",0,0,[],1,0,[],0,0,0,0,0,[],10415,0,0,[]
1,1,"[[10309,10416]]",0,0,[],1,0,[],0,0,0,0,0,[],10416,0,0,[]
2,2,"[[3204,10417],[6595,10417]]",0,0,[],2,0,[],0,0,0,0,0,[],10417,0,0,[]
1,1,"[[9508,10419]]",0,0,[],1,0,[],0,0,0,0,0,[],10419,0,0,[]
1,1,"[[3167,10420]]",0,0,[],1,0,[],0,0,0,0,0,[],10420,0,0,[]
2,2,"[[8236,10421],[9868,10421]]",0,0,[],2,0,[],0,0,0,0,0,[],10421,0,0,[]
1,1,"[[7807,10422]]",0,0,[],1,0,[],0,0,0,0,0,[],10422,0,0,[]
1,1,"[[10423,11692]]",0,0,[],1,0,[],0,0,0,0,0,[],10423,0,0,[]
2,2,"[[2634,10424],[10424,12671]]",0,0,[],2,0,[],0,0,0,0,0,[],10424,0,0,[]
1,1,"[[4567,10425]]",0,0,[],1,0,[],0,0,0,0,0,[],10425,0,0,[]
2,2,"[[1425,10426],[7667,10426]]",0,0,[],2,0,[],0,0,0,0,0,[],10426,0,0,[]
1,1,"[[941,10427]]",0,0,[],1,0,[],0,0,0,0,0,[],10427,0,0,[]
1,1,"[[5498,10428]]",0,0,[],1,0,[],0,0,0,0,0,[],10428,0,0,[]
2,2,"[[3100,10429],[6264,10429]]",0,0,[],2,0,[],0,0,0,0,0,[],10429,0,0,[]
1,1,"[[9275,10430]]",0,0,[],1,0,[],0,0,0,0,0,[],10430,0,0,[]
2,2,"[[273,10431],[4642,10431]]",0,0,[],2,0,[],0,0,0,0,0,[],10431,0,0,[]
2,2,"[[5049,10432],[5092,10432]]",0,0,[],2,0,[],0,0,0,0,0,[],10432,0,0,[]
1,1,"[[6884,10433]]",0,0,[],1,0,[],0,0,0,0,0,[],10433,0,0,[]
2,2,"[[10435,11515],[10435,11561]]",0,0,[],2,0,[],0,0,0,0,0,[],10435,0,0,[]
2,2,"[[9126,10436],[10436,11885]]",0,0,[],2,0,[],0,0,0,0,0,[],10436,0,0,[]
1,1,"[[5413,10437]]",0,0,[],1,0,[],0,0,0,0,0,[],10437,0,0,[]
2,2,"[[2454,10438],[3629,10438]]",0,0,[],2,0,[],0,0,0,0,0,[],10438,0,0,[]
1,1,"[[5492,10439]]",0,0,[],1,0,[],0,0,0,0,0,[],10439,0,0,[]
2,2,"[[3474,10441],[4140,10441]]",0,0,[],2,0,[],0,0,0,0,0,[],10441,0,0,[]
1,1,"[[10442,12304]]",0,0,[],1,0,[],0,0,0,0,0,[],10442,0,0,[]
2,2,"[[6550,10443],[9657,10443]]",0,0,[],2,0,[],0,0,0,0,0,[],10443,0,0,[]
2,2,"[[3862,10444],[6544,10444]]",0,0,[],2,0,[],0,0,0,0,0,[],10444,0,0,[]
1,1,"[[10445,11768]]",0,0,[],1,0,[],0,0,0,0,0,[],10445,0,0,[]
1,1,"[[4008,10446]]",0,0,[],1,0,[],0,0,0,0,0,[],10446,0,0,[]
2,2,"[[10448,12964],[10448,13159]]",0,0,[],2,0,[],0,0,0,0,0,[],10448,0,0,[]
1,1,"[[8407,10449]]",0,0,[],1,0,[],0,0,0,0,0,[],10449,0,0,[]
1,1,"[[10451,11172]]",0,0,[],1,0,[],0,0,0,0,0,[],10451,0,0,[]
1,1,"[[8423,10452]]",0,0,[],1,0,[],0,0,0,0,0,[],10452,0,0,[]
1,1,"[[9262,10453]]",0,0,[],1,0,[],0,0,0,0,0,[],10453,0,0,[]
2,2,"[[2594,10454],[10454,11217]]",0,0,[],2,0,[],0,0,0,0,0,[],10454,0,0,[]
1,1,"[[10455,11353]]",0,0,[],1,0,[],0,0,0,0,0,[],10455,0,0,[]
1,1,"[[5974,10456]]",0,0,[],1,0,[],0,0,0,0,0,[],10456,0,0,[]
2,2,"[[10457,10775],[10457,11690]]",0,0,[],2,0,[],0,0,0,0,0,[],10457,0,0,[]
1,1,"[[10458,13190]]",0,0,[],1,0,[],0,0,0,0,0,[],10458,0,0,[]
1,1,"[[8542,10459]]",0,0,[],1,0,[],0,0,0,0,0,[],10459,0,0,[]
2,2,"[[9536,10460],[10460,12195]]",0,0,[],2,0,[],0,0,0,0,0,[],10460,0,0,[]
2,2,"[[8590,10461],[9018,10461]]",0,0,[],2,0,[],0,0,0,0,0,[],10461,0,0,[]
2,2,"[[7487,10462],[10462,10986]]",0,0,[],2,0,[],0,0,0,0,0,[],10462,0,0,[]
1,1,"[[7363,10464]]",0,0,[],1,0,[],0,0,0,0,0,[],10464,0,0,[]
1,1,"[[4797,10465]]",0,0,[],1,0,[],0,0,0,0,0,[],10465,0,0,[]
2,2,"[[5392,10466],[10466,13588]]",0,0,[],2,0,[],0,0,0,0,0,[],10466,0,0,[]
1,1,"[[5956,10467]]",0,0,[],1,0,[],0,0,0,0,0,[],10467,0,0,[]
1,1,"[[9182,10469]]",0,0,[],1,0,[],0,0,0,0,0,[],10469,0,0,[]
1,1,"[[5470,10470]]",0,0,[],1,0,[],0,0,0,0,0,[],10470,0,0,[]
1,1,"[[6061,10471]]",0,0,[],1,0,[],0,0,0,0,0,[],10471,0,0,[]
1,1,"[[7428,10472]]",0,0,[],1,0,[],0,0,0,0,0,[],10472,0,0,[]
1,1,"[[10473,11885]]",0,0,[],1,0,[],0,0,0,0,0,[],10473,0,0,[]
2,2,"[[4869,10474],[5251,10474]]",0,0,[],2,0,[],0,0,0,0,0,[],10474,0,0,[]
1,1,"[[6097,10475]]",0,0,[],1,0,[],0,0,0,0,0,[],10475,0,0,[]
2,2,"[[2904,10476],[10476,12729]]",0,0,[],2,0,[],0,0,0,0,0,[],10476,0,0,[]
2,2,"[[10477,11307],[10477,11468]]",0,0,[],2,0,[],0,0,0,0,0,[],10477,0,0,[]
2,2,"[[10387,10478],[10478,10796]]",0,0,[],2,0,[],0,0,0,0,0,[],10478,0,0,[]
1,1,"[[10301,10479]]",0,0,[],1,0,[],0,0,0,0,0,[],10479,0,0,[]
1,1,"[[2073,10480]]",0,0,[],1,0,[],0,0,0,0,0,[],10480,0,0,[]
2,2,"[[3526,10481],[10154,10481]]",0,0,[],2,0,[],0,0,0,0,0,[],10481,0,0,[]
2,2,"[[2665,10482],[8959,10482]]",0,0,[],2,0,[],0,0,0,0,0,[],10482,0,0,[]
2,2,"[[2449,10483],[6205,10483]]",0,0,[],2,0,[],0,0,0,0,0,[],10483,0,0,[]
1,1,"[[9020,10484]]",0,0,[],1,0,[],0,0,0,0,0,[],10484,0,0,[]
2,2,"[[6659,10485],[8916,10485]]",0,0,[],2,0,[],0,0,0,0,0,[],10485,0,0,[]
2,2,"[[7685,10486],[10486,11328]]",0,0,[],2,0,[],0,0,0,0,0,[],10486,0,0,[]
2,2,"[[8257,10487],[10487,11496]]",0,0,[],2,0,[],0,0,0,0,0,[],10487,0,0,[]
2,2,"[[10429,10488],[10488,12642]]",0,0,[],2,0,[],0,0,0,0,0,[],10488,0,0,[]
2,2,"[[10490,10745],[10490,11386]]",0,0,[],2,0,[],0,0,0,0,0,[],10490,0,0,[]
2,2,"[[8002,10491],[10491,12608]]",0,0,[],2,0,[],0,0,0,0,0,[],10491,0,0,[]
1,1,"[[6600,10493]]",0,0,[],1,0,[],0,0,0,0,0,[],10493,0,0,[]
1,1,"[[10494,12336]]",0,0,[],1,0,[],0,0,0,0,0,[],10494,0,0,[]
2,2,"[[9207,10495],[10495,11941]]",0,0,[],2,0,[],0,0,0,0,0,[],10495,0,0,[]
1,1,"[[8380,10496]]",0,0,[],1,0,[],0,0,0,0,0,[],10496,0,0,[]
2,2,"[[10497,11427],[10497,11996]]",0,0,[],2,0,[],0,0,0,0,0,[],10497,0,0,[]
1,1,"[[9933,10498]]",0,0,[],1,0,[],0,0,0,0,0,[],10498,0,0,[]
2,2,"[[869,10499],[6489,10499]]",0,0,[],2,0,[],0,0,0,0,0,[],10499,0,0,[]
2,2,"[[10500,10532],[10500,12145]]",0,0,[],2,0,[],0,0,0,0,0,[],10500,0,0,[]
1,1,"[[9597,10501]]",0,0,[],1,0,[],0,0,0,0,0,[],10501,0,0,[]
1,1,"[[5467,10502]]",0,0,[],1,0,[],0,0,0,0,0,[],10502,0,0,[]
1,1,"[[5946,10503]]",0,0,[],1,0,[],0,0,0,0,0,[],10503,0,0,[]
2,2,"[[5212,10504],[5621,10504]]",0,0,[],2,0,[],0,0,0,0,0,[],10504,0,0,[]
1,1,"[[4142,10505]]",0,0,[],1,0,[],0,0,0,0,0,[],10505,0,0,[]
2,2,"[[1422,10506],[9637,10506]]",0,0,[],2,0,[],0,0,0,0,0,[],10506,0,0,[]
2,2,"[[7211,10507],[10054,10507]]",0,0,[],2,0,[],0,0,0,0,0,[],10507,0,0,[]
2,2,"[[10260,10508],[10508,11054]]",0,0,[],2,0,[],0,0,0,0,0,[],10508,0,0,[]
1,1,"[[8581,10509]]",0,0,[],1,0,[],0,0,0,0,0,[],10509,0,0,[]
2,2,"[[3929,10510],[7401,10510]]",0,0,[],2,0,[],0,0,0,0,0,[],10510,0,0,[]
2,2,"[[9639,10512],[10512,11533]]",0,0,[],2,0,[],0,0,0,0,0,[],10512,0,0,[]
1,1,"[[10513,11091]]",0,0,[],1,0,[],0,0,0,0,0,[],10513,0,0,[]
1,1,"[[10514,12897]]",0,0,[],1,0,[],0,0,0,0,0,[],10514,0,0,[]
1,1,"[[389,10515]]",0,0,[],1,0,[],0,0,0,0,0,[],10515,0,0,[]
2,2,"[[10516,11699],[10516,12475]]",0,0,[],2,0,[],0,0,0,0,0,[],10516,0,0,[]
1,1,"[[8513,10517]]",0,0,[],1,0,[],0,0,0,0,0,[],10517,0,0,[]
2,2,"[[3480,10518],[10518,11528]]",0,0,[],2,0,[],0,0,0,0,0,[],10518,0,0,[]
1,1,"[[8192,10519]]",0,0,[],1,0,[],0,0,0,0,0,[],10519,0,0,[]
2,2,"[[9661,10520],[9862,10520]]",0,0,[],2,0,[],0,0,0,0,0,[],10520,0,0,[]
1,1,"[[6880,10522]]",0,0,[],1,0,[],0,0,0,0,0,[],10522,0,0,[]
1,1,"[[4111,10523]]",0,0,[],1,0,[],0,0,0,0,0,[],10523,0,0,[]
2,2,"[[8616,10525],[9425,10525]]",0,0,[],2,0,[],0,0,0,0,0,[],10525,0,0,[]
2,2,"[[1013,10527],[5948,10527]]",0,0,[],2,0,[],0,0,0,0,0,[],10527,0,0,[]
2,2,"[[4599,10529],[8341,10529]]",0,0,[],2,0,[],0,0,0,0,0,[],10529,0,0,[]
1,1,"[[6927,10531]]",0,0,[],1,0,[],0,0,0,0,0,[],10531,0,0,[]
2,2,"[[5550,10532],[9533,10532]]",0,0,[],2,0,[],0,0,0,0,0,[],10532,0,0,[]
2,2,"[[2277,10533],[9260,10533]]",0,0,[],2,0,[],0,0,0,0,0,[],10533,0,0,[]
1,1,"[[10535,11716]]",0,0,[],1,0,[],0,0,0,0,0,[],10535,0,0,[]
1,1,"[[9493,10536]]",0,0,[],1,0,[],0,0,0,0,0,[],10536,0,0,[]
2,2,"[[5598,10537],[6658,10537]]",0,0,[],2,0,[],0,0,0,0,0,[],10537,0,0,[]
1,1,"[[10538,13387]]",0,0,[],1,0,[],0,0,0,0,0,[],10538,0,0,[]
1,1,"[[9339,10539]]",0,0,[],1,0,[],0,0,0,0,0,[],10539,0,0,[]
1,1,"[[10541,11960]]",0,0,[],1,0,[],0,0,0,0,0,[],10541,0,0,[]
2,2,"[[3550,10543],[5831,10543]]",0,0,[],2,0,[],0,0,0,0,0,[],10543,0,0,[]
1,1,"[[5361,10544]]",0,0,[],1,0,[],0,0,0,0,0,[],10544,0,0,[]
1,1,"[[4204,10545]]",0,0,[],1,0,[],0,0,0,0,0,[],10545,0,0,[]
2,2,"[[6130,10546],[10546,11986]]",0,0,[],2,0,[],0,0,0,0,0,[],10546,0,0,[]
2,2,"[[4520,10547],[10547,12035]]",0,0,[],2,0,[],0,0,0,0,0,[],10547,0,0,[]
2,2,"[[10549,11315],[10549,13598]]",0,0,[],2,0,[],0,0,0,0,0,[],10549,0,0,[]
2,2,"[[10550,10690],[10550,11004]]",0,0,[],2,0,[],0,0,0,0,0,[],10550,0,0,[]
2,2,"[[7781,10551],[10551,11438]]",0,0,[],2,0,[],0,0,0,0,0,[],10551,0,0,[]
1,1,"[[10552,12713]]",0,0,[],1,0,[],0,0,0,0,0,[],10552,0,0,[]
2,2,"[[6150,10553],[10553,11024]]",0,0,[],2,0,[],0,0,0,0,0,[],10553,0,0,[]
2,2,"[[5199,10555],[6035,10555]]",0,0,[],2,0,[],0,0,0,0,0,[],10555,0,0,[]
1,1,"[[10556,13008]]",0,0,[],1,0,[],0,0,0,0,0,[],10556,0,0,[]
2,2,"[[3075,10558],[5045,10558]]",0,0,[],2,0,[],0,0,0,0,0,[],10558,0,0,[]
2,2,"[[5611,10559],[10559,12287]]",0,0,[],2,0,[],0,0,0,0,0,[],10559,0,0,[]
2,2,"[[4682,10560],[4761,10560]]",0,0,[],2,0,[],0,0,0,0,0,[],10560,0,0,[]
2,2,"[[9864,10561],[10523,10561]]",0,0,[],2,0,[],0,0,0,0,0,[],10561,0,0,[]
2,2,"[[4905,10562],[10562,12250]]",0,0,[],2,0,[],0,0,0,0,0,[],10562,0,0,[]
2,2,"[[8418,10563],[9606,10563]]",0,0,[],2,0,[],0,0,0,0,0,[],10563,0,0,[]
1,1,"[[5044,10564]]",0,0,[],1,0,[],0,0,0,0,0,[],10564,0,0,[]
2,2,"[[5021,10565],[10565,13240]]",0,0,[],2,0,[],0,0,0,0,0,[],10565,0,0,[]
1,1,"[[10567,11280]]",0,0,[],1,0,[],0,0,0,0,0,[],10567,0,0,[]
1,1,"[[10568,11961]]",0,0,[],1,0,[],0,0,0,0,0,[],10568,0,0,[]
2,2,"[[8084,10569],[9151,10569]]",0,0,[],2,0,[],0,0,0,0,0,[],10569,0,0,[]
1,1,"[[5087,10570]]",0,0,[],1,0,[],0,0,0,0,0,[],10570,0,0,[]
1,1,"[[10571,11746]]",0,0,[],1,0,[],0,0,0,0,0,[],10571,0,0,[]
1,1,"[[3865,10572]]",0,0,[],1,0,[],0,0,0,0,0,[],10572,0,0,[]
1,1,"[[1339,10573]]",0,0,[],1,0,[],0,0,0,0,0,[],10573,0,0,[]
1,1,"[[7505,10574]]",0,0,[],1,0,[],0,0,0,0,0,[],10574,0,0,[]
1,1,"[[10575,11784]]",0,0,[],1,0,[],0,0,0,0,0,[],10575,0,0,[]
1,1,"[[10576,11973]]",0,0,[],1,0,[],0,0,0,0,0,[],10576,0,0,[]
1,1,"[[10095,10577]]",0,0,[],1,0,[],0,0,0,0,0,[],10577,0,0,[]
2,2,"[[9583,10578],[10298,10578]]",0,0,[],2,0,[],0,0,0,0,0,[],10578,0,0,[]
1,1,"[[10579,12146]]",0,0,[],1,0,[],0,0,0,0,0,[],10579,0,0,[]
1,1,"[[10580,12301]]",0,0,[],1,0,[],0,0,0,0,0,[],10580,0,0,[]
1,1,"[[10581,11058]]",0,0,[],1,0,[],0,0,0,0,0,[],10581,0,0,[]
2,2,"[[9020,10582],[9361,10582]]",0,0,[],2,0,[],0,0,0,0,0,[],10582,0,0,[]
2,2,"[[5428,10584],[10497,10584]]",0,0,[],2,0,[],0,0,0,0,0,[],10584,0,0,[]
1,1,"[[10585,11077]]",0,0,[],1,0,[],0,0,0,0,0,[],10585,0,0,[]
2,2,"[[6574,10586],[7289,10586]]",0,0,[],2,0,[],0,0,0,0,0,[],10586,0,0,[]
2,2,"[[2389,10587],[5661,10587]]",0,0,[],2,0,[],0,0,0,0,0,[],10587,0,0,[]
2,2,"[[7939,10588],[10588,10960]]",0,0,[],2,0,[],0,0,0,0,0,[],10588,0,0,[]
2,2,"[[10589,11915],[10589,12615]]",0,0,[],2,0,[],0,0,0,0,0,[],10589,0,0,[]
1,1,"[[4142,10590]]",0,0,[],1,0,[],0,0,0,0,0,[],10590,0,0,[]
2,2,"[[5364,10591],[9445,10591]]",0,0,[],2,0,[],0,0,0,0,0,[],10591,0,0,[]
2,2,"[[10592,11242],[10592,12133]]",0,0,[],2,0,[],0,0,0,0,0,[],10592,0,0,[]
1,1,"[[10347,10593]]",0,0,[],1,0,[],0,0,0,0,0,[],10593,0,0,[]
2,2,"[[4400,10594],[9429,10594]]",0,0,[],2,0,[],0,0,0,0,0,[],10594,0,0,[]
2,2,"[[2839,10595],[2854,10595]]",0,0,[],2,0,[],0,0,0,0,0,[],10595,0,0,[]
2,2,"[[10596,13485],[10596,13674]]",0,0,[],2,0,[],0,0,0,0,0,[],10596,0,0,[]
1,1,"[[7326,10597]]",0,0,[],1,0,[],0,0,0,0,0,[],10597,0,0,[]
1,1,"[[8053,10598]]",0,0,[],1,0,[],0,0,0,0,0,[],10598,0,0,[]
1,1,"[[10599,13303]]",0,0,[],1,0,[],0,0,0,0,0,[],10599,0,0,[]
1,1,"[[9376,10601]]",0,0,[],1,0,[],0,0,0,0,0,[],10601,0,0,[]
2,2,"[[6919,10602],[10602,11638]]",0,0,[],2,0,[],0,0,0,0,0,[],10602,0,0,[]
2,2,"[[10603,12368],[10603,13353]]",0,0,[],2,0,[],0,0,0,0,0,[],10603,0,0,[]
1,1,"[[8529,10604]]",0,0,[],1,0,[],0,0,0,0,0,[],10604,0,0,[]
1,1,"[[10605,11885]]",0,0,[],1,0,[],0,0,0,0,0,[],10605,0,0,[]
2,2,"[[10606,10771],[10606,11541]]",0,0,[],2,0,[],0,0,0,0,0,[],10606,0,0,[]
1,1,"[[9951,10607]]",0,0,[],1,0,[],0,0,0,0,0,[],10607,0,0,[]
2,2,"[[9690,10608],[10608,12279]]",0,0,[],2,0,[],0,0,0,0,0,[],10608,0,0,[]
2,2,"[[10609,10709],[10609,12373]]",0,0,[],2,0,[],0,0,0,0,0,[],10609,0,0,[]
1,1,"[[10202,10610]]",0,0,[],1,0,[],0,0,0,0,0,[],10610,0,0,[]
1,1,"[[8395,10611]]",0,0,[],1,0,[],0,0,0,0,0,[],10611,0,0,[]
2,2,"[[4302,10612],[5840,10612]]",0,0,[],2,0,[],0,0,0,0,0,[],10612,0,0,[]
1,1,"[[10613,12160]]",0,0,[],1,0,[],0,0,0,0,0,[],10613,0,0,[]
1,1,"[[2599,10614]]",0,0,[],1,0,[],0,0,0,0,0,[],10614,0,0,[]
2,2,"[[6171,10615],[8784,10615]]",0,0,[],2,0,[],0,0,0,0,0,[],10615,0,0,[]
2,2,"[[1148,10616],[4649,10616]]",0,0,[],2,0,[],0,0,0,0,0,[],10616,0,0,[]
2,2,"[[8689,10617],[10617,13069]]",0,0,[],2,0,[],0,0,0,0,0,[],10617,0,0,[]
2,2,"[[9599,10618],[10618,11180]]",0,0,[],2,0,[],0,0,0,0,0,[],10618,0,0,[]
1,1,"[[10620,12115]]",0,0,[],1,0,[],0,0,0,0,0,[],10620,0,0,[]
1,1,"[[10621,11049]]",0,0,[],1,0,[],0,0,0,0,0,[],10621,0,0,[]
1,1,"[[8017,10622]]",0,0,[],1,0,[],0,0,0,0,0,[],10622,0,0,[]
2,2,"[[10623,11008],[10623,12286]]",0,0,[],2,0,[],0,0,0,0,0,[],10623,0,0,[]
1,1,"[[7837,10624]]",0,0,[],1,0,[],0,0,0,0,0,[],10624,0,0,[]
1,1,"[[10625,13188]]",0,0,[],1,0,[],0,0,0,0,0,[],10625,0,0,[]
1,1,"[[3194,10626]]",0,0,[],1,0,[],0,0,0,0,0,[],10626,0,0,[]
2,2,"[[8194,10627],[9334,10627]]",0,0,[],2,0,[],0,0,0,0,0,[],10627,0,0,[]
1,1,"[[10018,10628]]",0,0,[],1,0,[],0,0,0,0,0,[],10628,0,0,[]
1,1,"[[6462,10629]]",0,0,[],1,0,[],0,0,0,0,0,[],10629,0,0,[]
2,2,"[[7053,10630],[10630,12022]]",0,0,[],2,0,[],0,0,0,0,0,[],10630,0,0,[]
1,1,"[[10631,10725]]",0,0,[],1,0,[],0,0,0,0,0,[],10631,0,0,[]
1,1,"[[624,10632]]",0,0,[],1,0,[],0,0,0,0,0,[],10632,0,0,[]
2,2,"[[6847,10633],[10451,10633]]",0,0,[],2,0,[],0,0,0,0,0,[],10633,0,0,[]
2,2,"[[7184,10634],[10634,11565]]",0,0,[],2,0,[],0,0,0,0,0,[],10634,0,0,[]
2,2,"[[2985,10635],[10402,10635]]",0,0,[],2,0,[],0,0,0,0,0,[],10635,0,0,[]
1,1,"[[10100,10636]]",0,0,[],1,0,[],0,0,0,0,0,[],10636,0,0,[]
1,1,"[[6151,10637]]",0,0,[],1,0,[],0,0,0,0,0,[],10637,0,0,[]
2,2,"[[8316,10638],[10638,12431]]",0,0,[],2,0,[],0,0,0,0,0,[],10638,0,0,[]
2,2,"[[10639,11304],[10639,12166]]",0,0,[],2,0,[],0,0,0,0,0,[],10639,0,0,[]
2,2,"[[3555,10641],[4277,10641]]",0,0,[],2,0,[],0,0,0,0,0,[],10641,0,0,[]
2,2,"[[3862,10642],[7050,10642]]",0,0,[],2,0,[],0,0,0,0,0,[],10642,0,0,[]
1,1,"[[6998,10643]]",0,0,[],1,0,[],0,0,0,0,0,[],10643,0,0,[]
1,1,"[[2245,10644]]",0,0,[],1,0,[],0,0,0,0,0,[],10644,0,0,[]
1,1,"[[10645,13526]]",0,0,[],1,0,[],0,0,0,0,0,[],10645,0,0,[]
1,1,"[[9067,10647]]",0,0,[],1,0,[],0,0,0,0,0,[],10647,0,0,[]
1,1,"[[6415,10648]]",0,0,[],1,0,[],0,0,0,0,0,[],10648,0,0,[]
2,2,"[[9122,10649],[10649,13283]]",0,0,[],2,0,[],0,0,0,0,0,[],10649,0,0,[]
1,1,"[[10650,11900]]",0,0,[],1,0,[],0,0,0,0,0,[],10650,0,0,[]
1,1,"[[5880,10651]]",0,0,[],1,0,[],0,0,0,0,0,[],10651,0,0,[]
2,2,"[[10652,11283],[10652,12426]]",0,0,[],2,0,[],0,0,0,0,0,[],10652,0,0,[]
2,2,"[[3698,10653],[9060,10653]]",0,0,[],2,0,[],0,0,0,0,0,[],10653,0,0,[]
2,2,"[[9827,10654],[10267,10654]]",0,0,[],2,0,[],0,0,0,0,0,[],10654,0,0,[]
1,1,"[[6043,10655]]",0,0,[],1,0,[],0,0,0,0,0,[],10655,0,0,[]
2,2,"[[7959,10656],[10656,12524]]",0,0,[],2,0,[],0,0,0,0,0,[],10656,0,0,[]
1,1,"[[10657,12712]]",0,0,[],1,0,[],0,0,0,0,0,[],10657,0,0,[]
1,1,"[[6457,10658]]",0,0,[],1,0,[],0,0,0,0,0,[],10658,0,0,[]
2,2,"[[9982,10659],[10659,10710]]",0,0,[],2,0,[],0,0,0,0,0,[],10659,0,0,[]
2,2,"[[8655,10660],[10660,12750]]",0,0,[],2,0,[],0,0,0,0,0,[],10660,0,0,[]
1,1,"[[10192,10661]]",0,0,[],1,0,[],0,0,0,0,0,[],10661,0,0,[]
1,1,"[[8401,10662]]",0,0,[],1,0,[],0,0,0,0,0,[],10662,0,0,[]
2,2,"[[9522,10663],[10663,10702]]",0,0,[],2,0,[],0,0,0,0,0,[],10663,0,0,[]
1,1,"[[3148,10665]]",0,0,[],1,0,[],0,0,0,0,0,[],10665,0,0,[]
2,2,"[[1670,10667],[9591,10667]]",0,0,[],2,0,[],0,0,0,0,0,[],10667,0,0,[]
2,2,"[[3879,10668],[7906,10668]]",0,0,[],2,0,[],0,0,0,0,0,[],10668,0,0,[]
2,2,"[[2932,10669],[6048,10669]]",0,0,[],2,0,[],0,0,0,0,0,[],10669,0,0,[]
2,2,"[[2893,10670],[3077,10670]]",0,0,[],2,0,[],0,0,0,0,0,[],10670,0,0,[]
1,1,"[[7024,10671]]",0,0,[],1,0,[],0,0,0,0,0,[],10671,0,0,[]
2,2,"[[859,10672],[3083,10672]]",0,0,[],2,0,[],0,0,0,0,0,[],10672,0,0,[]
2,2,"[[3892,10673],[10673,11727]]",0,0,[],2,0,[],0,0,0,0,0,[],10673,0,0,[]
1,1,"[[7518,10675]]",0,0,[],1,0,[],0,0,0,0,0,[],10675,0,0,[]
1,1,"[[488,10677]]",0,0,[],1,0,[],0,0,0,0,0,[],10677,0,0,[]
2,2,"[[3371,10678],[8046,10678]]",0,0,[],2,0,[],0,0,0,0,0,[],10678,0,0,[]
2,2,"[[10679,11294],[10679,12206]]",0,0,[],2,0,[],0,0,0,0,0,[],10679,0,0,[]
2,2,"[[8812,10680],[10680,13183]]",0,0,[],2,0,[],0,0,0,0,0,[],10680,0,0,[]
1,1,"[[10681,11677]]",0,0,[],1,0,[],0,0,0,0,0,[],10681,0,0,[]
2,2,"[[7071,10682],[9480,10682]]",0,0,[],2,0,[],0,0,0,0,0,[],10682,0,0,[]
2,2,"[[483,10683],[10683,12522]]",0,0,[],2,0,[],0,0,0,0,0,[],10683,0,0,[]
2,2,"[[2354,10684],[3343,10684]]",0,0,[],2,0,[],0,0,0,0,0,[],10684,0,0,[]
2,2,"[[6371,10685],[8157,10685]]",0,0,[],2,0,[],0,0,0,0,0,[],10685,0,0,[]
1,1,"[[2917,10687]]",0,0,[],1,0,[],0,0,0,0,0,[],10687,0,0,[]
2,2,"[[3158,10688],[10688,11461]]",0,0,[],2,0,[],0,0,0,0,0,[],10688,0,0,[]
2,2,"[[2261,10689],[10689,12469]]",0,0,[],2,0,[],0,0,0,0,0,[],10689,0,0,[]
2,2,"[[5123,10690],[7040,10690]]",0,0,[],2,0,[],0,0,0,0,0,[],10690,0,0,[]
1,1,"[[2745,10691]]",0,0,[],1,0,[],0,0,0,0,0,[],10691,0,0,[]
1,1,"[[7580,10692]]",0,0,[],1,0,[],0,0,0,0,0,[],10692,0,0,[]
1,1,"[[9840,10693]]",0,0,[],1,0,[],0,0,0,0,0,[],10693,0,0,[]
2,2,"[[5138,10694],[6161,10694]]",0,0,[],2,0,[],0,0,0,0,0,[],10694,0,0,[]
1,1,"[[10695,12538]]",0,0,[],1,0,[],0,0,0,0,0,[],10695,0,0,[]
1,1,"[[2690,10696]]",0,0,[],1,0,[],0,0,0,0,0,[],10696,0,0,[]
1,1,"[[10698,13081]]",0,0,[],1,0,[],0,0,0,0,0,[],10698,0,0,[]
1,1,"[[10701,13631]]",0,0,[],1,0,[],0,0,0,0,0,[],10701,0,0,[]
1,1,"[[3476,10703]]",0,0,[],1,0,[],0,0,0,0,0,[],10703,0,0,[]
1,1,"[[9057,10704]]",0,0,[],1,0,[],0,0,0,0,0,[],10704,0,0,[]
2,2,"[[2855,10705],[9954,10705]]",0,0,[],2,0,[],0,0,0,0,0,[],10705,0,0,[]
2,2,"[[9949,10706],[10581,10706]]",0,0,[],2,0,[],0,0,0,0,0,[],10706,0,0,[]
2,2,"[[3550,10707],[5831,10707]]",0,0,[],2,0,[],0,0,0,0,0,[],10707,0,0,[]
2,2,"[[4696,10708],[7456,10708]]",0,0,[],2,0,[],0,0,0,0,0,[],10708,0,0,[]
1,1,"[[10709,11655]]",0,0,[],1,0,[],0,0,0,0,0,[],10709,0,0,[]
2,2,"[[7951,10712],[8414,10712]]",0,0,[],2,0,[],0,0,0,0,0,[],10712,0,0,[]
2,2,"[[6117,10713],[10713,12863]]",0,0,[],2,0,[],0,0,0,0,0,[],10713,0,0,[]
2,2,"[[10715,12207],[10715,12220]]",0,0,[],2,0,[],0,0,0,0,0,[],10715,0,0,[]
2,2,"[[4051,10716],[5862,10716]]",0,0,[],2,0,[],0,0,0,0,0,[],10716,0,0,[]
2,2,"[[5296,10717],[5464,10717]]",0,0,[],2,0,[],0,0,0,0,0,[],10717,0,0,[]
1,1,"[[10447,10718]]",0,0,[],1,0,[],0,0,0,0,0,[],10718,0,0,[]
2,2,"[[2917,10719],[10719,13082]]",0,0,[],2,0,[],0,0,0,0,0,[],10719,0,0,[]
1,1,"[[2533,10720]]",0,0,[],1,0,[],0,0,0,0,0,[],10720,0,0,[]
2,2,"[[8317,10721],[10721,10849]]",0,0,[],2,0,[],0,0,0,0,0,[],10721,0,0,[]
1,1,"[[7899,10722]]",0,0,[],1,0,[],0,0,0,0,0,[],10722,0,0,[]
2,2,"[[2548,10723],[10723,11500]]",0,0,[],2,0,[],0,0,0,0,0,[],10723,0,0,[]
1,1,"[[5479,10724]]",0,0,[],1,0,[],0,0,0,0,0,[],10724,0,0,[]
1,1,"[[7517,10725]]",0,0,[],1,0,[],0,0,0,0,0,[],10725,0,0,[]
2,2,"[[10726,11862],[10726,12372]]",0,0,[],2,0,[],0,0,0,0,0,[],10726,0,0,[]
1,1,"[[8797,10727]]",0,0,[],1,0,[],0,0,0,0,0,[],10727,0,0,[]
1,1,"[[5945,10729]]",0,0,[],1,0,[],0,0,0,0,0,[],10729,0,0,[]
2,2,"[[737,10730],[5919,10730]]",0,0,[],2,0,[],0,0,0,0,0,[],10730,0,0,[]
1,1,"[[5192,10732]]",0,0,[],1,0,[],0,0,0,0,0,[],10732,0,0,[]
1,1,"[[10681,10733]]",0,0,[],1,0,[],0,0,0,0,0,[],10733,0,0,[]
2,2,"[[5899,10734],[7380,10734]]",0,0,[],2,0,[],0,0,0,0,0,[],10734,0,0,[]
1,1,"[[4007,10735]]",0,0,[],1,0,[],0,0,0,0,0,[],10735,0,0,[]
1,1,"[[9675,10736]]",0,0,[],1,0,[],0,0,0,0,0,[],10736,0,0,[]
1,1,"[[6199,10737]]",0,0,[],1,0,[],0,0,0,0,0,[],10737,0,0,[]
1,1,"[[9028,10738]]",0,0,[],1,0,[],0,0,0,0,0,[],10738,0,0,[]
2,2,"[[2732,10740],[10740,13615]]",0,0,[],2,0,[],0,0,0,0,0,[],10740,0,0,[]
2,2,"[[3133,10741],[5693,10741]]",0,0,[],2,0,[],0,0,0,0,0,[],10741,0,0,[]
1,1,"[[10541,10742]]",0,0,[],1,0,[],0,0,0,0,0,[],10742,0,0,[]
2,2,"[[8844,10743],[10743,13253]]",0,0,[],2,0,[],0,0,0,0,0,[],10743,0,0,[]
2,2,"[[10744,10945],[10744,11114]]",0,0,[],2,0,[],0,0,0,0,0,[],10744,0,0,[]
2,2,"[[6377,10745],[10745,12861]]",0,0,[],2,0,[],0,0,0,0,0,[],10745,0,0,[]
1,1,"[[7525,10746]]",0,0,[],1,0,[],0,0,0,0,0,[],10746,0,0,[]
1,1,"[[8967,10747]]",0,0,[],1,0,[],0,0,0,0,0,[],10747,0,0,[]
2,2,"[[6500,10748],[10748,10915]]",0,0,[],2,0,[],0,0,0,0,0,[],10748,0,0,[]
1,1,"[[10749,11466]]",0,0,[],1,0,[],0,0,0,0,0,[],10749,0,0,[]
1,1,"[[10750,12139]]",0,0,[],1,0,[],0,0,0,0,0,[],10750,0,0,[]
1,1,"[[8788,10751]]",0,0,[],1,0,[],0,0,0,0,0,[],10751,0,0,[]
1,1,"[[9268,10752]]",0,0,[],1,0,[],0,0,0,0,0,[],10752,0,0,[]
1,1,"[[6095,10753]]",0,0,[],1,0,[],0,0,0,0,0,[],10753,0,0,[]
2,2,"[[8125,10754],[8595,10754]]",0,0,[],2,0,[],0,0,0,0,0,[],10754,0,0,[]
2,2,"[[5086,10755],[9655,10755]]",0,0,[],2,0,[],0,0,0,0,0,[],10755,0,0,[]
1,1,"[[10757,13636]]",0,0,[],1,0,[],0,0,0,0,0,[],10757,0,0,[]
2,2,"[[7544,10758],[9487,10758]]",0,0,[],2,0,[],0,0,0,0,0,[],10758,0,0,[]
2,2,"[[2227,10759],[2414,10759]]",0,0,[],2,0,[],0,0,0,0,0,[],10759,0,0,[]
2,2,"[[10760,12822],[10760,13123]]",0,0,[],2,0,[],0,0,0,0,0,[],10760,0,0,[]
2,2,"[[4216,10761],[10761,12193]]",0,0,[],2,0,[],0,0,0,0,0,[],10761,0,0,[]
2,2,"[[6473,10762],[10762,11271]]",0,0,[],2,0,[],0,0,0,0,0,[],10762,0,0,[]
2,2,"[[9772,10763],[10763,11115]]",0,0,[],2,0,[],0,0,0,0,0,[],10763,0,0,[]
2,2,"[[6456,10764],[10764,12576]]",0,0,[],2,0,[],0,0,0,0,0,[],10764,0,0,[]
2,2,"[[3757,10765],[8395,10765]]",0,0,[],2,0,[],0,0,0,0,0,[],10765,0,0,[]
1,1,"[[5999,10766]]",0,0,[],1,0,[],0,0,0,0,0,[],10766,0,0,[]
1,1,"[[5940,10767]]",0,0,[],1,0,[],0,0,0,0,0,[],10767,0,0,[]
1,1,"[[10768,11205]]",0,0,[],1,0,[],0,0,0,0,0,[],10768,0,0,[]
1,1,"[[4704,10769]]",0,0,[],1,0,[],0,0,0,0,0,[],10769,0,0,[]
2,2,"[[9740,10770],[10569,10770]]",0,0,[],2,0,[],0,0,0,0,0,[],10770,0,0,[]
2,2,"[[9051,10771],[10771,11541]]",0,0,[],2,0,[],0,0,0,0,0,[],10771,0,0,[]
2,2,"[[10772,10822],[10772,10935]]",0,0,[],2,0,[],0,0,0,0,0,[],10772,0,0,[]
2,2,"[[7874,10773],[9774,10773]]",0,0,[],2,0,[],0,0,0,0,0,[],10773,0,0,[]
1,1,"[[10774,11979]]",0,0,[],1,0,[],0,0,0,0,0,[],10774,0,0,[]
2,2,"[[7761,10776],[10269,10776]]",0,0,[],2,0,[],0,0,0,0,0,[],10776,0,0,[]
2,2,"[[5119,10777],[6556,10777]]",0,0,[],2,0,[],0,0,0,0,0,[],10777,0,0,[]
2,2,"[[8143,10778],[10778,11526]]",0,0,[],2,0,[],0,0,0,0,0,[],10778,0,0,[]
1,1,"[[10116,10779]]",0,0,[],1,0,[],0,0,0,0,0,[],10779,0,0,[]
2,2,"[[8810,10780],[9353,10780]]",0,0,[],2,0,[],0,0,0,0,0,[],10780,0,0,[]
2,2,"[[3431,10781],[5550,10781]]",0,0,[],2,0,[],0,0,0,0,0,[],10781,0,0,[]
1,1,"[[10152,10782]]",0,0,[],1,0,[],0,0,0,0,0,[],10782,0,0,[]
2,2,"[[5614,10783],[9278,10783]]",0,0,[],2,0,[],0,0,0,0,0,[],10783,0,0,[]
2,2,"[[10784,12249],[10784,12537]]",0,0,[],2,0,[],0,0,0,0,0,[],10784,0,0,[]
1,1,"[[8534,10785]]",0,0,[],1,0,[],0,0,0,0,0,[],10785,0,0,[]
2,2,"[[7750,10786],[7862,10786]]",0,0,[],2,0,[],0,0,0,0,0,[],10786,0,0,[]
2,2,"[[10247,10787],[10787,12573]]",0,0,[],2,0,[],0,0,0,0,0,[],10787,0,0,[]
1,1,"[[10012,10789]]",0,0,[],1,0,[],0,0,0,0,0,[],10789,0,0,[]
1,1,"[[10448,10790]]",0,0,[],1,0,[],0,0,0,0,0,[],10790,0,0,[]
2,2,"[[8590,10791],[10791,12546]]",0,0,[],2,0,[],0,0,0,0,0,[],10791,0,0,[]
2,2,"[[4004,10792],[10792,12649]]",0,0,[],2,0,[],0,0,0,0,0,[],10792,0,0,[]
2,2,"[[6028,10793],[9634,10793]]",0,0,[],2,0,[],0,0,0,0,0,[],10793,0,0,[]
2,2,"[[9437,10795],[10795,11786]]",0,0,[],2,0,[],0,0,0,0,0,[],10795,0,0,[]
1,1,"[[10554,10796]]",0,0,[],1,0,[],0,0,0,0,0,[],10796,0,0,[]
1,1,"[[5753,10797]]",0,0,[],1,0,[],0,0,0,0,0,[],10797,0,0,[]
1,1,"[[3306,10798]]",0,0,[],1,0,[],0,0,0,0,0,[],10798,0,0,[]
1,1,"[[77,10799]]",0,0,[],1,0,[],0,0,0,0,0,[],10799,0,0,[]
2,2,"[[4151,10800],[7578,10800]]",0,0,[],2,0,[],0,0,0,0,0,[],10800,0,0,[]
1,1,"[[9301,10801]]",0,0,[],1,0,[],0,0,0,0,0,[],10801,0,0,[]
1,1,"[[8504,10802]]",0,0,[],1,0,[],0,0,0,0,0,[],10802,0,0,[]
1,1,"[[6267,10803]]",0,0,[],1,0,[],0,0,0,0,0,[],10803,0,0,[]
1,1,"[[10804,11835]]",0,0,[],1,0,[],0,0,0,0,0,[],10804,0,0,[]
2,2,"[[5190,10806],[5396,10806]]",0,0,[],2,0,[],0,0,0,0,0,[],10806,0,0,[]
2,2,"[[2450,10807],[4193,10807]]",0,0,[],2,0,[],0,0,0,0,0,[],10807,0,0,[]
2,2,"[[7612,10808],[10808,12091]]",0,0,[],2,0,[],0,0,0,0,0,[],10808,0,0,[]
2,2,"[[4427,10809],[10809,12449]]",0,0,[],2,0,[],0,0,0,0,0,[],10809,0,0,[]
1,1,"[[8277,10810]]",0,0,[],1,0,[],0,0,0,0,0,[],10810,0,0,[]
2,2,"[[7404,10811],[7785,10811]]",0,0,[],2,0,[],0,0,0,0,0,[],10811,0,0,[]
1,1,"[[7429,10812]]",0,0,[],1,0,[],0,0,0,0,0,[],10812,0,0,[]
2,2,"[[5999,10814],[10141,10814]]",0,0,[],2,0,[],0,0,0,0,0,[],10814,0,0,[]
2,2,"[[8721,10815],[10815,12873]]",0,0,[],2,0,[],0,0,0,0,0,[],10815,0,0,[]
1,1,"[[10433,10816]]",0,0,[],1,0,[],0,0,0,0,0,[],10816,0,0,[]
1,1,"[[7143,10817]]",0,0,[],1,0,[],0,0,0,0,0,[],10817,0,0,[]
2,2,"[[8188,10818],[8712,10818]]",0,0,[],2,0,[],0,0,0,0,0,[],10818,0,0,[]
2,2,"[[10819,11561],[10819,13078]]",0,0,[],2,0,[],0,0,0,0,0,[],10819,0,0,[]
2,2,"[[6897,10820],[10413,10820]]",0,0,[],2,0,[],0,0,0,0,0,[],10820,0,0,[]
1,1,"[[10821,11397]]",0,0,[],1,0,[],0,0,0,0,0,[],10821,0,0,[]
2,2,"[[10822,11718],[10822,13250]]",0,0,[],2,0,[],0,0,0,0,0,[],10822,0,0,[]
2,2,"[[6632,10823],[7309,10823]]",0,0,[],2,0,[],0,0,0,0,0,[],10823,0,0,[]
2,2,"[[10824,12431],[10824,12543]]",0,0,[],2,0,[],0,0,0,0,0,[],10824,0,0,[]
2,2,"[[5146,10825],[8749,10825]]",0,0,[],2,0,[],0,0,0,0,0,[],10825,0,0,[]
2,2,"[[8350,10826],[10658,10826]]",0,0,[],2,0,[],0,0,0,0,0,[],10826,0,0,[]
1,1,"[[10827,12820]]",0,0,[],1,0,[],0,0,0,0,0,[],10827,0,0,[]
2,2,"[[7330,10829],[8583,10829]]",0,0,[],2,0,[],0,0,0,0,0,[],10829,0,0,[]
1,1,"[[10830,10981]]",0,0,[],1,0,[],0,0,0,0,0,[],10830,0,0,[]
1,1,"[[3933,10831]]",0,0,[],1,0,[],0,0,0,0,0,[],10831,0,0,[]
2,2,"[[8974,10832],[10711,10832]]",0,0,[],2,0,[],0,0,0,0,0,[],10832,0,0,[]
2,2,"[[6264,10833],[9773,10833]]",0,0,[],2,0,[],0,0,0,0,0,[],10833,0,0,[]
2,2,"[[6450,10834],[10834,13345]]",0,0,[],2,0,[],0,0,0,0,0,[],10834,0,0,[]
1,1,"[[9034,10835]]",0,0,[],1,0,[],0,0,0,0,0,[],10835,0,0,[]
2,2,"[[10050,10836],[10836,11386]]",0,0,[],2,0,[],0,0,0,0,0,[],10836,0,0,[]
1,1,"[[7033,10837]]",0,0,[],1,0,[],0,0,0,0,0,[],10837,0,0,[]
2,2,"[[6238,10838],[9539,10838]]",0,0,[],2,0,[],0,0,0,0,0,[],10838,0,0,[]
2,2,"[[6472,10840],[10840,12274]]",0,0,[],2,0,[],0,0,0,0,0,[],10840,0,0,[]
2,2,"[[10841,11571],[10841,11866]]",0,0,[],2,0,[],0,0,0,0,0,[],10841,0,0,[]
1,1,"[[9970,10842]]",0,0,[],1,0,[],0,0,0,0,0,[],10842,0,0,[]
2,2,"[[1045,10843],[10843,13615]]",0,0,[],2,0,[],0,0,0,0,0,[],10843,0,0,[]
1,1,"[[4053,10844]]",0,0,[],1,0,[],0,0,0,0,0,[],10844,0,0,[]
1,1,"[[5766,10845]]",0,0,[],1,0,[],0,0,0,0,0,[],10845,0,0,[]
1,1,"[[7440,10846]]",0,0,[],1,0,[],0,0,0,0,0,[],10846,0,0,[]
1,1,"[[8661,10847]]",0,0,[],1,0,[],0,0,0,0,0,[],10847,0,0,[]
1,1,"[[10848,13023]]",0,0,[],1,0,[],0,0,0,0,0,[],10848,0,0,[]
1,1,"[[10550,10849]]",0,0,[],1,0,[],0,0,0,0,0,[],10849,0,0,[]
2,2,"[[7418,10850],[10850,12311]]",0,0,[],2,0,[],0,0,0,0,0,[],10850,0,0,[]
2,2,"[[6935,10851],[9038,10851]]",0,0,[],2,0,[],0,0,0,0,0,[],10851,0,0,[]
2,2,"[[4874,10853],[7634,10853]]",0,0,[],2,0,[],0,0,0,0,0,[],10853,0,0,[]
1,1,"[[8365,10854]]",0,0,[],1,0,[],0,0,0,0,0,[],10854,0,0,[]
2,2,"[[7640,10856],[8885,10856]]",0,0,[],2,0,[],0,0,0,0,0,[],10856,0,0,[]
1,1,"[[10858,12551]]",0,0,[],1,0,[],0,0,0,0,0,[],10858,0,0,[]
2,2,"[[7197,10859],[8021,10859]]",0,0,[],2,0,[],0,0,0,0,0,[],10859,0,0,[]
2,2,"[[7536,10860],[8590,10860]]",0,0,[],2,0,[],0,0,0,0,0,[],10860,0,0,[]
2,2,"[[5908,10861],[6183,10861]]",0,0,[],2,0,[],0,0,0,0,0,[],10861,0,0,[]
2,2,"[[6676,10862],[9185,10862]]",0,0,[],2,0,[],0,0,0,0,0,[],10862,0,0,[]
2,2,"[[4863,10863],[9566,10863]]",0,0,[],2,0,[],0,0,0,0,0,[],10863,0,0,[]
1,1,"[[5853,10864]]",0,0,[],1,0,[],0,0,0,0,0,[],10864,0,0,[]
1,1,"[[10865,12659]]",0,0,[],1,0,[],0,0,0,0,0,[],10865,0,0,[]
2,2,"[[8500,10866],[9697,10866]]",0,0,[],2,0,[],0,0,0,0,0,[],10866,0,0,[]
1,1,"[[4964,10867]]",0,0,[],1,0,[],0,0,0,0,0,[],10867,0,0,[]
2,2,"[[8485,10868],[9208,10868]]",0,0,[],2,0,[],0,0,0,0,0,[],10868,0,0,[]
2,2,"[[5274,10869],[5845,10869]]",0,0,[],2,0,[],0,0,0,0,0,[],10869,0,0,[]
2,2,"[[2301,10870],[8742,10870]]",0,0,[],2,0,[],0,0,0,0,0,[],10870,0,0,[]
2,2,"[[10871,12587],[10871,13504]]",0,0,[],2,0,[],0,0,0,0,0,[],10871,0,0,[]
1,1,"[[10151,10872]]",0,0,[],1,0,[],0,0,0,0,0,[],10872,0,0,[]
1,1,"[[4222,10873]]",0,0,[],1,0,[],0,0,0,0,0,[],10873,0,0,[]
2,2,"[[6919,10874],[10874,10919]]",0,0,[],2,0,[],0,0,0,0,0,[],10874,0,0,[]
2,2,"[[10875,11356],[10875,13137]]",0,0,[],2,0,[],0,0,0,0,0,[],10875,0,0,[]
2,2,"[[6337,10876],[9903,10876]]",0,0,[],2,0,[],0,0,0,0,0,[],10876,0,0,[]
2,2,"[[1810,10877],[2406,10877]]",0,0,[],2,0,[],0,0,0,0,0,[],10877,0,0,[]
2,2,"[[1479,10878],[6920,10878]]",0,0,[],2,0,[],0,0,0,0,0,[],10878,0,0,[]
1,1,"[[8491,10879]]",0,0,[],1,0,[],0,0,0,0,0,[],10879,0,0,[]
2,2,"[[1537,10880],[10880,11843]]",0,0,[],2,0,[],0,0,0,0,0,[],10880,0,0,[]
1,1,"[[3661,10881]]",0,0,[],1,0,[],0,0,0,0,0,[],10881,0,0,[]
1,1,"[[10884,12892]]",0,0,[],1,0,[],0,0,0,0,0,[],10884,0,0,[]
1,1,"[[8921,10885]]",0,0,[],1,0,[],0,0,0,0,0,[],10885,0,0,[]
2,2,"[[3893,10886],[10693,10886]]",0,0,[],2,0,[],0,0,0,0,0,[],10886,0,0,[]
2,2,"[[5463,10887],[10238,10887]]",0,0,[],2,0,[],0,0,0,0,0,[],10887,0,0,[]
1,1,"[[8407,10888]]",0,0,[],1,0,[],0,0,0,0,0,[],10888,0,0,[]
1,1,"[[6137,10889]]",0,0,[],1,0,[],0,0,0,0,0,[],10889,0,0,[]
2,2,"[[1713,10890],[10142,10890]]",0,0,[],2,0,[],0,0,0,0,0,[],10890,0,0,[]
1,1,"[[67,10891]]",0,0,[],1,0,[],0,0,0,0,0,[],10891,0,0,[]
2,2,"[[1981,10892],[4579,10892]]",0,0,[],2,0,[],0,0,0,0,0,[],10892,0,0,[]
1,1,"[[8466,10893]]",0,0,[],1,0,[],0,0,0,0,0,[],10893,0,0,[]
2,2,"[[10894,11687],[10894,12191]]",0,0,[],2,0,[],0,0,0,0,0,[],10894,0,0,[]
2,2,"[[7410,10895],[9533,10895]]",0,0,[],2,0,[],0,0,0,0,0,[],10895,0,0,[]
2,2,"[[7461,10896],[8750,10896]]",0,0,[],2,0,[],0,0,0,0,0,[],10896,0,0,[]
2,2,"[[10897,10901],[10897,12392]]",0,0,[],2,0,[],0,0,0,0,0,[],10897,0,0,[]
2,2,"[[5263,10899],[7229,10899]]",0,0,[],2,0,[],0,0,0,0,0,[],10899,0,0,[]
2,2,"[[3413,10900],[5246,10900]]",0,0,[],2,0,[],0,0,0,0,0,[],10900,0,0,[]
2,2,"[[10901,12005],[10901,12086]]",0,0,[],2,0,[],0,0,0,0,0,[],10901,0,0,[]
1,1,"[[10124,10903]]",0,0,[],1,0,[],0,0,0,0,0,[],10903,0,0,[]
2,2,"[[9852,10904],[10904,11718]]",0,0,[],2,0,[],0,0,0,0,0,[],10904,0,0,[]
2,2,"[[4581,10905],[8804,10905]]",0,0,[],2,0,[],0,0,0,0,0,[],10905,0,0,[]
2,2,"[[4684,10906],[6530,10906]]",0,0,[],2,0,[],0,0,0,0,0,[],10906,0,0,[]
1,1,"[[10907,11969]]",0,0,[],1,0,[],0,0,0,0,0,[],10907,0,0,[]
1,1,"[[10908,13093]]",0,0,[],1,0,[],0,0,0,0,0,[],10908,0,0,[]
1,1,"[[2660,10909]]",0,0,[],1,0,[],0,0,0,0,0,[],10909,0,0,[]
2,2,"[[10911,11559],[10911,11588]]",0,0,[],2,0,[],0,0,0,0,0,[],10911,0,0,[]
2,2,"[[3229,10912],[9330,10912]]",0,0,[],2,0,[],0,0,0,0,0,[],10912,0,0,[]
1,1,"[[10616,10913]]",0,0,[],1,0,[],0,0,0,0,0,[],10913,0,0,[]
2,2,"[[6815,10914],[10914,13161]]",0,0,[],2,0,[],0,0,0,0,0,[],10914,0,0,[]
1,1,"[[9002,10915]]",0,0,[],1,0,[],0,0,0,0,0,[],10915,0,0,[]
1,1,"[[9248,10916]]",0,0,[],1,0,[],0,0,0,0,0,[],10916,0,0,[]
1,1,"[[10917,12543]]",0,0,[],1,0,[],0,0,0,0,0,[],10917,0,0,[]
1,1,"[[4419,10918]]",0,0,[],1,0,[],0,0,0,0,0,[],10918,0,0,[]
1,1,"[[9202,10919]]",0,0,[],1,0,[],0,0,0,0,0,[],10919,0,0,[]
1,1,"[[10920,13155]]",0,0,[],1,0,[],0,0,0,0,0,[],10920,0,0,[]
1,1,"[[10681,10921]]",0,0,[],1,0,[],0,0,0,0,0,[],10921,0,0,[]
2,2,"[[7227,10922],[10408,10922]]",0,0,[],2,0,[],0,0,0,0,0,[],10922,0,0,[]
1,1,"[[10923,11774]]",0,0,[],1,0,[],0,0,0,0,0,[],10923,0,0,[]
2,2,"[[8612,10924],[9680,10924]]",0,0,[],2,0,[],0,0,0,0,0,[],10924,0,0,[]
1,1,"[[9916,10925]]",0,0,[],1,0,[],0,0,0,0,0,[],10925,0,0,[]
2,2,"[[10085,10926],[10926,12836]]",0,0,[],2,0,[],0,0,0,0,0,[],10926,0,0,[]
1,1,"[[5190,10927]]",0,0,[],1,0,[],0,0,0,0,0,[],10927,0,0,[]
2,2,"[[8340,10928],[9848,10928]]",0,0,[],2,0,[],0,0,0,0,0,[],10928,0,0,[]
1,1,"[[6550,10929]]",0,0,[],1,0,[],0,0,0,0,0,[],10929,0,0,[]
1,1,"[[2841,10930]]",0,0,[],1,0,[],0,0,0,0,0,[],10930,0,0,[]
2,2,"[[973,10931],[10220,10931]]",0,0,[],2,0,[],0,0,0,0,0,[],10931,0,0,[]
2,2,"[[7129,10932],[8139,10932]]",0,0,[],2,0,[],0,0,0,0,0,[],10932,0,0,[]
1,1,"[[10933,11312]]",0,0,[],1,0,[],0,0,0,0,0,[],10933,0,0,[]
2,2,"[[10934,10936],[10934,13689]]",0,0,[],2,0,[],0,0,0,0,0,[],10934,0,0,[]
1,1,"[[5488,10937]]",0,0,[],1,0,[],0,0,0,0,0,[],10937,0,0,[]
2,2,"[[4052,10938],[10846,10938]]",0,0,[],2,0,[],0,0,0,0,0,[],10938,0,0,[]
2,2,"[[10939,12916],[10939,13297]]",0,0,[],2,0,[],0,0,0,0,0,[],10939,0,0,[]
1,1,"[[5398,10940]]",0,0,[],1,0,[],0,0,0,0,0,[],10940,0,0,[]
2,2,"[[3594,10941],[10941,13126]]",0,0,[],2,0,[],0,0,0,0,0,[],10941,0,0,[]
2,2,"[[973,10942],[4058,10942]]",0,0,[],2,0,[],0,0,0,0,0,[],10942,0,0,[]
1,1,"[[3756,10944]]",0,0,[],1,0,[],0,0,0,0,0,[],10944,0,0,[]
2,2,"[[6450,10945],[7399,10945]]",0,0,[],2,0,[],0,0,0,0,0,[],10945,0,0,[]
2,2,"[[5816,10947],[7648,10947]]",0,0,[],2,0,[],0,0,0,0,0,[],10947,0,0,[]
2,2,"[[2967,10948],[6199,10948]]",0,0,[],2,0,[],0,0,0,0,0,[],10948,0,0,[]
1,1,"[[2785,10949]]",0,0,[],1,0,[],0,0,0,0,0,[],10949,0,0,[]
2,2,"[[1595,10950],[3679,10950]]",0,0,[],2,0,[],0,0,0,0,0,[],10950,0,0,[]
2,2,"[[1759,10951],[10951,12421]]",0,0,[],2,0,[],0,0,0,0,0,[],10951,0,0,[]
1,1,"[[8179,10953]]",0,0,[],1,0,[],0,0,0,0,0,[],10953,0,0,[]
1,1,"[[6518,10954]]",0,0,[],1,0,[],0,0,0,0,0,[],10954,0,0,[]
1,1,"[[9719,10955]]",0,0,[],1,0,[],0,0,0,0,0,[],10955,0,0,[]
2,2,"[[4939,10956],[7681,10956]]",0,0,[],2,0,[],0,0,0,0,0,[],10956,0,0,[]
2,2,"[[10552,10957],[10957,13270]]",0,0,[],2,0,[],0,0,0,0,0,[],10957,0,0,[]
2,2,"[[7794,10958],[10958,12146]]",0,0,[],2,0,[],0,0,0,0,0,[],10958,0,0,[]
1,1,"[[2865,10959]]",0,0,[],1,0,[],0,0,0,0,0,[],10959,0,0,[]
1,1,"[[10002,10961]]",0,0,[],1,0,[],0,0,0,0,0,[],10961,0,0,[]
2,2,"[[9717,10962],[10754,10962]]",0,0,[],2,0,[],0,0,0,0,0,[],10962,0,0,[]
1,1,"[[3777,10963]]",0,0,[],1,0,[],0,0,0,0,0,[],10963,0,0,[]
2,2,"[[6185,10964],[6407,10964]]",0,0,[],2,0,[],0,0,0,0,0,[],10964,0,0,[]
2,2,"[[4545,10967],[10054,10967]]",0,0,[],2,0,[],0,0,0,0,0,[],10967,0,0,[]
2,2,"[[2636,10968],[3865,10968]]",0,0,[],2,0,[],0,0,0,0,0,[],10968,0,0,[]
2,2,"[[10969,11558],[10969,13368]]",0,0,[],2,0,[],0,0,0,0,0,[],10969,0,0,[]
2,2,"[[4292,10971],[6137,10971]]",0,0,[],2,0,[],0,0,0,0,0,[],10971,0,0,[]
2,2,"[[4130,10972],[9981,10972]]",0,0,[],2,0,[],0,0,0,0,0,[],10972,0,0,[]
2,2,"[[8205,10973],[10546,10973]]",0,0,[],2,0,[],0,0,0,0,0,[],10973,0,0,[]
1,1,"[[7185,10974]]",0,0,[],1,0,[],0,0,0,0,0,[],10974,0,0,[]
2,2,"[[2454,10975],[3933,10975]]",0,0,[],2,0,[],0,0,0,0,0,[],10975,0,0,[]
2,2,"[[9592,10977],[10977,12200]]",0,0,[],2,0,[],0,0,0,0,0,[],10977,0,0,[]
2,2,"[[7247,10978],[10978,12321]]",0,0,[],2,0,[],0,0,0,0,0,[],10978,0,0,[]
2,2,"[[2070,10979],[5984,10979]]",0,0,[],2,0,[],0,0,0,0,0,[],10979,0,0,[]
1,1,"[[4918,10980]]",0,0,[],1,0,[],0,0,0,0,0,[],10980,0,0,[]
1,1,"[[8910,10981]]",0,0,[],1,0,[],0,0,0,0,0,[],10981,0,0,[]
2,2,"[[10788,10983],[10983,13362]]",0,0,[],2,0,[],0,0,0,0,0,[],10983,0,0,[]
1,1,"[[8887,10984]]",0,0,[],1,0,[],0,0,0,0,0,[],10984,0,0,[]
2,2,"[[9056,10985],[10537,10985]]",0,0,[],2,0,[],0,0,0,0,0,[],10985,0,0,[]
2,2,"[[6790,10986],[8625,10986]]",0,0,[],2,0,[],0,0,0,0,0,[],10986,0,0,[]
2,2,"[[3574,10988],[9832,10988]]",0,0,[],2,0,[],0,0,0,0,0,[],10988,0,0,[]
2,2,"[[9225,10989],[9731,10989]]",0,0,[],2,0,[],0,0,0,0,0,[],10989,0,0,[]
1,1,"[[1010,10990]]",0,0,[],1,0,[],0,0,0,0,0,[],10990,0,0,[]
1,1,"[[10991,12588]]",0,0,[],1,0,[],0,0,0,0,0,[],10991,0,0,[]
1,1,"[[10458,10993]]",0,0,[],1,0,[],0,0,0,0,0,[],10993,0,0,[]
2,2,"[[7662,10995],[9892,10995]]",0,0,[],2,0,[],0,0,0,0,0,[],10995,0,0,[]
2,2,"[[5009,10996],[9543,10996]]",0,0,[],2,0,[],0,0,0,0,0,[],10996,0,0,[]
1,1,"[[9139,10997]]",0,0,[],1,0,[],0,0,0,0,0,[],10997,0,0,[]
1,1,"[[2269,10998]]",0,0,[],1,0,[],0,0,0,0,0,[],10998,0,0,[]
1,1,"[[10999,12474]]",0,0,[],1,0,[],0,0,0,0,0,[],10999,0,0,[]
2,2,"[[3546,11000],[4330,11000]]",0,0,[],2,0,[],0,0,0,0,0,[],11000,0,0,[]
2,2,"[[11001,12075],[11001,12975]]",0,0,[],2,0,[],0,0,0,0,0,[],11001,0,0,[]
2,2,"[[9668,11002],[9701,11002]]",0,0,[],2,0,[],0,0,0,0,0,[],11002,0,0,[]
2,2,"[[7533,11004],[10609,11004]]",0,0,[],2,0,[],0,0,0,0,0,[],11004,0,0,[]
1,1,"[[9162,11005]]",0,0,[],1,0,[],0,0,0,0,0,[],11005,0,0,[]
1,1,"[[9668,11006]]",0,0,[],1,0,[],0,0,0,0,0,[],11006,0,0,[]
1,1,"[[7490,11007]]",0,0,[],1,0,[],0,0,0,0,0,[],11007,0,0,[]
1,1,"[[6566,11008]]",0,0,[],1,0,[],0,0,0,0,0,[],11008,0,0,[]
1,1,"[[9034,11011]]",0,0,[],1,0,[],0,0,0,0,0,[],11011,0,0,[]
2,2,"[[6650,11012],[8320,11012]]",0,0,[],2,0,[],0,0,0,0,0,[],11012,0,0,[]
1,1,"[[4025,11013]]",0,0,[],1,0,[],0,0,0,0,0,[],11013,0,0,[]
2,2,"[[7785,11015],[11015,12401]]",0,0,[],2,0,[],0,0,0,0,0,[],11015,0,0,[]
1,1,"[[8242,11017]]",0,0,[],1,0,[],0,0,0,0,0,[],11017,0,0,[]
2,2,"[[9165,11018],[11018,11945]]",0,0,[],2,0,[],0,0,0,0,0,[],11018,0,0,[]
2,2,"[[6077,11019],[8287,11019]]",0,0,[],2,0,[],0,0,0,0,0,[],11019,0,0,[]
2,2,"[[4637,11020],[10582,11020]]",0,0,[],2,0,[],0,0,0,0,0,[],11020,0,0,[]
1,1,"[[11021,13226]]",0,0,[],1,0,[],0,0,0,0,0,[],11021,0,0,[]
2,2,"[[10399,11022],[10861,11022]]",0,0,[],2,0,[],0,0,0,0,0,[],11022,0,0,[]
2,2,"[[10701,11023],[11023,12994]]",0,0,[],2,0,[],0,0,0,0,0,[],11023,0,0,[]
1,1,"[[4811,11026]]",0,0,[],1,0,[],0,0,0,0,0,[],11026,0,0,[]
2,2,"[[5953,11028],[9386,11028]]",0,0,[],2,0,[],0,0,0,0,0,[],11028,0,0,[]
2,2,"[[6964,11029],[8964,11029]]",0,0,[],2,0,[],0,0,0,0,0,[],11029,0,0,[]
2,2,"[[7991,11030],[11030,11413]]",0,0,[],2,0,[],0,0,0,0,0,[],11030,0,0,[]
2,2,"[[4267,11031],[11031,11495]]",0,0,[],2,0,[],0,0,0,0,0,[],11031,0,0,[]
1,1,"[[11032,11839]]",0,0,[],1,0,[],0,0,0,0,0,[],11032,0,0,[]
1,1,"[[4404,11033]]",0,0,[],1,0,[],0,0,0,0,0,[],11033,0,0,[]
2,2,"[[4256,11034],[11034,11546]]",0,0,[],2,0,[],0,0,0,0,0,[],11034,0,0,[]
2,2,"[[6321,11035],[9946,11035]]",0,0,[],2,0,[],0,0,0,0,0,[],11035,0,0,[]
2,2,"[[3933,11036],[10831,11036]]",0,0,[],2,0,[],0,0,0,0,0,[],11036,0,0,[]
1,1,"[[3838,11037]]",0,0,[],1,0,[],0,0,0,0,0,[],11037,0,0,[]
1,1,"[[10960,11038]]",0,0,[],1,0,[],0,0,0,0,0,[],11038,0,0,[]
2,2,"[[2795,11039],[3201,11039]]",0,0,[],2,0,[],0,0,0,0,0,[],11039,0,0,[]
2,2,"[[10577,11040],[11040,13166]]",0,0,[],2,0,[],0,0,0,0,0,[],11040,0,0,[]
2,2,"[[5442,11041],[6395,11041]]",0,0,[],2,0,[],0,0,0,0,0,[],11041,0,0,[]
1,1,"[[7719,11042]]",0,0,[],1,0,[],0,0,0,0,0,[],11042,0,0,[]
2,2,"[[7830,11043],[10132,11043]]",0,0,[],2,0,[],0,0,0,0,0,[],11043,0,0,[]
2,2,"[[2985,11044],[10391,11044]]",0,0,[],2,0,[],0,0,0,0,0,[],11044,0,0,[]
1,1,"[[11045,13105]]",0,0,[],1,0,[],0,0,0,0,0,[],11045,0,0,[]
2,2,"[[6080,11046],[6703,11046]]",0,0,[],2,0,[],0,0,0,0,0,[],11046,0,0,[]
2,2,"[[6849,11047],[8139,11047]]",0,0,[],2,0,[],0,0,0,0,0,[],11047,0,0,[]
2,2,"[[9026,11048],[11048,12147]]",0,0,[],2,0,[],0,0,0,0,0,[],11048,0,0,[]
2,2,"[[2370,11049],[3228,11049]]",0,0,[],2,0,[],0,0,0,0,0,[],11049,0,0,[]
2,2,"[[5385,11050],[5752,11050]]",0,0,[],2,0,[],0,0,0,0,0,[],11050,0,0,[]
2,2,"[[11051,11147],[11051,12456]]",0,0,[],2,0,[],0,0,0,0,0,[],11051,0,0,[]
1,1,"[[4774,11052]]",0,0,[],1,0,[],0,0,0,0,0,[],11052,0,0,[]
1,1,"[[11053,11711]]",0,0,[],1,0,[],0,0,0,0,0,[],11053,0,0,[]
2,2,"[[6598,11054],[11054,12081]]",0,0,[],2,0,[],0,0,0,0,0,[],11054,0,0,[]
2,2,"[[7319,11055],[10070,11055]]",0,0,[],2,0,[],0,0,0,0,0,[],11055,0,0,[]
2,2,"[[3839,11056],[5609,11056]]",0,0,[],2,0,[],0,0,0,0,0,[],11056,0,0,[]
1,1,"[[9042,11057]]",0,0,[],1,0,[],0,0,0,0,0,[],11057,0,0,[]
1,1,"[[11001,11058]]",0,0,[],1,0,[],0,0,0,0,0,[],11058,0,0,[]
2,2,"[[9425,11060],[9620,11060]]",0,0,[],2,0,[],0,0,0,0,0,[],11060,0,0,[]
1,1,"[[11061,11839]]",0,0,[],1,0,[],0,0,0,0,0,[],11061,0,0,[]
2,2,"[[10354,11062],[11062,13287]]",0,0,[],2,0,[],0,0,0,0,0,[],11062,0,0,[]
1,1,"[[11063,13263]]",0,0,[],1,0,[],0,0,0,0,0,[],11063,0,0,[]
2,2,"[[3157,11064],[7721,11064]]",0,0,[],2,0,[],0,0,0,0,0,[],11064,0,0,[]
2,2,"[[10196,11065],[11065,11139]]",0,0,[],2,0,[],0,0,0,0,0,[],11065,0,0,[]
1,1,"[[11066,12134]]",0,0,[],1,0,[],0,0,0,0,0,[],11066,0,0,[]
2,2,"[[8235,11067],[11067,12395]]",0,0,[],2,0,[],0,0,0,0,0,[],11067,0,0,[]
1,1,"[[9034,11068]]",0,0,[],1,0,[],0,0,0,0,0,[],11068,0,0,[]
2,2,"[[4241,11069],[11069,12407]]",0,0,[],2,0,[],0,0,0,0,0,[],11069,0,0,[]
2,2,"[[2960,11070],[5836,11070]]",0,0,[],2,0,[],0,0,0,0,0,[],11070,0,0,[]
1,1,"[[9420,11072]]",0,0,[],1,0,[],0,0,0,0,0,[],11072,0,0,[]
1,1,"[[11018,11073]]",0,0,[],1,0,[],0,0,0,0,0,[],11073,0,0,[]
2,2,"[[1628,11074],[8535,11074]]",0,0,[],2,0,[],0,0,0,0,0,[],11074,0,0,[]
2,2,"[[1588,11075],[10817,11075]]",0,0,[],2,0,[],0,0,0,0,0,[],11075,0,0,[]
2,2,"[[5539,11076],[8538,11076]]",0,0,[],2,0,[],0,0,0,0,0,[],11076,0,0,[]
1,1,"[[2794,11079]]",0,0,[],1,0,[],0,0,0,0,0,[],11079,0,0,[]
2,2,"[[9048,11080],[11080,11944]]",0,0,[],2,0,[],0,0,0,0,0,[],11080,0,0,[]
2,2,"[[6294,11081],[7826,11081]]",0,0,[],2,0,[],0,0,0,0,0,[],11081,0,0,[]
1,1,"[[11082,11183]]",0,0,[],1,0,[],0,0,0,0,0,[],11082,0,0,[]
1,1,"[[11083,12848]]",0,0,[],1,0,[],0,0,0,0,0,[],11083,0,0,[]
1,1,"[[11067,11084]]",0,0,[],1,0,[],0,0,0,0,0,[],11084,0,0,[]
2,2,"[[5063,11085],[5731,11085]]",0,0,[],2,0,[],0,0,0,0,0,[],11085,0,0,[]
2,2,"[[8953,11086],[11086,12063]]",0,0,[],2,0,[],0,0,0,0,0,[],11086,0,0,[]
2,2,"[[7290,11087],[10860,11087]]",0,0,[],2,0,[],0,0,0,0,0,[],11087,0,0,[]
1,1,"[[10834,11088]]",0,0,[],1,0,[],0,0,0,0,0,[],11088,0,0,[]
2,2,"[[9821,11089],[9889,11089]]",0,0,[],2,0,[],0,0,0,0,0,[],11089,0,0,[]
1,1,"[[10074,11090]]",0,0,[],1,0,[],0,0,0,0,0,[],11090,0,0,[]
1,1,"[[8808,11091]]",0,0,[],1,0,[],0,0,0,0,0,[],11091,0,0,[]
2,2,"[[4219,11092],[5402,11092]]",0,0,[],2,0,[],0,0,0,0,0,[],11092,0,0,[]
2,2,"[[11093,12237],[11093,13019]]",0,0,[],2,0,[],0,0,0,0,0,[],11093,0,0,[]
1,1,"[[10794,11094]]",0,0,[],1,0,[],0,0,0,0,0,[],11094,0,0,[]
1,1,"[[4593,11095]]",0,0,[],1,0,[],0,0,0,0,0,[],11095,0,0,[]
1,1,"[[3572,11096]]",0,0,[],1,0,[],0,0,0,0,0,[],11096,0,0,[]
2,2,"[[9813,11097],[9841,11097]]",0,0,[],2,0,[],0,0,0,0,0,[],11097,0,0,[]
1,1,"[[11098,11466]]",0,0,[],1,0,[],0,0,0,0,0,[],11098,0,0,[]
2,2,"[[11100,11113],[11100,13204]]",0,0,[],2,0,[],0,0,0,0,0,[],11100,0,0,[]
1,1,"[[9181,11101]]",0,0,[],1,0,[],0,0,0,0,0,[],11101,0,0,[]
1,1,"[[8371,11102]]",0,0,[],1,0,[],0,0,0,0,0,[],11102,0,0,[]
2,2,"[[5882,11103],[7212,11103]]",0,0,[],2,0,[],0,0,0,0,0,[],11103,0,0,[]
2,2,"[[9329,11104],[9652,11104]]",0,0,[],2,0,[],0,0,0,0,0,[],11104,0,0,[]
2,2,"[[7778,11106],[8377,11106]]",0,0,[],2,0,[],0,0,0,0,0,[],11106,0,0,[]
1,1,"[[10648,11107]]",0,0,[],1,0,[],0,0,0,0,0,[],11107,0,0,[]
2,2,"[[5249,11109],[7507,11109]]",0,0,[],2,0,[],0,0,0,0,0,[],11109,0,0,[]
2,2,"[[4130,11110],[7116,11110]]",0,0,[],2,0,[],0,0,0,0,0,[],11110,0,0,[]
2,2,"[[8759,11111],[11111,12533]]",0,0,[],2,0,[],0,0,0,0,0,[],11111,0,0,[]
2,2,"[[9788,11112],[10769,11112]]",0,0,[],2,0,[],0,0,0,0,0,[],11112,0,0,[]
1,1,"[[8612,11113]]",0,0,[],1,0,[],0,0,0,0,0,[],11113,0,0,[]
1,1,"[[11114,12273]]",0,0,[],1,0,[],0,0,0,0,0,[],11114,0,0,[]
1,1,"[[11115,12425]]",0,0,[],1,0,[],0,0,0,0,0,[],11115,0,0,[]
2,2,"[[10560,11116],[11116,11622]]",0,0,[],2,0,[],0,0,0,0,0,[],11116,0,0,[]
2,2,"[[8975,11117],[9815,11117]]",0,0,[],2,0,[],0,0,0,0,0,[],11117,0,0,[]
2,2,"[[8434,11118],[10633,11118]]",0,0,[],2,0,[],0,0,0,0,0,[],11118,0,0,[]
2,2,"[[11119,11194],[11119,12237]]",0,0,[],2,0,[],0,0,0,0,0,[],11119,0,0,[]
1,1,"[[11120,11793]]",0,0,[],1,0,[],0,0,0,0,0,[],11120,0,0,[]
2,2,"[[2348,11121],[6416,11121]]",0,0,[],2,0,[],0,0,0,0,0,[],11121,0,0,[]
1,1,"[[8016,11122]]",0,0,[],1,0,[],0,0,0,0,0,[],11122,0,0,[]
2,2,"[[7600,11124],[10753,11124]]",0,0,[],2,0,[],0,0,0,0,0,[],11124,0,0,[]
1,1,"[[5527,11126]]",0,0,[],1,0,[],0,0,0,0,0,[],11126,0,0,[]
1,1,"[[11127,11198]]",0,0,[],1,0,[],0,0,0,0,0,[],11127,0,0,[]
1,1,"[[756,11128]]",0,0,[],1,0,[],0,0,0,0,0,[],11128,0,0,[]
1,1,"[[6655,11129]]",0,0,[],1,0,[],0,0,0,0,0,[],11129,0,0,[]
2,2,"[[7781,11130],[8868,11130]]",0,0,[],2,0,[],0,0,0,0,0,[],11130,0,0,[]
1,1,"[[10742,11131]]",0,0,[],1,0,[],0,0,0,0,0,[],11131,0,0,[]
2,2,"[[3360,11132],[11132,12508]]",0,0,[],2,0,[],0,0,0,0,0,[],11132,0,0,[]
1,1,"[[10153,11133]]",0,0,[],1,0,[],0,0,0,0,0,[],11133,0,0,[]
2,2,"[[8449,11134],[9652,11134]]",0,0,[],2,0,[],0,0,0,0,0,[],11134,0,0,[]
2,2,"[[9696,11135],[10465,11135]]",0,0,[],2,0,[],0,0,0,0,0,[],11135,0,0,[]
1,1,"[[5516,11136]]",0,0,[],1,0,[],0,0,0,0,0,[],11136,0,0,[]
1,1,"[[7137,11137]]",0,0,[],1,0,[],0,0,0,0,0,[],11137,0,0,[]
2,2,"[[2278,11138],[3097,11138]]",0,0,[],2,0,[],0,0,0,0,0,[],11138,0,0,[]
1,1,"[[8810,11139]]",0,0,[],1,0,[],0,0,0,0,0,[],11139,0,0,[]
1,1,"[[10926,11140]]",0,0,[],1,0,[],0,0,0,0,0,[],11140,0,0,[]
2,2,"[[5148,11141],[5312,11141]]",0,0,[],2,0,[],0,0,0,0,0,[],11141,0,0,[]
2,2,"[[3588,11142],[4062,11142]]",0,0,[],2,0,[],0,0,0,0,0,[],11142,0,0,[]
2,2,"[[11145,11159],[11145,11598]]",0,0,[],2,0,[],0,0,0,0,0,[],11145,0,0,[]
2,2,"[[11062,11146],[11146,13016]]",0,0,[],2,0,[],0,0,0,0,0,[],11146,0,0,[]
1,1,"[[7935,11148]]",0,0,[],1,0,[],0,0,0,0,0,[],11148,0,0,[]
1,1,"[[8259,11149]]",0,0,[],1,0,[],0,0,0,0,0,[],11149,0,0,[]
2,2,"[[3571,11150],[4510,11150]]",0,0,[],2,0,[],0,0,0,0,0,[],11150,0,0,[]
2,2,"[[7315,11151],[11151,11401]]",0,0,[],2,0,[],0,0,0,0,0,[],11151,0,0,[]
2,2,"[[1278,11152],[11152,13120]]",0,0,[],2,0,[],0,0,0,0,0,[],11152,0,0,[]
2,2,"[[6752,11153],[9511,11153]]",0,0,[],2,0,[],0,0,0,0,0,[],11153,0,0,[]
2,2,"[[826,11154],[9585,11154]]",0,0,[],2,0,[],0,0,0,0,0,[],11154,0,0,[]
1,1,"[[8920,11155]]",0,0,[],1,0,[],0,0,0,0,0,[],11155,0,0,[]
2,2,"[[7715,11156],[7973,11156]]",0,0,[],2,0,[],0,0,0,0,0,[],11156,0,0,[]
2,2,"[[7269,11158],[9682,11158]]",0,0,[],2,0,[],0,0,0,0,0,[],11158,0,0,[]
1,1,"[[10390,11159]]",0,0,[],1,0,[],0,0,0,0,0,[],11159,0,0,[]
2,2,"[[9079,11160],[11160,11671]]",0,0,[],2,0,[],0,0,0,0,0,[],11160,0,0,[]
1,1,"[[8263,11161]]",0,0,[],1,0,[],0,0,0,0,0,[],11161,0,0,[]
1,1,"[[7042,11162]]",0,0,[],1,0,[],0,0,0,0,0,[],11162,0,0,[]
2,2,"[[10513,11163],[11163,11726]]",0,0,[],2,0,[],0,0,0,0,0,[],11163,0,0,[]
1,1,"[[11164,11229]]",0,0,[],1,0,[],0,0,0,0,0,[],11164,0,0,[]
2,2,"[[6244,11165],[10098,11165]]",0,0,[],2,0,[],0,0,0,0,0,[],11165,0,0,[]
2,2,"[[10381,11166],[10723,11166]]",0,0,[],2,0,[],0,0,0,0,0,[],11166,0,0,[]
1,1,"[[8244,11167]]",0,0,[],1,0,[],0,0,0,0,0,[],11167,0,0,[]
2,2,"[[2022,11168],[6080,11168]]",0,0,[],2,0,[],0,0,0,0,0,[],11168,0,0,[]
2,2,"[[3101,11169],[5457,11169]]",0,0,[],2,0,[],0,0,0,0,0,[],11169,0,0,[]
1,1,"[[11170,12315]]",0,0,[],1,0,[],0,0,0,0,0,[],11170,0,0,[]
1,1,"[[864,11171]]",0,0,[],1,0,[],0,0,0,0,0,[],11171,0,0,[]
2,2,"[[4809,11172],[9643,11172]]",0,0,[],2,0,[],0,0,0,0,0,[],11172,0,0,[]
2,2,"[[9867,11174],[11174,12667]]",0,0,[],2,0,[],0,0,0,0,0,[],11174,0,0,[]
2,2,"[[5452,11176],[9045,11176]]",0,0,[],2,0,[],0,0,0,0,0,[],11176,0,0,[]
1,1,"[[10164,11177]]",0,0,[],1,0,[],0,0,0,0,0,[],11177,0,0,[]
1,1,"[[10648,11178]]",0,0,[],1,0,[],0,0,0,0,0,[],11178,0,0,[]
2,2,"[[4539,11179],[10778,11179]]",0,0,[],2,0,[],0,0,0,0,0,[],11179,0,0,[]
1,1,"[[11180,12919]]",0,0,[],1,0,[],0,0,0,0,0,[],11180,0,0,[]
2,2,"[[6794,11181],[11181,12072]]",0,0,[],2,0,[],0,0,0,0,0,[],11181,0,0,[]
2,2,"[[11182,11261],[11182,11539]]",0,0,[],2,0,[],0,0,0,0,0,[],11182,0,0,[]
1,1,"[[3284,11183]]",0,0,[],1,0,[],0,0,0,0,0,[],11183,0,0,[]
2,2,"[[7984,11186],[11186,11478]]",0,0,[],2,0,[],0,0,0,0,0,[],11186,0,0,[]
1,1,"[[10507,11187]]",0,0,[],1,0,[],0,0,0,0,0,[],11187,0,0,[]
2,2,"[[11188,12229],[11188,13493]]",0,0,[],2,0,[],0,0,0,0,0,[],11188,0,0,[]
1,1,"[[11189,11433]]",0,0,[],1,0,[],0,0,0,0,0,[],11189,0,0,[]
1,1,"[[771,11190]]",0,0,[],1,0,[],0,0,0,0,0,[],11190,0,0,[]
2,2,"[[4913,11192],[9414,11192]]",0,0,[],2,0,[],0,0,0,0,0,[],11192,0,0,[]
2,2,"[[11193,11527],[11193,12628]]",0,0,[],2,0,[],0,0,0,0,0,[],11193,0,0,[]
1,1,"[[8618,11194]]",0,0,[],1,0,[],0,0,0,0,0,[],11194,0,0,[]
1,1,"[[8360,11195]]",0,0,[],1,0,[],0,0,0,0,0,[],11195,0,0,[]
1,1,"[[8789,11196]]",0,0,[],1,0,[],0,0,0,0,0,[],11196,0,0,[]
2,2,"[[4637,11197],[11197,12780]]",0,0,[],2,0,[],0,0,0,0,0,[],11197,0,0,[]
1,1,"[[8105,11198]]",0,0,[],1,0,[],0,0,0,0,0,[],11198,0,0,[]
1,1,"[[8462,11199]]",0,0,[],1,0,[],0,0,0,0,0,[],11199,0,0,[]
1,1,"[[11201,11904]]",0,0,[],1,0,[],0,0,0,0,0,[],11201,0,0,[]
1,1,"[[10107,11203]]",0,0,[],1,0,[],0,0,0,0,0,[],11203,0,0,[]
2,2,"[[6200,11204],[11204,12943]]",0,0,[],2,0,[],0,0,0,0,0,[],11204,0,0,[]
1,1,"[[4866,11205]]",0,0,[],1,0,[],0,0,0,0,0,[],11205,0,0,[]
2,2,"[[4192,11206],[8482,11206]]",0,0,[],2,0,[],0,0,0,0,0,[],11206,0,0,[]
1,1,"[[3034,11207]]",0,0,[],1,0,[],0,0,0,0,0,[],11207,0,0,[]
1,1,"[[5920,11208]]",0,0,[],1,0,[],0,0,0,0,0,[],11208,0,0,[]
1,1,"[[6174,11209]]",0,0,[],1,0,[],0,0,0,0,0,[],11209,0,0,[]
2,2,"[[5286,11210],[8341,11210]]",0,0,[],2,0,[],0,0,0,0,0,[],11210,0,0,[]
1,1,"[[9698,11211]]",0,0,[],1,0,[],0,0,0,0,0,[],11211,0,0,[]
2,2,"[[9777,11212],[9804,11212]]",0,0,[],2,0,[],0,0,0,0,0,[],11212,0,0,[]
1,1,"[[11214,12330]]",0,0,[],1,0,[],0,0,0,0,0,[],11214,0,0,[]
1,1,"[[9949,11215]]",0,0,[],1,0,[],0,0,0,0,0,[],11215,0,0,[]
1,1,"[[9232,11216]]",0,0,[],1,0,[],0,0,0,0,0,[],11216,0,0,[]
2,2,"[[7050,11217],[10706,11217]]",0,0,[],2,0,[],0,0,0,0,0,[],11217,0,0,[]
2,2,"[[8863,11218],[11218,13669]]",0,0,[],2,0,[],0,0,0,0,0,[],11218,0,0,[]
2,2,"[[6815,11219],[11219,12741]]",0,0,[],2,0,[],0,0,0,0,0,[],11219,0,0,[]
1,1,"[[9631,11220]]",0,0,[],1,0,[],0,0,0,0,0,[],11220,0,0,[]
1,1,"[[4011,11221]]",0,0,[],1,0,[],0,0,0,0,0,[],11221,0,0,[]
2,2,"[[6342,11222],[9433,11222]]",0,0,[],2,0,[],0,0,0,0,0,[],11222,0,0,[]
1,1,"[[11223,12566]]",0,0,[],1,0,[],0,0,0,0,0,[],11223,0,0,[]
2,2,"[[4437,11225],[6924,11225]]",0,0,[],2,0,[],0,0,0,0,0,[],11225,0,0,[]
2,2,"[[5890,11226],[10635,11226]]",0,0,[],2,0,[],0,0,0,0,0,[],11226,0,0,[]
1,1,"[[6636,11227]]",0,0,[],1,0,[],0,0,0,0,0,[],11227,0,0,[]
2,2,"[[2505,11228],[11228,12999]]",0,0,[],2,0,[],0,0,0,0,0,[],11228,0,0,[]
1,1,"[[3344,11229]]",0,0,[],1,0,[],0,0,0,0,0,[],11229,0,0,[]
1,1,"[[5575,11230]]",0,0,[],1,0,[],0,0,0,0,0,[],11230,0,0,[]
1,1,"[[11231,13566]]",0,0,[],1,0,[],0,0,0,0,0,[],11231,0,0,[]
1,1,"[[7811,11232]]",0,0,[],1,0,[],0,0,0,0,0,[],11232,0,0,[]
1,1,"[[7681,11233]]",0,0,[],1,0,[],0,0,0,0,0,[],11233,0,0,[]
1,1,"[[11234,13006]]",0,0,[],1,0,[],0,0,0,0,0,[],11234,0,0,[]
2,2,"[[11170,11235],[11235,12276]]",0,0,[],2,0,[],0,0,0,0,0,[],11235,0,0,[]
2,2,"[[632,11236],[2543,11236]]",0,0,[],2,0,[],0,0,0,0,0,[],11236,0,0,[]
2,2,"[[3760,11237],[11237,11261]]",0,0,[],2,0,[],0,0,0,0,0,[],11237,0,0,[]
1,1,"[[3642,11238]]",0,0,[],1,0,[],0,0,0,0,0,[],11238,0,0,[]
2,2,"[[11239,11961],[11239,13666]]",0,0,[],2,0,[],0,0,0,0,0,[],11239,0,0,[]
2,2,"[[6706,11240],[8726,11240]]",0,0,[],2,0,[],0,0,0,0,0,[],11240,0,0,[]
2,2,"[[6480,11241],[9314,11241]]",0,0,[],2,0,[],0,0,0,0,0,[],11241,0,0,[]
2,2,"[[2794,11242],[8225,11242]]",0,0,[],2,0,[],0,0,0,0,0,[],11242,0,0,[]
2,2,"[[6468,11243],[8793,11243]]",0,0,[],2,0,[],0,0,0,0,0,[],11243,0,0,[]
1,1,"[[11244,12635]]",0,0,[],1,0,[],0,0,0,0,0,[],11244,0,0,[]
1,1,"[[8003,11245]]",0,0,[],1,0,[],0,0,0,0,0,[],11245,0,0,[]
2,2,"[[4702,11246],[10913,11246]]",0,0,[],2,0,[],0,0,0,0,0,[],11246,0,0,[]
2,2,"[[9501,11247],[11109,11247]]",0,0,[],2,0,[],0,0,0,0,0,[],11247,0,0,[]
2,2,"[[1031,11248],[3912,11248]]",0,0,[],2,0,[],0,0,0,0,0,[],11248,0,0,[]
1,1,"[[5147,11250]]",0,0,[],1,0,[],0,0,0,0,0,[],11250,0,0,[]
1,1,"[[10784,11251]]",0,0,[],1,0,[],0,0,0,0,0,[],11251,0,0,[]
1,1,"[[11252,13249]]",0,0,[],1,0,[],0,0,0,0,0,[],11252,0,0,[]
1,1,"[[5372,11253]]",0,0,[],1,0,[],0,0,0,0,0,[],11253,0,0,[]
2,2,"[[11254,11558],[11254,13167]]",0,0,[],2,0,[],0,0,0,0,0,[],11254,0,0,[]
2,2,"[[9942,11256],[10904,11256]]",0,0,[],2,0,[],0,0,0,0,0,[],11256,0,0,[]
2,2,"[[11257,11489],[11257,11940]]",0,0,[],2,0,[],0,0,0,0,0,[],11257,0,0,[]
1,1,"[[7416,11259]]",0,0,[],1,0,[],0,0,0,0,0,[],11259,0,0,[]
2,2,"[[9507,11260],[11260,12525]]",0,0,[],2,0,[],0,0,0,0,0,[],11260,0,0,[]
1,1,"[[3425,11261]]",0,0,[],1,0,[],0,0,0,0,0,[],11261,0,0,[]
2,2,"[[7940,11262],[11262,11343]]",0,0,[],2,0,[],0,0,0,0,0,[],11262,0,0,[]
2,2,"[[9906,11263],[11263,13340]]",0,0,[],2,0,[],0,0,0,0,0,[],11263,0,0,[]
1,1,"[[11264,12129]]",0,0,[],1,0,[],0,0,0,0,0,[],11264,0,0,[]
1,1,"[[11265,13358]]",0,0,[],1,0,[],0,0,0,0,0,[],11265,0,0,[]
2,2,"[[10153,11266],[11133,11266]]",0,0,[],2,0,[],0,0,0,0,0,[],11266,0,0,[]
1,1,"[[9360,11268]]",0,0,[],1,0,[],0,0,0,0,0,[],11268,0,0,[]
1,1,"[[10568,11269]]",0,0,[],1,0,[],0,0,0,0,0,[],11269,0,0,[]
1,1,"[[9215,11271]]",0,0,[],1,0,[],0,0,0,0,0,[],11271,0,0,[]
1,1,"[[11252,11272]]",0,0,[],1,0,[],0,0,0,0,0,[],11272,0,0,[]
2,2,"[[8877,11273],[11273,12260]]",0,0,[],2,0,[],0,0,0,0,0,[],11273,0,0,[]
2,2,"[[1928,11274],[5606,11274]]",0,0,[],2,0,[],0,0,0,0,0,[],11274,0,0,[]
1,1,"[[7811,11275]]",0,0,[],1,0,[],0,0,0,0,0,[],11275,0,0,[]
1,1,"[[9523,11276]]",0,0,[],1,0,[],0,0,0,0,0,[],11276,0,0,[]
2,2,"[[11277,11841],[11277,12546]]",0,0,[],2,0,[],0,0,0,0,0,[],11277,0,0,[]
2,2,"[[6408,11278],[8618,11278]]",0,0,[],2,0,[],0,0,0,0,0,[],11278,0,0,[]
1,1,"[[4277,11280]]",0,0,[],1,0,[],0,0,0,0,0,[],11280,0,0,[]
1,1,"[[11281,11376]]",0,0,[],1,0,[],0,0,0,0,0,[],11281,0,0,[]
1,1,"[[11283,12426]]",0,0,[],1,0,[],0,0,0,0,0,[],11283,0,0,[]
2,2,"[[10485,11284],[11284,11637]]",0,0,[],2,0,[],0,0,0,0,0,[],11284,0,0,[]
2,2,"[[6137,11285],[7637,11285]]",0,0,[],2,0,[],0,0,0,0,0,[],11285,0,0,[]
2,2,"[[8803,11286],[10305,11286]]",0,0,[],2,0,[],0,0,0,0,0,[],11286,0,0,[]
1,1,"[[11287,13577]]",0,0,[],1,0,[],0,0,0,0,0,[],11287,0,0,[]
1,1,"[[7351,11288]]",0,0,[],1,0,[],0,0,0,0,0,[],11288,0,0,[]
1,1,"[[11289,11719]]",0,0,[],1,0,[],0,0,0,0,0,[],11289,0,0,[]
1,1,"[[4004,11290]]",0,0,[],1,0,[],0,0,0,0,0,[],11290,0,0,[]
2,2,"[[8617,11291],[11291,13101]]",0,0,[],2,0,[],0,0,0,0,0,[],11291,0,0,[]
2,2,"[[3780,11292],[9135,11292]]",0,0,[],2,0,[],0,0,0,0,0,[],11292,0,0,[]
1,1,"[[9330,11293]]",0,0,[],1,0,[],0,0,0,0,0,[],11293,0,0,[]
2,2,"[[1653,11294],[11294,12362]]",0,0,[],2,0,[],0,0,0,0,0,[],11294,0,0,[]
1,1,"[[3969,11295]]",0,0,[],1,0,[],0,0,0,0,0,[],11295,0,0,[]
2,2,"[[8743,11296],[10065,11296]]",0,0,[],2,0,[],0,0,0,0,0,[],11296,0,0,[]
1,1,"[[9347,11297]]",0,0,[],1,0,[],0,0,0,0,0,[],11297,0,0,[]
2,2,"[[11298,11347],[11298,12658]]",0,0,[],2,0,[],0,0,0,0,0,[],11298,0,0,[]
1,1,"[[9328,11299]]",0,0,[],1,0,[],0,0,0,0,0,[],11299,0,0,[]
2,2,"[[3404,11300],[8194,11300]]",0,0,[],2,0,[],0,0,0,0,0,[],11300,0,0,[]
2,2,"[[2307,11302],[9172,11302]]",0,0,[],2,0,[],0,0,0,0,0,[],11302,0,0,[]
2,2,"[[10435,11303],[11303,12786]]",0,0,[],2,0,[],0,0,0,0,0,[],11303,0,0,[]
1,1,"[[9037,11304]]",0,0,[],1,0,[],0,0,0,0,0,[],11304,0,0,[]
2,2,"[[9746,11305],[11222,11305]]",0,0,[],2,0,[],0,0,0,0,0,[],11305,0,0,[]
2,2,"[[6975,11306],[7975,11306]]",0,0,[],2,0,[],0,0,0,0,0,[],11306,0,0,[]
2,2,"[[7837,11307],[11307,11352]]",0,0,[],2,0,[],0,0,0,0,0,[],11307,0,0,[]
1,1,"[[3481,11308]]",0,0,[],1,0,[],0,0,0,0,0,[],11308,0,0,[]
2,2,"[[2981,11309],[10590,11309]]",0,0,[],2,0,[],0,0,0,0,0,[],11309,0,0,[]
2,2,"[[1345,11310],[3573,11310]]",0,0,[],2,0,[],0,0,0,0,0,[],11310,0,0,[]
2,2,"[[5591,11311],[9450,11311]]",0,0,[],2,0,[],0,0,0,0,0,[],11311,0,0,[]
1,1,"[[8757,11312]]",0,0,[],1,0,[],0,0,0,0,0,[],11312,0,0,[]
2,2,"[[5198,11313],[6558,11313]]",0,0,[],2,0,[],0,0,0,0,0,[],11313,0,0,[]
2,2,"[[5176,11314],[7033,11314]]",0,0,[],2,0,[],0,0,0,0,0,[],11314,0,0,[]
1,1,"[[6098,11315]]",0,0,[],1,0,[],0,0,0,0,0,[],11315,0,0,[]
1,1,"[[5752,11316]]",0,0,[],1,0,[],0,0,0,0,0,[],11316,0,0,[]
2,2,"[[6989,11317],[8715,11317]]",0,0,[],2,0,[],0,0,0,0,0,[],11317,0,0,[]
2,2,"[[8259,11318],[10636,11318]]",0,0,[],2,0,[],0,0,0,0,0,[],11318,0,0,[]
1,1,"[[11319,11840]]",0,0,[],1,0,[],0,0,0,0,0,[],11319,0,0,[]
2,2,"[[3493,11320],[8173,11320]]",0,0,[],2,0,[],0,0,0,0,0,[],11320,0,0,[]
2,2,"[[6989,11321],[11321,12539]]",0,0,[],2,0,[],0,0,0,0,0,[],11321,0,0,[]
1,1,"[[3631,11322]]",0,0,[],1,0,[],0,0,0,0,0,[],11322,0,0,[]
1,1,"[[11323,12009]]",0,0,[],1,0,[],0,0,0,0,0,[],11323,0,0,[]
2,2,"[[7178,11324],[8615,11324]]",0,0,[],2,0,[],0,0,0,0,0,[],11324,0,0,[]
1,1,"[[10227,11325]]",0,0,[],1,0,[],0,0,0,0,0,[],11325,0,0,[]
1,1,"[[4242,11327]]",0,0,[],1,0,[],0,0,0,0,0,[],11327,0,0,[]
2,2,"[[6752,11329],[8081,11329]]",0,0,[],2,0,[],0,0,0,0,0,[],11329,0,0,[]
2,2,"[[7821,11330],[10057,11330]]",0,0,[],2,0,[],0,0,0,0,0,[],11330,0,0,[]
1,1,"[[11331,11365]]",0,0,[],1,0,[],0,0,0,0,0,[],11331,0,0,[]
2,2,"[[9260,11332],[11332,12747]]",0,0,[],2,0,[],0,0,0,0,0,[],11332,0,0,[]
1,1,"[[11333,11892]]",0,0,[],1,0,[],0,0,0,0,0,[],11333,0,0,[]
1,1,"[[5042,11334]]",0,0,[],1,0,[],0,0,0,0,0,[],11334,0,0,[]
2,2,"[[9379,11335],[11335,12498]]",0,0,[],2,0,[],0,0,0,0,0,[],11335,0,0,[]
2,2,"[[6500,11336],[9953,11336]]",0,0,[],2,0,[],0,0,0,0,0,[],11336,0,0,[]
1,1,"[[8757,11337]]",0,0,[],1,0,[],0,0,0,0,0,[],11337,0,0,[]
2,2,"[[11193,11338],[11338,12532]]",0,0,[],2,0,[],0,0,0,0,0,[],11338,0,0,[]
1,1,"[[11339,12955]]",0,0,[],1,0,[],0,0,0,0,0,[],11339,0,0,[]
2,2,"[[9925,11340],[11340,13522]]",0,0,[],2,0,[],0,0,0,0,0,[],11340,0,0,[]
1,1,"[[11341,13509]]",0,0,[],1,0,[],0,0,0,0,0,[],11341,0,0,[]
1,1,"[[7307,11342]]",0,0,[],1,0,[],0,0,0,0,0,[],11342,0,0,[]
1,1,"[[10491,11344]]",0,0,[],1,0,[],0,0,0,0,0,[],11344,0,0,[]
1,1,"[[11156,11345]]",0,0,[],1,0,[],0,0,0,0,0,[],11345,0,0,[]
1,1,"[[6898,11346]]",0,0,[],1,0,[],0,0,0,0,0,[],11346,0,0,[]
2,2,"[[8918,11351],[11351,11648]]",0,0,[],2,0,[],0,0,0,0,0,[],11351,0,0,[]
1,1,"[[11352,13290]]",0,0,[],1,0,[],0,0,0,0,0,[],11352,0,0,[]
1,1,"[[7209,11353]]",0,0,[],1,0,[],0,0,0,0,0,[],11353,0,0,[]
2,2,"[[7733,11355],[11355,12316]]",0,0,[],2,0,[],0,0,0,0,0,[],11355,0,0,[]
1,1,"[[4771,11356]]",0,0,[],1,0,[],0,0,0,0,0,[],11356,0,0,[]
2,2,"[[8792,11357],[9749,11357]]",0,0,[],2,0,[],0,0,0,0,0,[],11357,0,0,[]
1,1,"[[11358,12657]]",0,0,[],1,0,[],0,0,0,0,0,[],11358,0,0,[]
2,2,"[[5762,11359],[7671,11359]]",0,0,[],2,0,[],0,0,0,0,0,[],11359,0,0,[]
2,2,"[[2029,11360],[7684,11360]]",0,0,[],2,0,[],0,0,0,0,0,[],11360,0,0,[]
1,1,"[[5836,11361]]",0,0,[],1,0,[],0,0,0,0,0,[],11361,0,0,[]
2,2,"[[9494,11363],[10883,11363]]",0,0,[],2,0,[],0,0,0,0,0,[],11363,0,0,[]
2,2,"[[11364,12608],[11364,12619]]",0,0,[],2,0,[],0,0,0,0,0,[],11364,0,0,[]
2,2,"[[6666,11365],[11008,11365]]",0,0,[],2,0,[],0,0,0,0,0,[],11365,0,0,[]
2,2,"[[5029,11366],[6647,11366]]",0,0,[],2,0,[],0,0,0,0,0,[],11366,0,0,[]
2,2,"[[3633,11367],[4719,11367]]",0,0,[],2,0,[],0,0,0,0,0,[],11367,0,0,[]
1,1,"[[9981,11368]]",0,0,[],1,0,[],0,0,0,0,0,[],11368,0,0,[]
2,2,"[[4907,11369],[11217,11369]]",0,0,[],2,0,[],0,0,0,0,0,[],11369,0,0,[]
1,1,"[[9720,11370]]",0,0,[],1,0,[],0,0,0,0,0,[],11370,0,0,[]
1,1,"[[8606,11371]]",0,0,[],1,0,[],0,0,0,0,0,[],11371,0,0,[]
1,1,"[[11373,12229]]",0,0,[],1,0,[],0,0,0,0,0,[],11373,0,0,[]
1,1,"[[9327,11374]]",0,0,[],1,0,[],0,0,0,0,0,[],11374,0,0,[]
2,2,"[[10697,11376],[11063,11376]]",0,0,[],2,0,[],0,0,0,0,0,[],11376,0,0,[]
1,1,"[[5317,11378]]",0,0,[],1,0,[],0,0,0,0,0,[],11378,0,0,[]
2,2,"[[11379,12804],[11379,13372]]",0,0,[],2,0,[],0,0,0,0,0,[],11379,0,0,[]
1,1,"[[9349,11380]]",0,0,[],1,0,[],0,0,0,0,0,[],11380,0,0,[]
1,1,"[[11382,12735]]",0,0,[],1,0,[],0,0,0,0,0,[],11382,0,0,[]
1,1,"[[7689,11383]]",0,0,[],1,0,[],0,0,0,0,0,[],11383,0,0,[]
2,2,"[[4817,11384],[11143,11384]]",0,0,[],2,0,[],0,0,0,0,0,[],11384,0,0,[]
1,1,"[[3349,11385]]",0,0,[],1,0,[],0,0,0,0,0,[],11385,0,0,[]
1,1,"[[11386,11664]]",0,0,[],1,0,[],0,0,0,0,0,[],11386,0,0,[]
1,1,"[[3395,11387]]",0,0,[],1,0,[],0,0,0,0,0,[],11387,0,0,[]
1,1,"[[10131,11388]]",0,0,[],1,0,[],0,0,0,0,0,[],11388,0,0,[]
2,2,"[[10002,11389],[11389,12991]]",0,0,[],2,0,[],0,0,0,0,0,[],11389,0,0,[]
2,2,"[[4963,11391],[11391,11649]]",0,0,[],2,0,[],0,0,0,0,0,[],11391,0,0,[]
1,1,"[[3679,11392]]",0,0,[],1,0,[],0,0,0,0,0,[],11392,0,0,[]
2,2,"[[10618,11393],[11393,12352]]",0,0,[],2,0,[],0,0,0,0,0,[],11393,0,0,[]
2,2,"[[10681,11394],[11180,11394]]",0,0,[],2,0,[],0,0,0,0,0,[],11394,0,0,[]
1,1,"[[6858,11395]]",0,0,[],1,0,[],0,0,0,0,0,[],11395,0,0,[]
2,2,"[[6939,11396],[10779,11396]]",0,0,[],2,0,[],0,0,0,0,0,[],11396,0,0,[]
1,1,"[[11397,11444]]",0,0,[],1,0,[],0,0,0,0,0,[],11397,0,0,[]
2,2,"[[8112,11398],[9318,11398]]",0,0,[],2,0,[],0,0,0,0,0,[],11398,0,0,[]
2,2,"[[6792,11399],[7923,11399]]",0,0,[],2,0,[],0,0,0,0,0,[],11399,0,0,[]
2,2,"[[1236,11400],[6672,11400]]",0,0,[],2,0,[],0,0,0,0,0,[],11400,0,0,[]
1,1,"[[7937,11401]]",0,0,[],1,0,[],0,0,0,0,0,[],11401,0,0,[]
2,2,"[[9519,11402],[10963,11402]]",0,0,[],2,0,[],0,0,0,0,0,[],11402,0,0,[]
2,2,"[[8282,11403],[9563,11403]]",0,0,[],2,0,[],0,0,0,0,0,[],11403,0,0,[]
1,1,"[[7719,11404]]",0,0,[],1,0,[],0,0,0,0,0,[],11404,0,0,[]
1,1,"[[8386,11405]]",0,0,[],1,0,[],0,0,0,0,0,[],11405,0,0,[]
2,2,"[[7246,11406],[11406,12627]]",0,0,[],2,0,[],0,0,0,0,0,[],11406,0,0,[]
2,2,"[[7896,11407],[8333,11407]]",0,0,[],2,0,[],0,0,0,0,0,[],11407,0,0,[]
1,1,"[[8094,11408]]",0,0,[],1,0,[],0,0,0,0,0,[],11408,0,0,[]
1,1,"[[1814,11409]]",0,0,[],1,0,[],0,0,0,0,0,[],11409,0,0,[]
1,1,"[[7322,11410]]",0,0,[],1,0,[],0,0,0,0,0,[],11410,0,0,[]
2,2,"[[9488,11411],[11411,12005]]",0,0,[],2,0,[],0,0,0,0,0,[],11411,0,0,[]
2,2,"[[10359,11412],[11412,11631]]",0,0,[],2,0,[],0,0,0,0,0,[],11412,0,0,[]
1,1,"[[9725,11415]]",0,0,[],1,0,[],0,0,0,0,0,[],11415,0,0,[]
2,2,"[[11135,11416],[11416,12474]]",0,0,[],2,0,[],0,0,0,0,0,[],11416,0,0,[]
2,2,"[[3879,11417],[10668,11417]]",0,0,[],2,0,[],0,0,0,0,0,[],11417,0,0,[]
2,2,"[[5819,11418],[10367,11418]]",0,0,[],2,0,[],0,0,0,0,0,[],11418,0,0,[]
2,2,"[[11421,12373],[11421,12443]]",0,0,[],2,0,[],0,0,0,0,0,[],11421,0,0,[]
2,2,"[[8333,11422],[11422,13468]]",0,0,[],2,0,[],0,0,0,0,0,[],11422,0,0,[]
2,2,"[[2932,11423],[11423,11658]]",0,0,[],2,0,[],0,0,0,0,0,[],11423,0,0,[]
1,1,"[[9759,11424]]",0,0,[],1,0,[],0,0,0,0,0,[],11424,0,0,[]
1,1,"[[11425,13147]]",0,0,[],1,0,[],0,0,0,0,0,[],11425,0,0,[]
2,2,"[[6676,11426],[8871,11426]]",0,0,[],2,0,[],0,0,0,0,0,[],11426,0,0,[]
2,2,"[[4099,11427],[8516,11427]]",0,0,[],2,0,[],0,0,0,0,0,[],11427,0,0,[]
2,2,"[[1583,11428],[11428,12060]]",0,0,[],2,0,[],0,0,0,0,0,[],11428,0,0,[]
2,2,"[[3893,11429],[4201,11429]]",0,0,[],2,0,[],0,0,0,0,0,[],11429,0,0,[]
2,2,"[[6090,11430],[7246,11430]]",0,0,[],2,0,[],0,0,0,0,0,[],11430,0,0,[]
2,2,"[[4201,11431],[11431,12533]]",0,0,[],2,0,[],0,0,0,0,0,[],11431,0,0,[]
2,2,"[[8001,11432],[9286,11432]]",0,0,[],2,0,[],0,0,0,0,0,[],11432,0,0,[]
2,2,"[[5474,11433],[11433,11989]]",0,0,[],2,0,[],0,0,0,0,0,[],11433,0,0,[]
1,1,"[[11434,12495]]",0,0,[],1,0,[],0,0,0,0,0,[],11434,0,0,[]
1,1,"[[11435,13097]]",0,0,[],1,0,[],0,0,0,0,0,[],11435,0,0,[]
2,2,"[[11436,12364],[11436,13231]]",0,0,[],2,0,[],0,0,0,0,0,[],11436,0,0,[]
1,1,"[[11189,11438]]",0,0,[],1,0,[],0,0,0,0,0,[],11438,0,0,[]
2,2,"[[830,11439],[11439,13612]]",0,0,[],2,0,[],0,0,0,0,0,[],11439,0,0,[]
1,1,"[[10881,11440]]",0,0,[],1,0,[],0,0,0,0,0,[],11440,0,0,[]
2,2,"[[6911,11441],[11441,11758]]",0,0,[],2,0,[],0,0,0,0,0,[],11441,0,0,[]
1,1,"[[11442,13349]]",0,0,[],1,0,[],0,0,0,0,0,[],11442,0,0,[]
2,2,"[[9129,11443],[11443,13003]]",0,0,[],2,0,[],0,0,0,0,0,[],11443,0,0,[]
1,1,"[[11390,11444]]",0,0,[],1,0,[],0,0,0,0,0,[],11444,0,0,[]
2,2,"[[11446,12497],[11446,13196]]",0,0,[],2,0,[],0,0,0,0,0,[],11446,0,0,[]
2,2,"[[6414,11447],[8702,11447]]",0,0,[],2,0,[],0,0,0,0,0,[],11447,0,0,[]
1,1,"[[11448,12683]]",0,0,[],1,0,[],0,0,0,0,0,[],11448,0,0,[]
2,2,"[[5958,11449],[9680,11449]]",0,0,[],2,0,[],0,0,0,0,0,[],11449,0,0,[]
1,1,"[[9259,11451]]",0,0,[],1,0,[],0,0,0,0,0,[],11451,0,0,[]
2,2,"[[9757,11452],[11217,11452]]",0,0,[],2,0,[],0,0,0,0,0,[],11452,0,0,[]
1,1,"[[8757,11453]]",0,0,[],1,0,[],0,0,0,0,0,[],11453,0,0,[]
2,2,"[[6179,11454],[6743,11454]]",0,0,[],2,0,[],0,0,0,0,0,[],11454,0,0,[]
1,1,"[[8858,11455]]",0,0,[],1,0,[],0,0,0,0,0,[],11455,0,0,[]
2,2,"[[6430,11457],[8845,11457]]",0,0,[],2,0,[],0,0,0,0,0,[],11457,0,0,[]
2,2,"[[1147,11458],[7047,11458]]",0,0,[],2,0,[],0,0,0,0,0,[],11458,0,0,[]
2,2,"[[5940,11459],[7650,11459]]",0,0,[],2,0,[],0,0,0,0,0,[],11459,0,0,[]
2,2,"[[2293,11460],[3561,11460]]",0,0,[],2,0,[],0,0,0,0,0,[],11460,0,0,[]
1,1,"[[628,11461]]",0,0,[],1,0,[],0,0,0,0,0,[],11461,0,0,[]
2,2,"[[8089,11462],[9608,11462]]",0,0,[],2,0,[],0,0,0,0,0,[],11462,0,0,[]
1,1,"[[7238,11463]]",0,0,[],1,0,[],0,0,0,0,0,[],11463,0,0,[]
1,1,"[[6509,11464]]",0,0,[],1,0,[],0,0,0,0,0,[],11464,0,0,[]
1,1,"[[11466,12463]]",0,0,[],1,0,[],0,0,0,0,0,[],11466,0,0,[]
2,2,"[[6542,11467],[10527,11467]]",0,0,[],2,0,[],0,0,0,0,0,[],11467,0,0,[]
1,1,"[[11468,12704]]",0,0,[],1,0,[],0,0,0,0,0,[],11468,0,0,[]
1,1,"[[8153,11469]]",0,0,[],1,0,[],0,0,0,0,0,[],11469,0,0,[]
1,1,"[[5981,11470]]",0,0,[],1,0,[],0,0,0,0,0,[],11470,0,0,[]
1,1,"[[9933,11471]]",0,0,[],1,0,[],0,0,0,0,0,[],11471,0,0,[]
1,1,"[[5383,11473]]",0,0,[],1,0,[],0,0,0,0,0,[],11473,0,0,[]
2,2,"[[6129,11474],[10724,11474]]",0,0,[],2,0,[],0,0,0,0,0,[],11474,0,0,[]
1,1,"[[7315,11475]]",0,0,[],1,0,[],0,0,0,0,0,[],11475,0,0,[]
2,2,"[[6992,11476],[8186,11476]]",0,0,[],2,0,[],0,0,0,0,0,[],11476,0,0,[]
1,1,"[[9159,11477]]",0,0,[],1,0,[],0,0,0,0,0,[],11477,0,0,[]
1,1,"[[6546,11479]]",0,0,[],1,0,[],0,0,0,0,0,[],11479,0,0,[]
2,2,"[[8019,11480],[9566,11480]]",0,0,[],2,0,[],0,0,0,0,0,[],11480,0,0,[]
2,2,"[[4437,11481],[11481,11773]]",0,0,[],2,0,[],0,0,0,0,0,[],11481,0,0,[]
2,2,"[[9613,11483],[11483,12979]]",0,0,[],2,0,[],0,0,0,0,0,[],11483,0,0,[]
1,1,"[[8956,11484]]",0,0,[],1,0,[],0,0,0,0,0,[],11484,0,0,[]
2,2,"[[6047,11485],[10196,11485]]",0,0,[],2,0,[],0,0,0,0,0,[],11485,0,0,[]
2,2,"[[11486,12037],[11486,13589]]",0,0,[],2,0,[],0,0,0,0,0,[],11486,0,0,[]
1,1,"[[2454,11487]]",0,0,[],1,0,[],0,0,0,0,0,[],11487,0,0,[]
1,1,"[[8325,11488]]",0,0,[],1,0,[],0,0,0,0,0,[],11488,0,0,[]
1,1,"[[9627,11490]]",0,0,[],1,0,[],0,0,0,0,0,[],11490,0,0,[]
1,1,"[[10248,11491]]",0,0,[],1,0,[],0,0,0,0,0,[],11491,0,0,[]
1,1,"[[5264,11492]]",0,0,[],1,0,[],0,0,0,0,0,[],11492,0,0,[]
1,1,"[[10449,11493]]",0,0,[],1,0,[],0,0,0,0,0,[],11493,0,0,[]
2,2,"[[9815,11494],[11494,13153]]",0,0,[],2,0,[],0,0,0,0,0,[],11494,0,0,[]
1,1,"[[11496,12365]]",0,0,[],1,0,[],0,0,0,0,0,[],11496,0,0,[]
2,2,"[[6752,11497],[11160,11497]]",0,0,[],2,0,[],0,0,0,0,0,[],11497,0,0,[]
1,1,"[[4764,11498]]",0,0,[],1,0,[],0,0,0,0,0,[],11498,0,0,[]
1,1,"[[5404,11499]]",0,0,[],1,0,[],0,0,0,0,0,[],11499,0,0,[]
1,1,"[[8749,11500]]",0,0,[],1,0,[],0,0,0,0,0,[],11500,0,0,[]
2,2,"[[10614,11501],[11248,11501]]",0,0,[],2,0,[],0,0,0,0,0,[],11501,0,0,[]
2,2,"[[7810,11502],[9093,11502]]",0,0,[],2,0,[],0,0,0,0,0,[],11502,0,0,[]
1,1,"[[10955,11503]]",0,0,[],1,0,[],0,0,0,0,0,[],11503,0,0,[]
2,2,"[[11504,12676],[11504,13332]]",0,0,[],2,0,[],0,0,0,0,0,[],11504,0,0,[]
2,2,"[[8666,11505],[11505,12737]]",0,0,[],2,0,[],0,0,0,0,0,[],11505,0,0,[]
2,2,"[[5882,11506],[9766,11506]]",0,0,[],2,0,[],0,0,0,0,0,[],11506,0,0,[]
1,1,"[[9426,11507]]",0,0,[],1,0,[],0,0,0,0,0,[],11507,0,0,[]
2,2,"[[4151,11508],[5601,11508]]",0,0,[],2,0,[],0,0,0,0,0,[],11508,0,0,[]
1,1,"[[11509,13490]]",0,0,[],1,0,[],0,0,0,0,0,[],11509,0,0,[]
2,2,"[[5311,11510],[9985,11510]]",0,0,[],2,0,[],0,0,0,0,0,[],11510,0,0,[]
2,2,"[[10362,11511],[11511,11526]]",0,0,[],2,0,[],0,0,0,0,0,[],11511,0,0,[]
2,2,"[[8783,11512],[11512,12370]]",0,0,[],2,0,[],0,0,0,0,0,[],11512,0,0,[]
2,2,"[[6342,11513],[9746,11513]]",0,0,[],2,0,[],0,0,0,0,0,[],11513,0,0,[]
1,1,"[[8280,11514]]",0,0,[],1,0,[],0,0,0,0,0,[],11514,0,0,[]
2,2,"[[10898,11515],[11515,13025]]",0,0,[],2,0,[],0,0,0,0,0,[],11515,0,0,[]
2,2,"[[5217,11516],[8595,11516]]",0,0,[],2,0,[],0,0,0,0,0,[],11516,0,0,[]
2,2,"[[11517,11758],[11517,12634]]",0,0,[],2,0,[],0,0,0,0,0,[],11517,0,0,[]
1,1,"[[7320,11518]]",0,0,[],1,0,[],0,0,0,0,0,[],11518,0,0,[]
2,2,"[[11519,12608],[11519,13646]]",0,0,[],2,0,[],0,0,0,0,0,[],11519,0,0,[]
2,2,"[[6580,11520],[7871,11520]]",0,0,[],2,0,[],0,0,0,0,0,[],11520,0,0,[]
2,2,"[[10216,11521],[11521,12396]]",0,0,[],2,0,[],0,0,0,0,0,[],11521,0,0,[]
2,2,"[[11436,11522],[11522,13242]]",0,0,[],2,0,[],0,0,0,0,0,[],11522,0,0,[]
2,2,"[[5084,11523],[5861,11523]]",0,0,[],2,0,[],0,0,0,0,0,[],11523,0,0,[]
2,2,"[[8553,11524],[10269,11524]]",0,0,[],2,0,[],0,0,0,0,0,[],11524,0,0,[]
1,1,"[[915,11525]]",0,0,[],1,0,[],0,0,0,0,0,[],11525,0,0,[]
1,1,"[[9454,11527]]",0,0,[],1,0,[],0,0,0,0,0,[],11527,0,0,[]
2,2,"[[4660,11529],[6742,11529]]",0,0,[],2,0,[],0,0,0,0,0,[],11529,0,0,[]
2,2,"[[6251,11530],[11530,12903]]",0,0,[],2,0,[],0,0,0,0,0,[],11530,0,0,[]
2,2,"[[11532,11661],[11532,12765]]",0,0,[],2,0,[],0,0,0,0,0,[],11532,0,0,[]
1,1,"[[11534,11902]]",0,0,[],1,0,[],0,0,0,0,0,[],11534,0,0,[]
2,2,"[[10213,11537],[10733,11537]]",0,0,[],2,0,[],0,0,0,0,0,[],11537,0,0,[]
1,1,"[[6919,11538]]",0,0,[],1,0,[],0,0,0,0,0,[],11538,0,0,[]
2,2,"[[9668,11539],[11006,11539]]",0,0,[],2,0,[],0,0,0,0,0,[],11539,0,0,[]
2,2,"[[6756,11540],[11540,13444]]",0,0,[],2,0,[],0,0,0,0,0,[],11540,0,0,[]
1,1,"[[11541,11900]]",0,0,[],1,0,[],0,0,0,0,0,[],11541,0,0,[]
1,1,"[[10657,11542]]",0,0,[],1,0,[],0,0,0,0,0,[],11542,0,0,[]
1,1,"[[7945,11543]]",0,0,[],1,0,[],0,0,0,0,0,[],11543,0,0,[]
2,2,"[[3344,11544],[6946,11544]]",0,0,[],2,0,[],0,0,0,0,0,[],11544,0,0,[]
1,1,"[[11545,13275]]",0,0,[],1,0,[],0,0,0,0,0,[],11545,0,0,[]
1,1,"[[1314,11546]]",0,0,[],1,0,[],0,0,0,0,0,[],11546,0,0,[]
2,2,"[[7290,11547],[11547,11632]]",0,0,[],2,0,[],0,0,0,0,0,[],11547,0,0,[]
2,2,"[[4969,11548],[11548,11676]]",0,0,[],2,0,[],0,0,0,0,0,[],11548,0,0,[]
1,1,"[[3264,11549]]",0,0,[],1,0,[],0,0,0,0,0,[],11549,0,0,[]
2,2,"[[6676,11551],[11117,11551]]",0,0,[],2,0,[],0,0,0,0,0,[],11551,0,0,[]
2,2,"[[6342,11552],[11222,11552]]",0,0,[],2,0,[],0,0,0,0,0,[],11552,0,0,[]
1,1,"[[900,11554]]",0,0,[],1,0,[],0,0,0,0,0,[],11554,0,0,[]
1,1,"[[6991,11555]]",0,0,[],1,0,[],0,0,0,0,0,[],11555,0,0,[]
1,1,"[[7640,11556]]",0,0,[],1,0,[],0,0,0,0,0,[],11556,0,0,[]
2,2,"[[11557,12516],[11557,13065]]",0,0,[],2,0,[],0,0,0,0,0,[],11557,0,0,[]
2,2,"[[11559,12554],[11559,12874]]",0,0,[],2,0,[],0,0,0,0,0,[],11559,0,0,[]
2,2,"[[10655,11560],[11560,11718]]",0,0,[],2,0,[],0,0,0,0,0,[],11560,0,0,[]
2,2,"[[8313,11561],[11561,12396]]",0,0,[],2,0,[],0,0,0,0,0,[],11561,0,0,[]
1,1,"[[5206,11562]]",0,0,[],1,0,[],0,0,0,0,0,[],11562,0,0,[]
1,1,"[[6410,11563]]",0,0,[],1,0,[],0,0,0,0,0,[],11563,0,0,[]
2,2,"[[10764,11564],[11564,13435]]",0,0,[],2,0,[],0,0,0,0,0,[],11564,0,0,[]
1,1,"[[3348,11565]]",0,0,[],1,0,[],0,0,0,0,0,[],11565,0,0,[]
1,1,"[[11566,12981]]",0,0,[],1,0,[],0,0,0,0,0,[],11566,0,0,[]
2,2,"[[1113,11567],[7460,11567]]",0,0,[],2,0,[],0,0,0,0,0,[],11567,0,0,[]
2,2,"[[11332,11568],[11568,12593]]",0,0,[],2,0,[],0,0,0,0,0,[],11568,0,0,[]
1,1,"[[11262,11569]]",0,0,[],1,0,[],0,0,0,0,0,[],11569,0,0,[]
1,1,"[[6960,11570]]",0,0,[],1,0,[],0,0,0,0,0,[],11570,0,0,[]
1,1,"[[9782,11571]]",0,0,[],1,0,[],0,0,0,0,0,[],11571,0,0,[]
1,1,"[[5264,11572]]",0,0,[],1,0,[],0,0,0,0,0,[],11572,0,0,[]
2,2,"[[1925,11574],[9158,11574]]",0,0,[],2,0,[],0,0,0,0,0,[],11574,0,0,[]
1,1,"[[4119,11575]]",0,0,[],1,0,[],0,0,0,0,0,[],11575,0,0,[]
2,2,"[[1432,11576],[7201,11576]]",0,0,[],2,0,[],0,0,0,0,0,[],11576,0,0,[]
1,1,"[[5719,11578]]",0,0,[],1,0,[],0,0,0,0,0,[],11578,0,0,[]
2,2,"[[7293,11579],[10879,11579]]",0,0,[],2,0,[],0,0,0,0,0,[],11579,0,0,[]
1,1,"[[10069,11580]]",0,0,[],1,0,[],0,0,0,0,0,[],11580,0,0,[]
2,2,"[[10063,11581],[11099,11581]]",0,0,[],2,0,[],0,0,0,0,0,[],11581,0,0,[]
1,1,"[[8982,11582]]",0,0,[],1,0,[],0,0,0,0,0,[],11582,0,0,[]
2,2,"[[10292,11583],[10788,11583]]",0,0,[],2,0,[],0,0,0,0,0,[],11583,0,0,[]
2,2,"[[962,11584],[11152,11584]]",0,0,[],2,0,[],0,0,0,0,0,[],11584,0,0,[]
2,2,"[[1015,11585],[6231,11585]]",0,0,[],2,0,[],0,0,0,0,0,[],11585,0,0,[]
1,1,"[[4309,11586]]",0,0,[],1,0,[],0,0,0,0,0,[],11586,0,0,[]
1,1,"[[3967,11587]]",0,0,[],1,0,[],0,0,0,0,0,[],11587,0,0,[]
1,1,"[[3796,11589]]",0,0,[],1,0,[],0,0,0,0,0,[],11589,0,0,[]
2,2,"[[9708,11591],[11591,13300]]",0,0,[],2,0,[],0,0,0,0,0,[],11591,0,0,[]
2,2,"[[10824,11592],[11559,11592]]",0,0,[],2,0,[],0,0,0,0,0,[],11592,0,0,[]
1,1,"[[11593,13060]]",0,0,[],1,0,[],0,0,0,0,0,[],11593,0,0,[]
2,2,"[[8310,11594],[8696,11594]]",0,0,[],2,0,[],0,0,0,0,0,[],11594,0,0,[]
1,1,"[[6785,11596]]",0,0,[],1,0,[],0,0,0,0,0,[],11596,0,0,[]
2,2,"[[2719,11597],[3472,11597]]",0,0,[],2,0,[],0,0,0,0,0,[],11597,0,0,[]
2,2,"[[2628,11598],[8790,11598]]",0,0,[],2,0,[],0,0,0,0,0,[],11598,0,0,[]
2,2,"[[5694,11601],[11601,13035]]",0,0,[],2,0,[],0,0,0,0,0,[],11601,0,0,[]
1,1,"[[5467,11602]]",0,0,[],1,0,[],0,0,0,0,0,[],11602,0,0,[]
2,2,"[[8257,11603],[11184,11603]]",0,0,[],2,0,[],0,0,0,0,0,[],11603,0,0,[]
1,1,"[[4151,11604]]",0,0,[],1,0,[],0,0,0,0,0,[],11604,0,0,[]
2,2,"[[7696,11605],[8363,11605]]",0,0,[],2,0,[],0,0,0,0,0,[],11605,0,0,[]
2,2,"[[5311,11606],[9120,11606]]",0,0,[],2,0,[],0,0,0,0,0,[],11606,0,0,[]
1,1,"[[11607,11864]]",0,0,[],1,0,[],0,0,0,0,0,[],11607,0,0,[]
2,2,"[[5489,11608],[11355,11608]]",0,0,[],2,0,[],0,0,0,0,0,[],11608,0,0,[]
1,1,"[[9668,11609]]",0,0,[],1,0,[],0,0,0,0,0,[],11609,0,0,[]
2,2,"[[7747,11610],[11610,12404]]",0,0,[],2,0,[],0,0,0,0,0,[],11610,0,0,[]
1,1,"[[11611,12388]]",0,0,[],1,0,[],0,0,0,0,0,[],11611,0,0,[]
2,2,"[[888,11612],[4522,11612]]",0,0,[],2,0,[],0,0,0,0,0,[],11612,0,0,[]
1,1,"[[11613,13273]]",0,0,[],1,0,[],0,0,0,0,0,[],11613,0,0,[]
1,1,"[[9420,11615]]",0,0,[],1,0,[],0,0,0,0,0,[],11615,0,0,[]
2,2,"[[11443,11616],[11616,11910]]",0,0,[],2,0,[],0,0,0,0,0,[],11616,0,0,[]
2,2,"[[7241,11617],[10591,11617]]",0,0,[],2,0,[],0,0,0,0,0,[],11617,0,0,[]
2,2,"[[9262,11618],[10058,11618]]",0,0,[],2,0,[],0,0,0,0,0,[],11618,0,0,[]
1,1,"[[3781,11619]]",0,0,[],1,0,[],0,0,0,0,0,[],11619,0,0,[]
2,2,"[[3076,11620],[10635,11620]]",0,0,[],2,0,[],0,0,0,0,0,[],11620,0,0,[]
1,1,"[[3867,11621]]",0,0,[],1,0,[],0,0,0,0,0,[],11621,0,0,[]
2,2,"[[3189,11624],[6077,11624]]",0,0,[],2,0,[],0,0,0,0,0,[],11624,0,0,[]
2,2,"[[6095,11625],[11625,12745]]",0,0,[],2,0,[],0,0,0,0,0,[],11625,0,0,[]
1,1,"[[9466,11626]]",0,0,[],1,0,[],0,0,0,0,0,[],11626,0,0,[]
1,1,"[[10198,11627]]",0,0,[],1,0,[],0,0,0,0,0,[],11627,0,0,[]
2,2,"[[8446,11628],[8935,11628]]",0,0,[],2,0,[],0,0,0,0,0,[],11628,0,0,[]
2,2,"[[8172,11629],[9602,11629]]",0,0,[],2,0,[],0,0,0,0,0,[],11629,0,0,[]
2,2,"[[10357,11630],[11630,13468]]",0,0,[],2,0,[],0,0,0,0,0,[],11630,0,0,[]
2,2,"[[5692,11631],[11631,13120]]",0,0,[],2,0,[],0,0,0,0,0,[],11631,0,0,[]
2,2,"[[7719,11634],[10537,11634]]",0,0,[],2,0,[],0,0,0,0,0,[],11634,0,0,[]
2,2,"[[664,11635],[8424,11635]]",0,0,[],2,0,[],0,0,0,0,0,[],11635,0,0,[]
2,2,"[[9466,11636],[10141,11636]]",0,0,[],2,0,[],0,0,0,0,0,[],11636,0,0,[]
2,2,"[[3765,11637],[10905,11637]]",0,0,[],2,0,[],0,0,0,0,0,[],11637,0,0,[]
2,2,"[[6630,11639],[9381,11639]]",0,0,[],2,0,[],0,0,0,0,0,[],11639,0,0,[]
1,1,"[[2849,11640]]",0,0,[],1,0,[],0,0,0,0,0,[],11640,0,0,[]
2,2,"[[11633,11641],[11641,12833]]",0,0,[],2,0,[],0,0,0,0,0,[],11641,0,0,[]
1,1,"[[11642,11803]]",0,0,[],1,0,[],0,0,0,0,0,[],11642,0,0,[]
2,2,"[[8723,11643],[11643,12548]]",0,0,[],2,0,[],0,0,0,0,0,[],11643,0,0,[]
2,2,"[[9072,11644],[11644,13057]]",0,0,[],2,0,[],0,0,0,0,0,[],11644,0,0,[]
1,1,"[[11645,12955]]",0,0,[],1,0,[],0,0,0,0,0,[],11645,0,0,[]
2,2,"[[5311,11646],[5692,11646]]",0,0,[],2,0,[],0,0,0,0,0,[],11646,0,0,[]
1,1,"[[11174,11647]]",0,0,[],1,0,[],0,0,0,0,0,[],11647,0,0,[]
1,1,"[[11648,11846]]",0,0,[],1,0,[],0,0,0,0,0,[],11648,0,0,[]
2,2,"[[10106,11649],[10443,11649]]",0,0,[],2,0,[],0,0,0,0,0,[],11649,0,0,[]
2,2,"[[9242,11650],[11650,13479]]",0,0,[],2,0,[],0,0,0,0,0,[],11650,0,0,[]
1,1,"[[3031,11651]]",0,0,[],1,0,[],0,0,0,0,0,[],11651,0,0,[]
2,2,"[[11652,12756],[11652,13278]]",0,0,[],2,0,[],0,0,0,0,0,[],11652,0,0,[]
1,1,"[[9056,11653]]",0,0,[],1,0,[],0,0,0,0,0,[],11653,0,0,[]
1,1,"[[9589,11654]]",0,0,[],1,0,[],0,0,0,0,0,[],11654,0,0,[]
2,2,"[[11655,12080],[11655,12628]]",0,0,[],2,0,[],0,0,0,0,0,[],11655,0,0,[]
2,2,"[[7289,11656],[11142,11656]]",0,0,[],2,0,[],0,0,0,0,0,[],11656,0,0,[]
1,1,"[[7482,11657]]",0,0,[],1,0,[],0,0,0,0,0,[],11657,0,0,[]
2,2,"[[10190,11658],[11658,12809]]",0,0,[],2,0,[],0,0,0,0,0,[],11658,0,0,[]
1,1,"[[8066,11659]]",0,0,[],1,0,[],0,0,0,0,0,[],11659,0,0,[]
2,2,"[[7348,11661],[11661,13121]]",0,0,[],2,0,[],0,0,0,0,0,[],11661,0,0,[]
2,2,"[[7391,11662],[11662,13044]]",0,0,[],2,0,[],0,0,0,0,0,[],11662,0,0,[]
2,2,"[[4718,11663],[11663,12066]]",0,0,[],2,0,[],0,0,0,0,0,[],11663,0,0,[]
2,2,"[[5694,11664],[8428,11664]]",0,0,[],2,0,[],0,0,0,0,0,[],11664,0,0,[]
2,2,"[[1389,11665],[6077,11665]]",0,0,[],2,0,[],0,0,0,0,0,[],11665,0,0,[]
2,2,"[[11666,11754],[11666,12338]]",0,0,[],2,0,[],0,0,0,0,0,[],11666,0,0,[]
2,2,"[[9920,11667],[10531,11667]]",0,0,[],2,0,[],0,0,0,0,0,[],11667,0,0,[]
2,2,"[[8743,11668],[11668,13410]]",0,0,[],2,0,[],0,0,0,0,0,[],11668,0,0,[]
2,2,"[[3488,11669],[3857,11669]]",0,0,[],2,0,[],0,0,0,0,0,[],11669,0,0,[]
2,2,"[[8721,11670],[10371,11670]]",0,0,[],2,0,[],0,0,0,0,0,[],11670,0,0,[]
2,2,"[[2415,11671],[5981,11671]]",0,0,[],2,0,[],0,0,0,0,0,[],11671,0,0,[]
2,2,"[[2657,11672],[9919,11672]]",0,0,[],2,0,[],0,0,0,0,0,[],11672,0,0,[]
2,2,"[[3532,11673],[9605,11673]]",0,0,[],2,0,[],0,0,0,0,0,[],11673,0,0,[]
1,1,"[[11674,11800]]",0,0,[],1,0,[],0,0,0,0,0,[],11674,0,0,[]
2,2,"[[11327,11675],[11675,11986]]",0,0,[],2,0,[],0,0,0,0,0,[],11675,0,0,[]
1,1,"[[10013,11676]]",0,0,[],1,0,[],0,0,0,0,0,[],11676,0,0,[]
2,2,"[[8592,11678],[9698,11678]]",0,0,[],2,0,[],0,0,0,0,0,[],11678,0,0,[]
2,2,"[[5429,11679],[11642,11679]]",0,0,[],2,0,[],0,0,0,0,0,[],11679,0,0,[]
2,2,"[[11534,11680],[11680,11902]]",0,0,[],2,0,[],0,0,0,0,0,[],11680,0,0,[]
1,1,"[[6655,11681]]",0,0,[],1,0,[],0,0,0,0,0,[],11681,0,0,[]
1,1,"[[8233,11682]]",0,0,[],1,0,[],0,0,0,0,0,[],11682,0,0,[]
1,1,"[[7965,11683]]",0,0,[],1,0,[],0,0,0,0,0,[],11683,0,0,[]
2,2,"[[5896,11684],[6176,11684]]",0,0,[],2,0,[],0,0,0,0,0,[],11684,0,0,[]
2,2,"[[3192,11685],[7900,11685]]",0,0,[],2,0,[],0,0,0,0,0,[],11685,0,0,[]
1,1,"[[11686,11943]]",0,0,[],1,0,[],0,0,0,0,0,[],11686,0,0,[]
2,2,"[[5257,11687],[8781,11687]]",0,0,[],2,0,[],0,0,0,0,0,[],11687,0,0,[]
2,2,"[[11688,12941],[11688,13072]]",0,0,[],2,0,[],0,0,0,0,0,[],11688,0,0,[]
2,2,"[[2277,11689],[8345,11689]]",0,0,[],2,0,[],0,0,0,0,0,[],11689,0,0,[]
2,2,"[[7410,11691],[8174,11691]]",0,0,[],2,0,[],0,0,0,0,0,[],11691,0,0,[]
1,1,"[[7280,11692]]",0,0,[],1,0,[],0,0,0,0,0,[],11692,0,0,[]
2,2,"[[4510,11693],[9317,11693]]",0,0,[],2,0,[],0,0,0,0,0,[],11693,0,0,[]
2,2,"[[10304,11694],[10798,11694]]",0,0,[],2,0,[],0,0,0,0,0,[],11694,0,0,[]
2,2,"[[6406,11695],[6845,11695]]",0,0,[],2,0,[],0,0,0,0,0,[],11695,0,0,[]
1,1,"[[11696,12555]]",0,0,[],1,0,[],0,0,0,0,0,[],11696,0,0,[]
1,1,"[[11697,13060]]",0,0,[],1,0,[],0,0,0,0,0,[],11697,0,0,[]
2,2,"[[11698,11883],[11698,13419]]",0,0,[],2,0,[],0,0,0,0,0,[],11698,0,0,[]
1,1,"[[6605,11699]]",0,0,[],1,0,[],0,0,0,0,0,[],11699,0,0,[]
2,2,"[[7320,11700],[11700,13433]]",0,0,[],2,0,[],0,0,0,0,0,[],11700,0,0,[]
1,1,"[[5654,11701]]",0,0,[],1,0,[],0,0,0,0,0,[],11701,0,0,[]
1,1,"[[8327,11702]]",0,0,[],1,0,[],0,0,0,0,0,[],11702,0,0,[]
2,2,"[[8784,11703],[11703,13247]]",0,0,[],2,0,[],0,0,0,0,0,[],11703,0,0,[]
2,2,"[[11535,11706],[11706,12895]]",0,0,[],2,0,[],0,0,0,0,0,[],11706,0,0,[]
2,2,"[[8321,11707],[11707,12150]]",0,0,[],2,0,[],0,0,0,0,0,[],11707,0,0,[]
2,2,"[[10417,11708],[10847,11708]]",0,0,[],2,0,[],0,0,0,0,0,[],11708,0,0,[]
2,2,"[[1871,11710],[6626,11710]]",0,0,[],2,0,[],0,0,0,0,0,[],11710,0,0,[]
2,2,"[[4132,11711],[11707,11711]]",0,0,[],2,0,[],0,0,0,0,0,[],11711,0,0,[]
2,2,"[[6309,11713],[11713,12020]]",0,0,[],2,0,[],0,0,0,0,0,[],11713,0,0,[]
2,2,"[[8783,11714],[11175,11714]]",0,0,[],2,0,[],0,0,0,0,0,[],11714,0,0,[]
1,1,"[[11437,11715]]",0,0,[],1,0,[],0,0,0,0,0,[],11715,0,0,[]
2,2,"[[4529,11716],[5983,11716]]",0,0,[],2,0,[],0,0,0,0,0,[],11716,0,0,[]
2,2,"[[10806,11717],[11717,11820]]",0,0,[],2,0,[],0,0,0,0,0,[],11717,0,0,[]
1,1,"[[10991,11719]]",0,0,[],1,0,[],0,0,0,0,0,[],11719,0,0,[]
1,1,"[[11720,13435]]",0,0,[],1,0,[],0,0,0,0,0,[],11720,0,0,[]
2,2,"[[3561,11721],[9717,11721]]",0,0,[],2,0,[],0,0,0,0,0,[],11721,0,0,[]
2,2,"[[8133,11722],[11722,11730]]",0,0,[],2,0,[],0,0,0,0,0,[],11722,0,0,[]
2,2,"[[3536,11723],[10127,11723]]",0,0,[],2,0,[],0,0,0,0,0,[],11723,0,0,[]
2,2,"[[9479,11724],[11542,11724]]",0,0,[],2,0,[],0,0,0,0,0,[],11724,0,0,[]
1,1,"[[4951,11725]]",0,0,[],1,0,[],0,0,0,0,0,[],11725,0,0,[]
1,1,"[[11728,12282]]",0,0,[],1,0,[],0,0,0,0,0,[],11728,0,0,[]
2,2,"[[5708,11729],[9012,11729]]",0,0,[],2,0,[],0,0,0,0,0,[],11729,0,0,[]
1,1,"[[11566,11730]]",0,0,[],1,0,[],0,0,0,0,0,[],11730,0,0,[]
2,2,"[[6440,11731],[11681,11731]]",0,0,[],2,0,[],0,0,0,0,0,[],11731,0,0,[]
1,1,"[[4891,11732]]",0,0,[],1,0,[],0,0,0,0,0,[],11732,0,0,[]
2,2,"[[2414,11733],[10952,11733]]",0,0,[],2,0,[],0,0,0,0,0,[],11733,0,0,[]
1,1,"[[9911,11735]]",0,0,[],1,0,[],0,0,0,0,0,[],11735,0,0,[]
1,1,"[[9451,11736]]",0,0,[],1,0,[],0,0,0,0,0,[],11736,0,0,[]
1,1,"[[11337,11737]]",0,0,[],1,0,[],0,0,0,0,0,[],11737,0,0,[]
1,1,"[[3696,11738]]",0,0,[],1,0,[],0,0,0,0,0,[],11738,0,0,[]
2,2,"[[6183,11740],[11740,12177]]",0,0,[],2,0,[],0,0,0,0,0,[],11740,0,0,[]
2,2,"[[4132,11741],[9557,11741]]",0,0,[],2,0,[],0,0,0,0,0,[],11741,0,0,[]
2,2,"[[11743,12931],[11743,13253]]",0,0,[],2,0,[],0,0,0,0,0,[],11743,0,0,[]
2,2,"[[5254,11744],[7464,11744]]",0,0,[],2,0,[],0,0,0,0,0,[],11744,0,0,[]
1,1,"[[11745,12089]]",0,0,[],1,0,[],0,0,0,0,0,[],11745,0,0,[]
1,1,"[[9590,11746]]",0,0,[],1,0,[],0,0,0,0,0,[],11746,0,0,[]
2,2,"[[9126,11747],[11747,12025]]",0,0,[],2,0,[],0,0,0,0,0,[],11747,0,0,[]
2,2,"[[9321,11748],[11748,12190]]",0,0,[],2,0,[],0,0,0,0,0,[],11748,0,0,[]
2,2,"[[10466,11749],[11749,12432]]",0,0,[],2,0,[],0,0,0,0,0,[],11749,0,0,[]
1,1,"[[9402,11750]]",0,0,[],1,0,[],0,0,0,0,0,[],11750,0,0,[]
2,2,"[[3967,11751],[9031,11751]]",0,0,[],2,0,[],0,0,0,0,0,[],11751,0,0,[]
2,2,"[[11576,11752],[11752,12195]]",0,0,[],2,0,[],0,0,0,0,0,[],11752,0,0,[]
1,1,"[[2517,11753]]",0,0,[],1,0,[],0,0,0,0,0,[],11753,0,0,[]
2,2,"[[11754,11761],[11754,13504]]",0,0,[],2,0,[],0,0,0,0,0,[],11754,0,0,[]
2,2,"[[11090,11755],[11755,13061]]",0,0,[],2,0,[],0,0,0,0,0,[],11755,0,0,[]
2,2,"[[7945,11756],[8769,11756]]",0,0,[],2,0,[],0,0,0,0,0,[],11756,0,0,[]
1,1,"[[4392,11757]]",0,0,[],1,0,[],0,0,0,0,0,[],11757,0,0,[]
2,2,"[[8285,11759],[9158,11759]]",0,0,[],2,0,[],0,0,0,0,0,[],11759,0,0,[]
1,1,"[[8816,11761]]",0,0,[],1,0,[],0,0,0,0,0,[],11761,0,0,[]
2,2,"[[454,11762],[7993,11762]]",0,0,[],2,0,[],0,0,0,0,0,[],11762,0,0,[]
2,2,"[[557,11763],[6348,11763]]",0,0,[],2,0,[],0,0,0,0,0,[],11763,0,0,[]
2,2,"[[11650,11764],[11764,12516]]",0,0,[],2,0,[],0,0,0,0,0,[],11764,0,0,[]
2,2,"[[11373,11765],[11765,13675]]",0,0,[],2,0,[],0,0,0,0,0,[],11765,0,0,[]
1,1,"[[7811,11766]]",0,0,[],1,0,[],0,0,0,0,0,[],11766,0,0,[]
2,2,"[[6377,11767],[11767,12861]]",0,0,[],2,0,[],0,0,0,0,0,[],11767,0,0,[]
2,2,"[[8473,11769],[10780,11769]]",0,0,[],2,0,[],0,0,0,0,0,[],11769,0,0,[]
2,2,"[[7746,11770],[11770,11904]]",0,0,[],2,0,[],0,0,0,0,0,[],11770,0,0,[]
1,1,"[[8763,11771]]",0,0,[],1,0,[],0,0,0,0,0,[],11771,0,0,[]
1,1,"[[5719,11772]]",0,0,[],1,0,[],0,0,0,0,0,[],11772,0,0,[]
1,1,"[[11774,13397]]",0,0,[],1,0,[],0,0,0,0,0,[],11774,0,0,[]
1,1,"[[8488,11777]]",0,0,[],1,0,[],0,0,0,0,0,[],11777,0,0,[]
2,2,"[[6550,11781],[7043,11781]]",0,0,[],2,0,[],0,0,0,0,0,[],11781,0,0,[]
1,1,"[[9399,11782]]",0,0,[],1,0,[],0,0,0,0,0,[],11782,0,0,[]
1,1,"[[5821,11783]]",0,0,[],1,0,[],0,0,0,0,0,[],11783,0,0,[]
1,1,"[[3286,11784]]",0,0,[],1,0,[],0,0,0,0,0,[],11784,0,0,[]
1,1,"[[11702,11785]]",0,0,[],1,0,[],0,0,0,0,0,[],11785,0,0,[]
2,2,"[[7705,11786],[11786,12689]]",0,0,[],2,0,[],0,0,0,0,0,[],11786,0,0,[]
1,1,"[[4926,11787]]",0,0,[],1,0,[],0,0,0,0,0,[],11787,0,0,[]
1,1,"[[11788,12850]]",0,0,[],1,0,[],0,0,0,0,0,[],11788,0,0,[]
1,1,"[[3359,11789]]",0,0,[],1,0,[],0,0,0,0,0,[],11789,0,0,[]
1,1,"[[7907,11790]]",0,0,[],1,0,[],0,0,0,0,0,[],11790,0,0,[]
1,1,"[[11791,13011]]",0,0,[],1,0,[],0,0,0,0,0,[],11791,0,0,[]
2,2,"[[3172,11792],[7848,11792]]",0,0,[],2,0,[],0,0,0,0,0,[],11792,0,0,[]
2,2,"[[5459,11793],[10778,11793]]",0,0,[],2,0,[],0,0,0,0,0,[],11793,0,0,[]
2,2,"[[8165,11794],[8438,11794]]",0,0,[],2,0,[],0,0,0,0,0,[],11794,0,0,[]
1,1,"[[9562,11795]]",0,0,[],1,0,[],0,0,0,0,0,[],11795,0,0,[]
2,2,"[[8139,11796],[11796,12254]]",0,0,[],2,0,[],0,0,0,0,0,[],11796,0,0,[]
1,1,"[[9115,11797]]",0,0,[],1,0,[],0,0,0,0,0,[],11797,0,0,[]
2,2,"[[9735,11798],[11798,12296]]",0,0,[],2,0,[],0,0,0,0,0,[],11798,0,0,[]
2,2,"[[5108,11799],[6188,11799]]",0,0,[],2,0,[],0,0,0,0,0,[],11799,0,0,[]
1,1,"[[10933,11800]]",0,0,[],1,0,[],0,0,0,0,0,[],11800,0,0,[]
2,2,"[[10227,11801],[11801,12054]]",0,0,[],2,0,[],0,0,0,0,0,[],11801,0,0,[]
1,1,"[[5863,11802]]",0,0,[],1,0,[],0,0,0,0,0,[],11802,0,0,[]
1,1,"[[10928,11803]]",0,0,[],1,0,[],0,0,0,0,0,[],11803,0,0,[]
1,1,"[[8255,11804]]",0,0,[],1,0,[],0,0,0,0,0,[],11804,0,0,[]
1,1,"[[4785,11806]]",0,0,[],1,0,[],0,0,0,0,0,[],11806,0,0,[]
2,2,"[[7064,11808],[11808,12836]]",0,0,[],2,0,[],0,0,0,0,0,[],11808,0,0,[]
2,2,"[[3698,11809],[10653,11809]]",0,0,[],2,0,[],0,0,0,0,0,[],11809,0,0,[]
2,2,"[[4856,11810],[11084,11810]]",0,0,[],2,0,[],0,0,0,0,0,[],11810,0,0,[]
2,2,"[[7076,11811],[10210,11811]]",0,0,[],2,0,[],0,0,0,0,0,[],11811,0,0,[]
1,1,"[[9078,11812]]",0,0,[],1,0,[],0,0,0,0,0,[],11812,0,0,[]
2,2,"[[6307,11813],[7497,11813]]",0,0,[],2,0,[],0,0,0,0,0,[],11813,0,0,[]
2,2,"[[5774,11814],[6500,11814]]",0,0,[],2,0,[],0,0,0,0,0,[],11814,0,0,[]
1,1,"[[7735,11815]]",0,0,[],1,0,[],0,0,0,0,0,[],11815,0,0,[]
2,2,"[[11429,11816],[11816,12915]]",0,0,[],2,0,[],0,0,0,0,0,[],11816,0,0,[]
2,2,"[[8235,11817],[9118,11817]]",0,0,[],2,0,[],0,0,0,0,0,[],11817,0,0,[]
2,2,"[[4003,11818],[8524,11818]]",0,0,[],2,0,[],0,0,0,0,0,[],11818,0,0,[]
1,1,"[[11812,11819]]",0,0,[],1,0,[],0,0,0,0,0,[],11819,0,0,[]
2,2,"[[7971,11820],[9819,11820]]",0,0,[],2,0,[],0,0,0,0,0,[],11820,0,0,[]
2,2,"[[7481,11821],[11821,12348]]",0,0,[],2,0,[],0,0,0,0,0,[],11821,0,0,[]
1,1,"[[7450,11822]]",0,0,[],1,0,[],0,0,0,0,0,[],11822,0,0,[]
1,1,"[[8663,11824]]",0,0,[],1,0,[],0,0,0,0,0,[],11824,0,0,[]
2,2,"[[11825,12344],[11825,12378]]",0,0,[],2,0,[],0,0,0,0,0,[],11825,0,0,[]
2,2,"[[8605,11826],[11826,12637]]",0,0,[],2,0,[],0,0,0,0,0,[],11826,0,0,[]
2,2,"[[8857,11827],[10913,11827]]",0,0,[],2,0,[],0,0,0,0,0,[],11827,0,0,[]
1,1,"[[7960,11828]]",0,0,[],1,0,[],0,0,0,0,0,[],11828,0,0,[]
1,1,"[[10007,11830]]",0,0,[],1,0,[],0,0,0,0,0,[],11830,0,0,[]
2,2,"[[2460,11831],[6630,11831]]",0,0,[],2,0,[],0,0,0,0,0,[],11831,0,0,[]
2,2,"[[3394,11832],[9247,11832]]",0,0,[],2,0,[],0,0,0,0,0,[],11832,0,0,[]
2,2,"[[3519,11833],[7360,11833]]",0,0,[],2,0,[],0,0,0,0,0,[],11833,0,0,[]
2,2,"[[5633,11834],[7609,11834]]",0,0,[],2,0,[],0,0,0,0,0,[],11834,0,0,[]
1,1,"[[329,11835]]",0,0,[],1,0,[],0,0,0,0,0,[],11835,0,0,[]
2,2,"[[9982,11837],[11460,11837]]",0,0,[],2,0,[],0,0,0,0,0,[],11837,0,0,[]
1,1,"[[11839,12846]]",0,0,[],1,0,[],0,0,0,0,0,[],11839,0,0,[]
2,2,"[[11649,11840],[11840,12434]]",0,0,[],2,0,[],0,0,0,0,0,[],11840,0,0,[]
1,1,"[[8590,11841]]",0,0,[],1,0,[],0,0,0,0,0,[],11841,0,0,[]
1,1,"[[11842,12021]]",0,0,[],1,0,[],0,0,0,0,0,[],11842,0,0,[]
1,1,"[[8400,11843]]",0,0,[],1,0,[],0,0,0,0,0,[],11843,0,0,[]
1,1,"[[11844,12149]]",0,0,[],1,0,[],0,0,0,0,0,[],11844,0,0,[]
1,1,"[[11017,11845]]",0,0,[],1,0,[],0,0,0,0,0,[],11845,0,0,[]
2,2,"[[7871,11846],[8321,11846]]",0,0,[],2,0,[],0,0,0,0,0,[],11846,0,0,[]
2,2,"[[3189,11847],[9025,11847]]",0,0,[],2,0,[],0,0,0,0,0,[],11847,0,0,[]
2,2,"[[3968,11848],[10572,11848]]",0,0,[],2,0,[],0,0,0,0,0,[],11848,0,0,[]
2,2,"[[7689,11849],[11383,11849]]",0,0,[],2,0,[],0,0,0,0,0,[],11849,0,0,[]
1,1,"[[10462,11850]]",0,0,[],1,0,[],0,0,0,0,0,[],11850,0,0,[]
1,1,"[[8262,11851]]",0,0,[],1,0,[],0,0,0,0,0,[],11851,0,0,[]
2,2,"[[10300,11853],[11853,12072]]",0,0,[],2,0,[],0,0,0,0,0,[],11853,0,0,[]
2,2,"[[7482,11854],[10924,11854]]",0,0,[],2,0,[],0,0,0,0,0,[],11854,0,0,[]
2,2,"[[8261,11855],[9385,11855]]",0,0,[],2,0,[],0,0,0,0,0,[],11855,0,0,[]
2,2,"[[5256,11856],[8586,11856]]",0,0,[],2,0,[],0,0,0,0,0,[],11856,0,0,[]
2,2,"[[11857,12175],[11857,13669]]",0,0,[],2,0,[],0,0,0,0,0,[],11857,0,0,[]
1,1,"[[4841,11858]]",0,0,[],1,0,[],0,0,0,0,0,[],11858,0,0,[]
2,2,"[[8243,11859],[10131,11859]]",0,0,[],2,0,[],0,0,0,0,0,[],11859,0,0,[]
1,1,"[[9953,11860]]",0,0,[],1,0,[],0,0,0,0,0,[],11860,0,0,[]
2,2,"[[5237,11861],[9750,11861]]",0,0,[],2,0,[],0,0,0,0,0,[],11861,0,0,[]
2,2,"[[9478,11864],[11864,13690]]",0,0,[],2,0,[],0,0,0,0,0,[],11864,0,0,[]
2,2,"[[11042,11865],[11404,11865]]",0,0,[],2,0,[],0,0,0,0,0,[],11865,0,0,[]
2,2,"[[11866,13275],[11866,13375]]",0,0,[],2,0,[],0,0,0,0,0,[],11866,0,0,[]
2,2,"[[3120,11867],[11867,13652]]",0,0,[],2,0,[],0,0,0,0,0,[],11867,0,0,[]
2,2,"[[11868,12354],[11868,12362]]",0,0,[],2,0,[],0,0,0,0,0,[],11868,0,0,[]
2,2,"[[2325,11870],[10532,11870]]",0,0,[],2,0,[],0,0,0,0,0,[],11870,0,0,[]
2,2,"[[11428,11871],[11871,13326]]",0,0,[],2,0,[],0,0,0,0,0,[],11871,0,0,[]
2,2,"[[11872,11944],[11872,13688]]",0,0,[],2,0,[],0,0,0,0,0,[],11872,0,0,[]
1,1,"[[11873,13331]]",0,0,[],1,0,[],0,0,0,0,0,[],11873,0,0,[]
2,2,"[[11670,11876],[11876,11902]]",0,0,[],2,0,[],0,0,0,0,0,[],11876,0,0,[]
2,2,"[[6267,11879],[7294,11879]]",0,0,[],2,0,[],0,0,0,0,0,[],11879,0,0,[]
1,1,"[[8005,11880]]",0,0,[],1,0,[],0,0,0,0,0,[],11880,0,0,[]
1,1,"[[2415,11881]]",0,0,[],1,0,[],0,0,0,0,0,[],11881,0,0,[]
1,1,"[[9458,11882]]",0,0,[],1,0,[],0,0,0,0,0,[],11882,0,0,[]
2,2,"[[6474,11884],[8809,11884]]",0,0,[],2,0,[],0,0,0,0,0,[],11884,0,0,[]
1,1,"[[11829,11885]]",0,0,[],1,0,[],0,0,0,0,0,[],11885,0,0,[]
1,1,"[[7442,11886]]",0,0,[],1,0,[],0,0,0,0,0,[],11886,0,0,[]
1,1,"[[11693,11887]]",0,0,[],1,0,[],0,0,0,0,0,[],11887,0,0,[]
2,2,"[[11888,12284],[11888,13348]]",0,0,[],2,0,[],0,0,0,0,0,[],11888,0,0,[]
2,2,"[[4318,11889],[7170,11889]]",0,0,[],2,0,[],0,0,0,0,0,[],11889,0,0,[]
1,1,"[[10910,11890]]",0,0,[],1,0,[],0,0,0,0,0,[],11890,0,0,[]
1,1,"[[10694,11891]]",0,0,[],1,0,[],0,0,0,0,0,[],11891,0,0,[]
1,1,"[[7493,11893]]",0,0,[],1,0,[],0,0,0,0,0,[],11893,0,0,[]
1,1,"[[9013,11894]]",0,0,[],1,0,[],0,0,0,0,0,[],11894,0,0,[]
1,1,"[[11895,12756]]",0,0,[],1,0,[],0,0,0,0,0,[],11895,0,0,[]
2,2,"[[1451,11896],[7393,11896]]",0,0,[],2,0,[],0,0,0,0,0,[],11896,0,0,[]
1,1,"[[5935,11897]]",0,0,[],1,0,[],0,0,0,0,0,[],11897,0,0,[]
2,2,"[[4916,11899],[7566,11899]]",0,0,[],2,0,[],0,0,0,0,0,[],11899,0,0,[]
2,2,"[[5420,11901],[9154,11901]]",0,0,[],2,0,[],0,0,0,0,0,[],11901,0,0,[]
2,2,"[[6479,11902],[9718,11902]]",0,0,[],2,0,[],0,0,0,0,0,[],11902,0,0,[]
2,2,"[[2386,11903],[11903,11931]]",0,0,[],2,0,[],0,0,0,0,0,[],11903,0,0,[]
1,1,"[[11905,12533]]",0,0,[],1,0,[],0,0,0,0,0,[],11905,0,0,[]
1,1,"[[7685,11906]]",0,0,[],1,0,[],0,0,0,0,0,[],11906,0,0,[]
2,2,"[[9200,11907],[11907,11939]]",0,0,[],2,0,[],0,0,0,0,0,[],11907,0,0,[]
1,1,"[[7237,11908]]",0,0,[],1,0,[],0,0,0,0,0,[],11908,0,0,[]
2,2,"[[11909,12354],[11909,12730]]",0,0,[],2,0,[],0,0,0,0,0,[],11909,0,0,[]
2,2,"[[9018,11910],[11910,12402]]",0,0,[],2,0,[],0,0,0,0,0,[],11910,0,0,[]
2,2,"[[7471,11911],[8937,11911]]",0,0,[],2,0,[],0,0,0,0,0,[],11911,0,0,[]
1,1,"[[11201,11912]]",0,0,[],1,0,[],0,0,0,0,0,[],11912,0,0,[]
2,2,"[[3535,11913],[11674,11913]]",0,0,[],2,0,[],0,0,0,0,0,[],11913,0,0,[]
1,1,"[[10903,11914]]",0,0,[],1,0,[],0,0,0,0,0,[],11914,0,0,[]
1,1,"[[4783,11916]]",0,0,[],1,0,[],0,0,0,0,0,[],11916,0,0,[]
2,2,"[[1739,11917],[7237,11917]]",0,0,[],2,0,[],0,0,0,0,0,[],11917,0,0,[]
1,1,"[[9435,11919]]",0,0,[],1,0,[],0,0,0,0,0,[],11919,0,0,[]
1,1,"[[8417,11920]]",0,0,[],1,0,[],0,0,0,0,0,[],11920,0,0,[]
2,2,"[[1204,11922],[6339,11922]]",0,0,[],2,0,[],0,0,0,0,0,[],11922,0,0,[]
2,2,"[[11281,11923],[11798,11923]]",0,0,[],2,0,[],0,0,0,0,0,[],11923,0,0,[]
1,1,"[[6100,11924]]",0,0,[],1,0,[],0,0,0,0,0,[],11924,0,0,[]
2,2,"[[10231,11925],[11925,13116]]",0,0,[],2,0,[],0,0,0,0,0,[],11925,0,0,[]
2,2,"[[4038,11926],[6371,11926]]",0,0,[],2,0,[],0,0,0,0,0,[],11926,0,0,[]
2,2,"[[3682,11928],[7315,11928]]",0,0,[],2,0,[],0,0,0,0,0,[],11928,0,0,[]
1,1,"[[10659,11929]]",0,0,[],1,0,[],0,0,0,0,0,[],11929,0,0,[]
1,1,"[[2386,11931]]",0,0,[],1,0,[],0,0,0,0,0,[],11931,0,0,[]
1,1,"[[11932,13003]]",0,0,[],1,0,[],0,0,0,0,0,[],11932,0,0,[]
1,1,"[[7927,11933]]",0,0,[],1,0,[],0,0,0,0,0,[],11933,0,0,[]
2,2,"[[5482,11934],[8557,11934]]",0,0,[],2,0,[],0,0,0,0,0,[],11934,0,0,[]
2,2,"[[9562,11935],[10659,11935]]",0,0,[],2,0,[],0,0,0,0,0,[],11935,0,0,[]
1,1,"[[10443,11936]]",0,0,[],1,0,[],0,0,0,0,0,[],11936,0,0,[]
2,2,"[[11864,11937],[11937,12487]]",0,0,[],2,0,[],0,0,0,0,0,[],11937,0,0,[]
2,2,"[[11757,11938],[11938,12873]]",0,0,[],2,0,[],0,0,0,0,0,[],11938,0,0,[]
1,1,"[[8617,11939]]",0,0,[],1,0,[],0,0,0,0,0,[],11939,0,0,[]
1,1,"[[11940,13689]]",0,0,[],1,0,[],0,0,0,0,0,[],11940,0,0,[]
2,2,"[[8566,11941],[9787,11941]]",0,0,[],2,0,[],0,0,0,0,0,[],11941,0,0,[]
1,1,"[[9168,11942]]",0,0,[],1,0,[],0,0,0,0,0,[],11942,0,0,[]
1,1,"[[8310,11943]]",0,0,[],1,0,[],0,0,0,0,0,[],11943,0,0,[]
2,2,"[[9406,11944],[11944,12044]]",0,0,[],2,0,[],0,0,0,0,0,[],11944,0,0,[]
2,2,"[[10965,11945],[11945,11953]]",0,0,[],2,0,[],0,0,0,0,0,[],11945,0,0,[]
1,1,"[[5855,11946]]",0,0,[],1,0,[],0,0,0,0,0,[],11946,0,0,[]
1,1,"[[11582,11947]]",0,0,[],1,0,[],0,0,0,0,0,[],11947,0,0,[]
2,2,"[[4427,11949],[4444,11949]]",0,0,[],2,0,[],0,0,0,0,0,[],11949,0,0,[]
1,1,"[[8231,11950]]",0,0,[],1,0,[],0,0,0,0,0,[],11950,0,0,[]
2,2,"[[7827,11951],[10765,11951]]",0,0,[],2,0,[],0,0,0,0,0,[],11951,0,0,[]
1,1,"[[6911,11952]]",0,0,[],1,0,[],0,0,0,0,0,[],11952,0,0,[]
1,1,"[[11953,13536]]",0,0,[],1,0,[],0,0,0,0,0,[],11953,0,0,[]
2,2,"[[11171,11954],[11954,12702]]",0,0,[],2,0,[],0,0,0,0,0,[],11954,0,0,[]
2,2,"[[9729,11955],[11548,11955]]",0,0,[],2,0,[],0,0,0,0,0,[],11955,0,0,[]
1,1,"[[1673,11956]]",0,0,[],1,0,[],0,0,0,0,0,[],11956,0,0,[]
1,1,"[[9545,11957]]",0,0,[],1,0,[],0,0,0,0,0,[],11957,0,0,[]
2,2,"[[631,11958],[7763,11958]]",0,0,[],2,0,[],0,0,0,0,0,[],11958,0,0,[]
2,2,"[[10144,11959],[10815,11959]]",0,0,[],2,0,[],0,0,0,0,0,[],11959,0,0,[]
2,2,"[[9900,11960],[11960,13084]]",0,0,[],2,0,[],0,0,0,0,0,[],11960,0,0,[]
1,1,"[[6321,11961]]",0,0,[],1,0,[],0,0,0,0,0,[],11961,0,0,[]
1,1,"[[11962,12504]]",0,0,[],1,0,[],0,0,0,0,0,[],11962,0,0,[]
1,1,"[[9322,11963]]",0,0,[],1,0,[],0,0,0,0,0,[],11963,0,0,[]
1,1,"[[274,11964]]",0,0,[],1,0,[],0,0,0,0,0,[],11964,0,0,[]
2,2,"[[4938,11965],[5833,11965]]",0,0,[],2,0,[],0,0,0,0,0,[],11965,0,0,[]
2,2,"[[5847,11966],[7925,11966]]",0,0,[],2,0,[],0,0,0,0,0,[],11966,0,0,[]
1,1,"[[6200,11967]]",0,0,[],1,0,[],0,0,0,0,0,[],11967,0,0,[]
1,1,"[[4352,11968]]",0,0,[],1,0,[],0,0,0,0,0,[],11968,0,0,[]
1,1,"[[6605,11969]]",0,0,[],1,0,[],0,0,0,0,0,[],11969,0,0,[]
2,2,"[[11337,11970],[11970,12949]]",0,0,[],2,0,[],0,0,0,0,0,[],11970,0,0,[]
2,2,"[[11971,12846],[11971,13526]]",0,0,[],2,0,[],0,0,0,0,0,[],11971,0,0,[]
2,2,"[[11974,13051],[11974,13338]]",0,0,[],2,0,[],0,0,0,0,0,[],11974,0,0,[]
1,1,"[[7979,11975]]",0,0,[],1,0,[],0,0,0,0,0,[],11975,0,0,[]
1,1,"[[10905,11976]]",0,0,[],1,0,[],0,0,0,0,0,[],11976,0,0,[]
2,2,"[[10814,11977],[11636,11977]]",0,0,[],2,0,[],0,0,0,0,0,[],11977,0,0,[]
1,1,"[[11527,11979]]",0,0,[],1,0,[],0,0,0,0,0,[],11979,0,0,[]
2,2,"[[8789,11980],[9407,11980]]",0,0,[],2,0,[],0,0,0,0,0,[],11980,0,0,[]
1,1,"[[7811,11981]]",0,0,[],1,0,[],0,0,0,0,0,[],11981,0,0,[]
2,2,"[[8377,11982],[11713,11982]]",0,0,[],2,0,[],0,0,0,0,0,[],11982,0,0,[]
2,2,"[[9714,11983],[9729,11983]]",0,0,[],2,0,[],0,0,0,0,0,[],11983,0,0,[]
2,2,"[[4162,11984],[10616,11984]]",0,0,[],2,0,[],0,0,0,0,0,[],11984,0,0,[]
2,2,"[[9235,11985],[11863,11985]]",0,0,[],2,0,[],0,0,0,0,0,[],11985,0,0,[]
1,1,"[[4631,11986]]",0,0,[],1,0,[],0,0,0,0,0,[],11986,0,0,[]
1,1,"[[4913,11987]]",0,0,[],1,0,[],0,0,0,0,0,[],11987,0,0,[]
2,2,"[[8242,11988],[11988,12323]]",0,0,[],2,0,[],0,0,0,0,0,[],11988,0,0,[]
2,2,"[[7973,11990],[10881,11990]]",0,0,[],2,0,[],0,0,0,0,0,[],11990,0,0,[]
2,2,"[[6151,11991],[9240,11991]]",0,0,[],2,0,[],0,0,0,0,0,[],11991,0,0,[]
2,2,"[[10094,11993],[11993,13387]]",0,0,[],2,0,[],0,0,0,0,0,[],11993,0,0,[]
1,1,"[[4260,11994]]",0,0,[],1,0,[],0,0,0,0,0,[],11994,0,0,[]
2,2,"[[837,11996],[4738,11996]]",0,0,[],2,0,[],0,0,0,0,0,[],11996,0,0,[]
2,2,"[[9240,11997],[11108,11997]]",0,0,[],2,0,[],0,0,0,0,0,[],11997,0,0,[]
2,2,"[[2458,11999],[7533,11999]]",0,0,[],2,0,[],0,0,0,0,0,[],11999,0,0,[]
1,1,"[[3778,12000]]",0,0,[],1,0,[],0,0,0,0,0,[],12000,0,0,[]
1,1,"[[5478,12001]]",0,0,[],1,0,[],0,0,0,0,0,[],12001,0,0,[]
1,1,"[[12002,13474]]",0,0,[],1,0,[],0,0,0,0,0,[],12002,0,0,[]
1,1,"[[10506,12004]]",0,0,[],1,0,[],0,0,0,0,0,[],12004,0,0,[]
1,1,"[[11613,12005]]",0,0,[],1,0,[],0,0,0,0,0,[],12005,0,0,[]
2,2,"[[7372,12006],[10942,12006]]",0,0,[],2,0,[],0,0,0,0,0,[],12006,0,0,[]
2,2,"[[11294,12007],[12007,12999]]",0,0,[],2,0,[],0,0,0,0,0,[],12007,0,0,[]
2,2,"[[6480,12008],[7640,12008]]",0,0,[],2,0,[],0,0,0,0,0,[],12008,0,0,[]
1,1,"[[1730,12009]]",0,0,[],1,0,[],0,0,0,0,0,[],12009,0,0,[]
2,2,"[[8269,12010],[12010,12796]]",0,0,[],2,0,[],0,0,0,0,0,[],12010,0,0,[]
2,2,"[[5139,12011],[6456,12011]]",0,0,[],2,0,[],0,0,0,0,0,[],12011,0,0,[]
2,2,"[[3984,12013],[12013,13479]]",0,0,[],2,0,[],0,0,0,0,0,[],12013,0,0,[]
2,2,"[[8342,12015],[11857,12015]]",0,0,[],2,0,[],0,0,0,0,0,[],12015,0,0,[]
1,1,"[[3096,12016]]",0,0,[],1,0,[],0,0,0,0,0,[],12016,0,0,[]
2,2,"[[5310,12017],[10509,12017]]",0,0,[],2,0,[],0,0,0,0,0,[],12017,0,0,[]
1,1,"[[2850,12018]]",0,0,[],1,0,[],0,0,0,0,0,[],12018,0,0,[]
2,2,"[[4341,12019],[8927,12019]]",0,0,[],2,0,[],0,0,0,0,0,[],12019,0,0,[]
2,2,"[[2191,12020],[12020,12687]]",0,0,[],2,0,[],0,0,0,0,0,[],12020,0,0,[]
2,2,"[[5283,12021],[12021,12766]]",0,0,[],2,0,[],0,0,0,0,0,[],12021,0,0,[]
1,1,"[[9659,12022]]",0,0,[],1,0,[],0,0,0,0,0,[],12022,0,0,[]
2,2,"[[11035,12023],[11668,12023]]",0,0,[],2,0,[],0,0,0,0,0,[],12023,0,0,[]
2,2,"[[12024,12773],[12024,13288]]",0,0,[],2,0,[],0,0,0,0,0,[],12024,0,0,[]
1,1,"[[12025,13178]]",0,0,[],1,0,[],0,0,0,0,0,[],12025,0,0,[]
1,1,"[[10416,12026]]",0,0,[],1,0,[],0,0,0,0,0,[],12026,0,0,[]
1,1,"[[9096,12027]]",0,0,[],1,0,[],0,0,0,0,0,[],12027,0,0,[]
2,2,"[[12028,12105],[12028,12486]]",0,0,[],2,0,[],0,0,0,0,0,[],12028,0,0,[]
1,1,"[[9975,12030]]",0,0,[],1,0,[],0,0,0,0,0,[],12030,0,0,[]
1,1,"[[9894,12031]]",0,0,[],1,0,[],0,0,0,0,0,[],12031,0,0,[]
1,1,"[[9497,12034]]",0,0,[],1,0,[],0,0,0,0,0,[],12034,0,0,[]
1,1,"[[8353,12035]]",0,0,[],1,0,[],0,0,0,0,0,[],12035,0,0,[]
1,1,"[[7697,12036]]",0,0,[],1,0,[],0,0,0,0,0,[],12036,0,0,[]
2,2,"[[10225,12037],[11517,12037]]",0,0,[],2,0,[],0,0,0,0,0,[],12037,0,0,[]
2,2,"[[2960,12039],[8108,12039]]",0,0,[],2,0,[],0,0,0,0,0,[],12039,0,0,[]
1,1,"[[2035,12040]]",0,0,[],1,0,[],0,0,0,0,0,[],12040,0,0,[]
2,2,"[[10541,12041],[12041,12669]]",0,0,[],2,0,[],0,0,0,0,0,[],12041,0,0,[]
1,1,"[[10304,12042]]",0,0,[],1,0,[],0,0,0,0,0,[],12042,0,0,[]
1,1,"[[12043,12369]]",0,0,[],1,0,[],0,0,0,0,0,[],12043,0,0,[]
2,2,"[[9984,12044],[10085,12044]]",0,0,[],2,0,[],0,0,0,0,0,[],12044,0,0,[]
1,1,"[[4067,12045]]",0,0,[],1,0,[],0,0,0,0,0,[],12045,0,0,[]
2,2,"[[5124,12046],[8031,12046]]",0,0,[],2,0,[],0,0,0,0,0,[],12046,0,0,[]
2,2,"[[3805,12047],[3945,12047]]",0,0,[],2,0,[],0,0,0,0,0,[],12047,0,0,[]
2,2,"[[6507,12048],[12048,13463]]",0,0,[],2,0,[],0,0,0,0,0,[],12048,0,0,[]
2,2,"[[11868,12049],[12049,12354]]",0,0,[],2,0,[],0,0,0,0,0,[],12049,0,0,[]
1,1,"[[7032,12050]]",0,0,[],1,0,[],0,0,0,0,0,[],12050,0,0,[]
2,2,"[[11877,12052],[12052,13147]]",0,0,[],2,0,[],0,0,0,0,0,[],12052,0,0,[]
2,2,"[[11561,12054],[12054,13653]]",0,0,[],2,0,[],0,0,0,0,0,[],12054,0,0,[]
1,1,"[[2088,12055]]",0,0,[],1,0,[],0,0,0,0,0,[],12055,0,0,[]
1,1,"[[1234,12056]]",0,0,[],1,0,[],0,0,0,0,0,[],12056,0,0,[]
1,1,"[[6686,12057]]",0,0,[],1,0,[],0,0,0,0,0,[],12057,0,0,[]
1,1,"[[7839,12058]]",0,0,[],1,0,[],0,0,0,0,0,[],12058,0,0,[]
1,1,"[[10286,12059]]",0,0,[],1,0,[],0,0,0,0,0,[],12059,0,0,[]
1,1,"[[10927,12061]]",0,0,[],1,0,[],0,0,0,0,0,[],12061,0,0,[]
2,2,"[[7472,12062],[8394,12062]]",0,0,[],2,0,[],0,0,0,0,0,[],12062,0,0,[]
1,1,"[[6464,12063]]",0,0,[],1,0,[],0,0,0,0,0,[],12063,0,0,[]
2,2,"[[10757,12064],[12064,13422]]",0,0,[],2,0,[],0,0,0,0,0,[],12064,0,0,[]
2,2,"[[3195,12065],[9020,12065]]",0,0,[],2,0,[],0,0,0,0,0,[],12065,0,0,[]
1,1,"[[12066,13456]]",0,0,[],1,0,[],0,0,0,0,0,[],12066,0,0,[]
2,2,"[[8385,12067],[10502,12067]]",0,0,[],2,0,[],0,0,0,0,0,[],12067,0,0,[]
2,2,"[[2565,12068],[6206,12068]]",0,0,[],2,0,[],0,0,0,0,0,[],12068,0,0,[]
1,1,"[[12069,12548]]",0,0,[],1,0,[],0,0,0,0,0,[],12069,0,0,[]
2,2,"[[10412,12071],[11466,12071]]",0,0,[],2,0,[],0,0,0,0,0,[],12071,0,0,[]
2,2,"[[11895,12073],[12073,12479]]",0,0,[],2,0,[],0,0,0,0,0,[],12073,0,0,[]
2,2,"[[920,12074],[8898,12074]]",0,0,[],2,0,[],0,0,0,0,0,[],12074,0,0,[]
1,1,"[[11950,12075]]",0,0,[],1,0,[],0,0,0,0,0,[],12075,0,0,[]
2,2,"[[11582,12076],[11947,12076]]",0,0,[],2,0,[],0,0,0,0,0,[],12076,0,0,[]
2,2,"[[10737,12077],[11929,12077]]",0,0,[],2,0,[],0,0,0,0,0,[],12077,0,0,[]
2,2,"[[5687,12078],[9982,12078]]",0,0,[],2,0,[],0,0,0,0,0,[],12078,0,0,[]
2,2,"[[3160,12079],[12079,12286]]",0,0,[],2,0,[],0,0,0,0,0,[],12079,0,0,[]
1,1,"[[6321,12080]]",0,0,[],1,0,[],0,0,0,0,0,[],12080,0,0,[]
2,2,"[[5385,12081],[12081,12389]]",0,0,[],2,0,[],0,0,0,0,0,[],12081,0,0,[]
1,1,"[[7374,12082]]",0,0,[],1,0,[],0,0,0,0,0,[],12082,0,0,[]
1,1,"[[6348,12083]]",0,0,[],1,0,[],0,0,0,0,0,[],12083,0,0,[]
1,1,"[[7458,12084]]",0,0,[],1,0,[],0,0,0,0,0,[],12084,0,0,[]
2,2,"[[6683,12085],[8974,12085]]",0,0,[],2,0,[],0,0,0,0,0,[],12085,0,0,[]
2,2,"[[10897,12086],[12086,13589]]",0,0,[],2,0,[],0,0,0,0,0,[],12086,0,0,[]
2,2,"[[8370,12087],[11721,12087]]",0,0,[],2,0,[],0,0,0,0,0,[],12087,0,0,[]
2,2,"[[9567,12088],[10972,12088]]",0,0,[],2,0,[],0,0,0,0,0,[],12088,0,0,[]
1,1,"[[8473,12089]]",0,0,[],1,0,[],0,0,0,0,0,[],12089,0,0,[]
2,2,"[[8279,12090],[11518,12090]]",0,0,[],2,0,[],0,0,0,0,0,[],12090,0,0,[]
2,2,"[[3564,12091],[7612,12091]]",0,0,[],2,0,[],0,0,0,0,0,[],12091,0,0,[]
2,2,"[[5114,12092],[8443,12092]]",0,0,[],2,0,[],0,0,0,0,0,[],12092,0,0,[]
2,2,"[[8480,12093],[9202,12093]]",0,0,[],2,0,[],0,0,0,0,0,[],12093,0,0,[]
1,1,"[[11438,12094]]",0,0,[],1,0,[],0,0,0,0,0,[],12094,0,0,[]
1,1,"[[12095,12293]]",0,0,[],1,0,[],0,0,0,0,0,[],12095,0,0,[]
1,1,"[[8931,12096]]",0,0,[],1,0,[],0,0,0,0,0,[],12096,0,0,[]
1,1,"[[12097,13210]]",0,0,[],1,0,[],0,0,0,0,0,[],12097,0,0,[]
2,2,"[[9349,12098],[10298,12098]]",0,0,[],2,0,[],0,0,0,0,0,[],12098,0,0,[]
2,2,"[[9162,12099],[10966,12099]]",0,0,[],2,0,[],0,0,0,0,0,[],12099,0,0,[]
2,2,"[[4866,12100],[8929,12100]]",0,0,[],2,0,[],0,0,0,0,0,[],12100,0,0,[]
2,2,"[[4817,12101],[7701,12101]]",0,0,[],2,0,[],0,0,0,0,0,[],12101,0,0,[]
2,2,"[[8680,12102],[12102,12629]]",0,0,[],2,0,[],0,0,0,0,0,[],12102,0,0,[]
2,2,"[[8715,12103],[10184,12103]]",0,0,[],2,0,[],0,0,0,0,0,[],12103,0,0,[]
2,2,"[[5882,12104],[10783,12104]]",0,0,[],2,0,[],0,0,0,0,0,[],12104,0,0,[]
1,1,"[[8948,12105]]",0,0,[],1,0,[],0,0,0,0,0,[],12105,0,0,[]
1,1,"[[5100,12106]]",0,0,[],1,0,[],0,0,0,0,0,[],12106,0,0,[]
2,2,"[[2699,12107],[6219,12107]]",0,0,[],2,0,[],0,0,0,0,0,[],12107,0,0,[]
2,2,"[[3731,12109],[12015,12109]]",0,0,[],2,0,[],0,0,0,0,0,[],12109,0,0,[]
1,1,"[[9217,12111]]",0,0,[],1,0,[],0,0,0,0,0,[],12111,0,0,[]
1,1,"[[7619,12112]]",0,0,[],1,0,[],0,0,0,0,0,[],12112,0,0,[]
2,2,"[[4909,12113],[10460,12113]]",0,0,[],2,0,[],0,0,0,0,0,[],12113,0,0,[]
1,1,"[[9030,12114]]",0,0,[],1,0,[],0,0,0,0,0,[],12114,0,0,[]
1,1,"[[12115,13015]]",0,0,[],1,0,[],0,0,0,0,0,[],12115,0,0,[]
2,2,"[[2307,12117],[10559,12117]]",0,0,[],2,0,[],0,0,0,0,0,[],12117,0,0,[]
1,1,"[[10362,12118]]",0,0,[],1,0,[],0,0,0,0,0,[],12118,0,0,[]
2,2,"[[4279,12119],[12119,13134]]",0,0,[],2,0,[],0,0,0,0,0,[],12119,0,0,[]
1,1,"[[11329,12120]]",0,0,[],1,0,[],0,0,0,0,0,[],12120,0,0,[]
2,2,"[[11053,12121],[11407,12121]]",0,0,[],2,0,[],0,0,0,0,0,[],12121,0,0,[]
2,2,"[[8230,12122],[11484,12122]]",0,0,[],2,0,[],0,0,0,0,0,[],12122,0,0,[]
2,2,"[[4338,12123],[10459,12123]]",0,0,[],2,0,[],0,0,0,0,0,[],12123,0,0,[]
1,1,"[[10378,12124]]",0,0,[],1,0,[],0,0,0,0,0,[],12124,0,0,[]
2,2,"[[6050,12125],[12005,12125]]",0,0,[],2,0,[],0,0,0,0,0,[],12125,0,0,[]
2,2,"[[11816,12126],[12126,13202]]",0,0,[],2,0,[],0,0,0,0,0,[],12126,0,0,[]
2,2,"[[4802,12127],[6477,12127]]",0,0,[],2,0,[],0,0,0,0,0,[],12127,0,0,[]
1,1,"[[10426,12128]]",0,0,[],1,0,[],0,0,0,0,0,[],12128,0,0,[]
1,1,"[[12129,12836]]",0,0,[],1,0,[],0,0,0,0,0,[],12129,0,0,[]
2,2,"[[10321,12130],[11836,12130]]",0,0,[],2,0,[],0,0,0,0,0,[],12130,0,0,[]
2,2,"[[9303,12131],[12131,13027]]",0,0,[],2,0,[],0,0,0,0,0,[],12131,0,0,[]
2,2,"[[6162,12132],[6660,12132]]",0,0,[],2,0,[],0,0,0,0,0,[],12132,0,0,[]
1,1,"[[8501,12133]]",0,0,[],1,0,[],0,0,0,0,0,[],12133,0,0,[]
1,1,"[[11702,12134]]",0,0,[],1,0,[],0,0,0,0,0,[],12134,0,0,[]
2,2,"[[4913,12135],[11987,12135]]",0,0,[],2,0,[],0,0,0,0,0,[],12135,0,0,[]
1,1,"[[12124,12136]]",0,0,[],1,0,[],0,0,0,0,0,[],12136,0,0,[]
1,1,"[[9653,12137]]",0,0,[],1,0,[],0,0,0,0,0,[],12137,0,0,[]
2,2,"[[7145,12138],[9390,12138]]",0,0,[],2,0,[],0,0,0,0,0,[],12138,0,0,[]
1,1,"[[9492,12139]]",0,0,[],1,0,[],0,0,0,0,0,[],12139,0,0,[]
1,1,"[[7216,12140]]",0,0,[],1,0,[],0,0,0,0,0,[],12140,0,0,[]
1,1,"[[3000,12141]]",0,0,[],1,0,[],0,0,0,0,0,[],12141,0,0,[]
1,1,"[[12142,13305]]",0,0,[],1,0,[],0,0,0,0,0,[],12142,0,0,[]
2,2,"[[3767,12143],[9527,12143]]",0,0,[],2,0,[],0,0,0,0,0,[],12143,0,0,[]
2,2,"[[10037,12144],[11093,12144]]",0,0,[],2,0,[],0,0,0,0,0,[],12144,0,0,[]
1,1,"[[10840,12145]]",0,0,[],1,0,[],0,0,0,0,0,[],12145,0,0,[]
1,1,"[[11591,12146]]",0,0,[],1,0,[],0,0,0,0,0,[],12146,0,0,[]
1,1,"[[7794,12147]]",0,0,[],1,0,[],0,0,0,0,0,[],12147,0,0,[]
1,1,"[[11587,12148]]",0,0,[],1,0,[],0,0,0,0,0,[],12148,0,0,[]
1,1,"[[11431,12149]]",0,0,[],1,0,[],0,0,0,0,0,[],12149,0,0,[]
1,1,"[[12060,12150]]",0,0,[],1,0,[],0,0,0,0,0,[],12150,0,0,[]
2,2,"[[8710,12151],[11744,12151]]",0,0,[],2,0,[],0,0,0,0,0,[],12151,0,0,[]
2,2,"[[8407,12152],[10908,12152]]",0,0,[],2,0,[],0,0,0,0,0,[],12152,0,0,[]
2,2,"[[8698,12153],[10513,12153]]",0,0,[],2,0,[],0,0,0,0,0,[],12153,0,0,[]
2,2,"[[8396,12154],[10308,12154]]",0,0,[],2,0,[],0,0,0,0,0,[],12154,0,0,[]
2,2,"[[403,12155],[12155,12168]]",0,0,[],2,0,[],0,0,0,0,0,[],12155,0,0,[]
2,2,"[[12156,12171],[12156,13031]]",0,0,[],2,0,[],0,0,0,0,0,[],12156,0,0,[]
2,2,"[[12157,13186],[12157,13299]]",0,0,[],2,0,[],0,0,0,0,0,[],12157,0,0,[]
2,2,"[[4684,12158],[11540,12158]]",0,0,[],2,0,[],0,0,0,0,0,[],12158,0,0,[]
2,2,"[[9466,12159],[12159,12700]]",0,0,[],2,0,[],0,0,0,0,0,[],12159,0,0,[]
1,1,"[[12160,12514]]",0,0,[],1,0,[],0,0,0,0,0,[],12160,0,0,[]
2,2,"[[7146,12161],[7636,12161]]",0,0,[],2,0,[],0,0,0,0,0,[],12161,0,0,[]
2,2,"[[11819,12162],[12162,13373]]",0,0,[],2,0,[],0,0,0,0,0,[],12162,0,0,[]
2,2,"[[3423,12163],[9649,12163]]",0,0,[],2,0,[],0,0,0,0,0,[],12163,0,0,[]
1,1,"[[12164,13339]]",0,0,[],1,0,[],0,0,0,0,0,[],12164,0,0,[]
1,1,"[[10858,12165]]",0,0,[],1,0,[],0,0,0,0,0,[],12165,0,0,[]
2,2,"[[8733,12166],[9429,12166]]",0,0,[],2,0,[],0,0,0,0,0,[],12166,0,0,[]
2,2,"[[10603,12167],[10830,12167]]",0,0,[],2,0,[],0,0,0,0,0,[],12167,0,0,[]
1,1,"[[3304,12168]]",0,0,[],1,0,[],0,0,0,0,0,[],12168,0,0,[]
2,2,"[[6931,12169],[8225,12169]]",0,0,[],2,0,[],0,0,0,0,0,[],12169,0,0,[]
1,1,"[[12170,12264]]",0,0,[],1,0,[],0,0,0,0,0,[],12170,0,0,[]
2,2,"[[12171,13031],[12171,13241]]",0,0,[],2,0,[],0,0,0,0,0,[],12171,0,0,[]
2,2,"[[7233,12172],[10413,12172]]",0,0,[],2,0,[],0,0,0,0,0,[],12172,0,0,[]
1,1,"[[10252,12173]]",0,0,[],1,0,[],0,0,0,0,0,[],12173,0,0,[]
2,2,"[[10050,12174],[10232,12174]]",0,0,[],2,0,[],0,0,0,0,0,[],12174,0,0,[]
2,2,"[[1260,12175],[8627,12175]]",0,0,[],2,0,[],0,0,0,0,0,[],12175,0,0,[]
2,2,"[[10071,12176],[10666,12176]]",0,0,[],2,0,[],0,0,0,0,0,[],12176,0,0,[]
2,2,"[[12105,12178],[12178,13306]]",0,0,[],2,0,[],0,0,0,0,0,[],12178,0,0,[]
2,2,"[[9242,12179],[11737,12179]]",0,0,[],2,0,[],0,0,0,0,0,[],12179,0,0,[]
2,2,"[[4843,12180],[12084,12180]]",0,0,[],2,0,[],0,0,0,0,0,[],12180,0,0,[]
2,2,"[[5927,12181],[6623,12181]]",0,0,[],2,0,[],0,0,0,0,0,[],12181,0,0,[]
1,1,"[[8321,12182]]",0,0,[],1,0,[],0,0,0,0,0,[],12182,0,0,[]
1,1,"[[12183,12976]]",0,0,[],1,0,[],0,0,0,0,0,[],12183,0,0,[]
2,2,"[[10774,12184],[12184,12866]]",0,0,[],2,0,[],0,0,0,0,0,[],12184,0,0,[]
1,1,"[[10528,12185]]",0,0,[],1,0,[],0,0,0,0,0,[],12185,0,0,[]
2,2,"[[12186,12913],[12186,13504]]",0,0,[],2,0,[],0,0,0,0,0,[],12186,0,0,[]
1,1,"[[5807,12187]]",0,0,[],1,0,[],0,0,0,0,0,[],12187,0,0,[]
2,2,"[[1234,12189],[12056,12189]]",0,0,[],2,0,[],0,0,0,0,0,[],12189,0,0,[]
2,2,"[[11051,12190],[11147,12190]]",0,0,[],2,0,[],0,0,0,0,0,[],12190,0,0,[]
2,2,"[[6677,12191],[10531,12191]]",0,0,[],2,0,[],0,0,0,0,0,[],12191,0,0,[]
1,1,"[[6800,12192]]",0,0,[],1,0,[],0,0,0,0,0,[],12192,0,0,[]
1,1,"[[12193,13600]]",0,0,[],1,0,[],0,0,0,0,0,[],12193,0,0,[]
2,2,"[[3261,12194],[8934,12194]]",0,0,[],2,0,[],0,0,0,0,0,[],12194,0,0,[]
2,2,"[[6517,12195],[10097,12195]]",0,0,[],2,0,[],0,0,0,0,0,[],12195,0,0,[]
2,2,"[[3222,12196],[12196,12813]]",0,0,[],2,0,[],0,0,0,0,0,[],12196,0,0,[]
1,1,"[[10232,12197]]",0,0,[],1,0,[],0,0,0,0,0,[],12197,0,0,[]
1,1,"[[11328,12198]]",0,0,[],1,0,[],0,0,0,0,0,[],12198,0,0,[]
2,2,"[[10588,12199],[12199,12647]]",0,0,[],2,0,[],0,0,0,0,0,[],12199,0,0,[]
1,1,"[[7433,12200]]",0,0,[],1,0,[],0,0,0,0,0,[],12200,0,0,[]
2,2,"[[2660,12201],[4746,12201]]",0,0,[],2,0,[],0,0,0,0,0,[],12201,0,0,[]
2,2,"[[5499,12202],[11794,12202]]",0,0,[],2,0,[],0,0,0,0,0,[],12202,0,0,[]
2,2,"[[4255,12203],[5466,12203]]",0,0,[],2,0,[],0,0,0,0,0,[],12203,0,0,[]
2,2,"[[7822,12205],[9551,12205]]",0,0,[],2,0,[],0,0,0,0,0,[],12205,0,0,[]
1,1,"[[10966,12206]]",0,0,[],1,0,[],0,0,0,0,0,[],12206,0,0,[]
1,1,"[[8762,12207]]",0,0,[],1,0,[],0,0,0,0,0,[],12207,0,0,[]
2,2,"[[10946,12208],[12208,12297]]",0,0,[],2,0,[],0,0,0,0,0,[],12208,0,0,[]
1,1,"[[12209,13225]]",0,0,[],1,0,[],0,0,0,0,0,[],12209,0,0,[]
1,1,"[[12210,12601]]",0,0,[],1,0,[],0,0,0,0,0,[],12210,0,0,[]
1,1,"[[8711,12211]]",0,0,[],1,0,[],0,0,0,0,0,[],12211,0,0,[]
2,2,"[[11335,12212],[12212,13532]]",0,0,[],2,0,[],0,0,0,0,0,[],12212,0,0,[]
2,2,"[[8974,12213],[11062,12213]]",0,0,[],2,0,[],0,0,0,0,0,[],12213,0,0,[]
1,1,"[[11129,12214]]",0,0,[],1,0,[],0,0,0,0,0,[],12214,0,0,[]
2,2,"[[5222,12215],[7381,12215]]",0,0,[],2,0,[],0,0,0,0,0,[],12215,0,0,[]
2,2,"[[1552,12216],[8422,12216]]",0,0,[],2,0,[],0,0,0,0,0,[],12216,0,0,[]
1,1,"[[3193,12217]]",0,0,[],1,0,[],0,0,0,0,0,[],12217,0,0,[]
2,2,"[[9538,12218],[10624,12218]]",0,0,[],2,0,[],0,0,0,0,0,[],12218,0,0,[]
2,2,"[[8777,12219],[12114,12219]]",0,0,[],2,0,[],0,0,0,0,0,[],12219,0,0,[]
1,1,"[[12220,12492]]",0,0,[],1,0,[],0,0,0,0,0,[],12220,0,0,[]
1,1,"[[11448,12221]]",0,0,[],1,0,[],0,0,0,0,0,[],12221,0,0,[]
2,2,"[[5169,12222],[7216,12222]]",0,0,[],2,0,[],0,0,0,0,0,[],12222,0,0,[]
1,1,"[[12223,12936]]",0,0,[],1,0,[],0,0,0,0,0,[],12223,0,0,[]
2,2,"[[44,12224],[9503,12224]]",0,0,[],2,0,[],0,0,0,0,0,[],12224,0,0,[]
1,1,"[[12225,12575]]",0,0,[],1,0,[],0,0,0,0,0,[],12225,0,0,[]
1,1,"[[12226,13219]]",0,0,[],1,0,[],0,0,0,0,0,[],12226,0,0,[]
2,2,"[[11388,12227],[11493,12227]]",0,0,[],2,0,[],0,0,0,0,0,[],12227,0,0,[]
1,1,"[[10294,12228]]",0,0,[],1,0,[],0,0,0,0,0,[],12228,0,0,[]
2,2,"[[6236,12229],[11765,12229]]",0,0,[],2,0,[],0,0,0,0,0,[],12229,0,0,[]
2,2,"[[8135,12230],[9211,12230]]",0,0,[],2,0,[],0,0,0,0,0,[],12230,0,0,[]
2,2,"[[6880,12231],[11113,12231]]",0,0,[],2,0,[],0,0,0,0,0,[],12231,0,0,[]
2,2,"[[6078,12232],[9948,12232]]",0,0,[],2,0,[],0,0,0,0,0,[],12232,0,0,[]
2,2,"[[4842,12233],[7902,12233]]",0,0,[],2,0,[],0,0,0,0,0,[],12233,0,0,[]
1,1,"[[3706,12234]]",0,0,[],1,0,[],0,0,0,0,0,[],12234,0,0,[]
2,2,"[[7120,12235],[12235,13284]]",0,0,[],2,0,[],0,0,0,0,0,[],12235,0,0,[]
1,1,"[[8009,12236]]",0,0,[],1,0,[],0,0,0,0,0,[],12236,0,0,[]
1,1,"[[12237,12520]]",0,0,[],1,0,[],0,0,0,0,0,[],12237,0,0,[]
2,2,"[[6829,12238],[9694,12238]]",0,0,[],2,0,[],0,0,0,0,0,[],12238,0,0,[]
1,1,"[[3989,12239]]",0,0,[],1,0,[],0,0,0,0,0,[],12239,0,0,[]
1,1,"[[8994,12240]]",0,0,[],1,0,[],0,0,0,0,0,[],12240,0,0,[]
1,1,"[[5056,12241]]",0,0,[],1,0,[],0,0,0,0,0,[],12241,0,0,[]
2,2,"[[8698,12242],[11002,12242]]",0,0,[],2,0,[],0,0,0,0,0,[],12242,0,0,[]
1,1,"[[3215,12243]]",0,0,[],1,0,[],0,0,0,0,0,[],12243,0,0,[]
2,2,"[[7478,12244],[8462,12244]]",0,0,[],2,0,[],0,0,0,0,0,[],12244,0,0,[]
2,2,"[[8836,12245],[12245,13455]]",0,0,[],2,0,[],0,0,0,0,0,[],12245,0,0,[]
2,2,"[[7445,12246],[8160,12246]]",0,0,[],2,0,[],0,0,0,0,0,[],12246,0,0,[]
1,1,"[[8240,12247]]",0,0,[],1,0,[],0,0,0,0,0,[],12247,0,0,[]
1,1,"[[10747,12248]]",0,0,[],1,0,[],0,0,0,0,0,[],12248,0,0,[]
1,1,"[[4492,12251]]",0,0,[],1,0,[],0,0,0,0,0,[],12251,0,0,[]
1,1,"[[11672,12252]]",0,0,[],1,0,[],0,0,0,0,0,[],12252,0,0,[]
2,2,"[[6538,12253],[11586,12253]]",0,0,[],2,0,[],0,0,0,0,0,[],12253,0,0,[]
1,1,"[[4756,12254]]",0,0,[],1,0,[],0,0,0,0,0,[],12254,0,0,[]
2,2,"[[7607,12255],[9475,12255]]",0,0,[],2,0,[],0,0,0,0,0,[],12255,0,0,[]
1,1,"[[6506,12256]]",0,0,[],1,0,[],0,0,0,0,0,[],12256,0,0,[]
2,2,"[[3597,12257],[3939,12257]]",0,0,[],2,0,[],0,0,0,0,0,[],12257,0,0,[]
2,2,"[[8261,12258],[11020,12258]]",0,0,[],2,0,[],0,0,0,0,0,[],12258,0,0,[]
2,2,"[[4573,12260],[12260,13610]]",0,0,[],2,0,[],0,0,0,0,0,[],12260,0,0,[]
2,2,"[[5154,12261],[10455,12261]]",0,0,[],2,0,[],0,0,0,0,0,[],12261,0,0,[]
2,2,"[[7847,12262],[12262,13232]]",0,0,[],2,0,[],0,0,0,0,0,[],12262,0,0,[]
2,2,"[[8493,12263],[10747,12263]]",0,0,[],2,0,[],0,0,0,0,0,[],12263,0,0,[]
2,2,"[[7642,12264],[8328,12264]]",0,0,[],2,0,[],0,0,0,0,0,[],12264,0,0,[]
2,2,"[[1482,12265],[9577,12265]]",0,0,[],2,0,[],0,0,0,0,0,[],12265,0,0,[]
2,2,"[[5286,12266],[9649,12266]]",0,0,[],2,0,[],0,0,0,0,0,[],12266,0,0,[]
1,1,"[[7363,12267]]",0,0,[],1,0,[],0,0,0,0,0,[],12267,0,0,[]
2,2,"[[10245,12268],[12108,12268]]",0,0,[],2,0,[],0,0,0,0,0,[],12268,0,0,[]
2,2,"[[6680,12269],[9287,12269]]",0,0,[],2,0,[],0,0,0,0,0,[],12269,0,0,[]
1,1,"[[12270,13341]]",0,0,[],1,0,[],0,0,0,0,0,[],12270,0,0,[]
2,2,"[[1118,12272],[9150,12272]]",0,0,[],2,0,[],0,0,0,0,0,[],12272,0,0,[]
1,1,"[[9410,12273]]",0,0,[],1,0,[],0,0,0,0,0,[],12273,0,0,[]
1,1,"[[4177,12274]]",0,0,[],1,0,[],0,0,0,0,0,[],12274,0,0,[]
2,2,"[[10681,12275],[12275,13459]]",0,0,[],2,0,[],0,0,0,0,0,[],12275,0,0,[]
2,2,"[[8480,12276],[11778,12276]]",0,0,[],2,0,[],0,0,0,0,0,[],12276,0,0,[]
2,2,"[[7698,12277],[9811,12277]]",0,0,[],2,0,[],0,0,0,0,0,[],12277,0,0,[]
2,2,"[[4573,12278],[5101,12278]]",0,0,[],2,0,[],0,0,0,0,0,[],12278,0,0,[]
2,2,"[[9690,12279],[12279,13024]]",0,0,[],2,0,[],0,0,0,0,0,[],12279,0,0,[]
2,2,"[[9524,12280],[10009,12280]]",0,0,[],2,0,[],0,0,0,0,0,[],12280,0,0,[]
2,2,"[[9117,12281],[10288,12281]]",0,0,[],2,0,[],0,0,0,0,0,[],12281,0,0,[]
2,2,"[[6171,12282],[8784,12282]]",0,0,[],2,0,[],0,0,0,0,0,[],12282,0,0,[]
2,2,"[[5850,12283],[6180,12283]]",0,0,[],2,0,[],0,0,0,0,0,[],12283,0,0,[]
2,2,"[[12284,12443],[12284,12545]]",0,0,[],2,0,[],0,0,0,0,0,[],12284,0,0,[]
1,1,"[[11365,12286]]",0,0,[],1,0,[],0,0,0,0,0,[],12286,0,0,[]
1,1,"[[3536,12287]]",0,0,[],1,0,[],0,0,0,0,0,[],12287,0,0,[]
2,2,"[[3777,12288],[7940,12288]]",0,0,[],2,0,[],0,0,0,0,0,[],12288,0,0,[]
1,1,"[[10305,12290]]",0,0,[],1,0,[],0,0,0,0,0,[],12290,0,0,[]
2,2,"[[9515,12291],[11032,12291]]",0,0,[],2,0,[],0,0,0,0,0,[],12291,0,0,[]
1,1,"[[4588,12292]]",0,0,[],1,0,[],0,0,0,0,0,[],12292,0,0,[]
2,2,"[[6676,12293],[9529,12293]]",0,0,[],2,0,[],0,0,0,0,0,[],12293,0,0,[]
1,1,"[[7211,12295]]",0,0,[],1,0,[],0,0,0,0,0,[],12295,0,0,[]
1,1,"[[12296,13106]]",0,0,[],1,0,[],0,0,0,0,0,[],12296,0,0,[]
2,2,"[[8390,12298],[8791,12298]]",0,0,[],2,0,[],0,0,0,0,0,[],12298,0,0,[]
2,2,"[[567,12299],[633,12299]]",0,0,[],2,0,[],0,0,0,0,0,[],12299,0,0,[]
1,1,"[[4765,12300]]",0,0,[],1,0,[],0,0,0,0,0,[],12300,0,0,[]
2,2,"[[6932,12303],[12303,13166]]",0,0,[],2,0,[],0,0,0,0,0,[],12303,0,0,[]
1,1,"[[8111,12304]]",0,0,[],1,0,[],0,0,0,0,0,[],12304,0,0,[]
1,1,"[[5337,12305]]",0,0,[],1,0,[],0,0,0,0,0,[],12305,0,0,[]
2,2,"[[9126,12306],[12306,13592]]",0,0,[],2,0,[],0,0,0,0,0,[],12306,0,0,[]
2,2,"[[3132,12309],[6604,12309]]",0,0,[],2,0,[],0,0,0,0,0,[],12309,0,0,[]
1,1,"[[7474,12310]]",0,0,[],1,0,[],0,0,0,0,0,[],12310,0,0,[]
2,2,"[[9879,12311],[12311,13450]]",0,0,[],2,0,[],0,0,0,0,0,[],12311,0,0,[]
2,2,"[[7962,12312],[8759,12312]]",0,0,[],2,0,[],0,0,0,0,0,[],12312,0,0,[]
2,2,"[[5528,12313],[8607,12313]]",0,0,[],2,0,[],0,0,0,0,0,[],12313,0,0,[]
2,2,"[[8627,12314],[9642,12314]]",0,0,[],2,0,[],0,0,0,0,0,[],12314,0,0,[]
1,1,"[[11352,12315]]",0,0,[],1,0,[],0,0,0,0,0,[],12315,0,0,[]
1,1,"[[4946,12316]]",0,0,[],1,0,[],0,0,0,0,0,[],12316,0,0,[]
1,1,"[[3089,12317]]",0,0,[],1,0,[],0,0,0,0,0,[],12317,0,0,[]
1,1,"[[5329,12318]]",0,0,[],1,0,[],0,0,0,0,0,[],12318,0,0,[]
2,2,"[[11682,12319],[12319,12945]]",0,0,[],2,0,[],0,0,0,0,0,[],12319,0,0,[]
1,1,"[[9758,12320]]",0,0,[],1,0,[],0,0,0,0,0,[],12320,0,0,[]
2,2,"[[8884,12322],[10512,12322]]",0,0,[],2,0,[],0,0,0,0,0,[],12322,0,0,[]
1,1,"[[12323,13081]]",0,0,[],1,0,[],0,0,0,0,0,[],12323,0,0,[]
2,2,"[[3657,12324],[10566,12324]]",0,0,[],2,0,[],0,0,0,0,0,[],12324,0,0,[]
2,2,"[[4520,12325],[10547,12325]]",0,0,[],2,0,[],0,0,0,0,0,[],12325,0,0,[]
2,2,"[[9039,12326],[11573,12326]]",0,0,[],2,0,[],0,0,0,0,0,[],12326,0,0,[]
1,1,"[[8757,12327]]",0,0,[],1,0,[],0,0,0,0,0,[],12327,0,0,[]
1,1,"[[8664,12328]]",0,0,[],1,0,[],0,0,0,0,0,[],12328,0,0,[]
2,2,"[[12329,12768],[12329,12870]]",0,0,[],2,0,[],0,0,0,0,0,[],12329,0,0,[]
2,2,"[[6092,12330],[6402,12330]]",0,0,[],2,0,[],0,0,0,0,0,[],12330,0,0,[]
1,1,"[[12332,12501]]",0,0,[],1,0,[],0,0,0,0,0,[],12332,0,0,[]
1,1,"[[2680,12333]]",0,0,[],1,0,[],0,0,0,0,0,[],12333,0,0,[]
1,1,"[[10024,12336]]",0,0,[],1,0,[],0,0,0,0,0,[],12336,0,0,[]
2,2,"[[7419,12338],[11490,12338]]",0,0,[],2,0,[],0,0,0,0,0,[],12338,0,0,[]
1,1,"[[9711,12339]]",0,0,[],1,0,[],0,0,0,0,0,[],12339,0,0,[]
1,1,"[[12340,13260]]",0,0,[],1,0,[],0,0,0,0,0,[],12340,0,0,[]
1,1,"[[12341,12479]]",0,0,[],1,0,[],0,0,0,0,0,[],12341,0,0,[]
2,2,"[[3548,12342],[9179,12342]]",0,0,[],2,0,[],0,0,0,0,0,[],12342,0,0,[]
1,1,"[[10705,12343]]",0,0,[],1,0,[],0,0,0,0,0,[],12343,0,0,[]
2,2,"[[11902,12344],[12344,12965]]",0,0,[],2,0,[],0,0,0,0,0,[],12344,0,0,[]
2,2,"[[10411,12345],[12345,13312]]",0,0,[],2,0,[],0,0,0,0,0,[],12345,0,0,[]
2,2,"[[11714,12346],[12346,13449]]",0,0,[],2,0,[],0,0,0,0,0,[],12346,0,0,[]
1,1,"[[8608,12347]]",0,0,[],1,0,[],0,0,0,0,0,[],12347,0,0,[]
2,2,"[[6805,12348],[9996,12348]]",0,0,[],2,0,[],0,0,0,0,0,[],12348,0,0,[]
2,2,"[[10946,12349],[12297,12349]]",0,0,[],2,0,[],0,0,0,0,0,[],12349,0,0,[]
1,1,"[[8456,12350]]",0,0,[],1,0,[],0,0,0,0,0,[],12350,0,0,[]
2,2,"[[11466,12351],[12026,12351]]",0,0,[],2,0,[],0,0,0,0,0,[],12351,0,0,[]
1,1,"[[11325,12352]]",0,0,[],1,0,[],0,0,0,0,0,[],12352,0,0,[]
1,1,"[[6479,12353]]",0,0,[],1,0,[],0,0,0,0,0,[],12353,0,0,[]
2,2,"[[10002,12356],[12326,12356]]",0,0,[],2,0,[],0,0,0,0,0,[],12356,0,0,[]
1,1,"[[5381,12357]]",0,0,[],1,0,[],0,0,0,0,0,[],12357,0,0,[]
2,2,"[[7795,12358],[9942,12358]]",0,0,[],2,0,[],0,0,0,0,0,[],12358,0,0,[]
2,2,"[[8116,12360],[9280,12360]]",0,0,[],2,0,[],0,0,0,0,0,[],12360,0,0,[]
2,2,"[[10378,12361],[10790,12361]]",0,0,[],2,0,[],0,0,0,0,0,[],12361,0,0,[]
2,2,"[[8837,12362],[11863,12362]]",0,0,[],2,0,[],0,0,0,0,0,[],12362,0,0,[]
2,2,"[[2470,12363],[8749,12363]]",0,0,[],2,0,[],0,0,0,0,0,[],12363,0,0,[]
2,2,"[[7241,12364],[8972,12364]]",0,0,[],2,0,[],0,0,0,0,0,[],12364,0,0,[]
1,1,"[[6628,12366]]",0,0,[],1,0,[],0,0,0,0,0,[],12366,0,0,[]
2,2,"[[9248,12367],[11020,12367]]",0,0,[],2,0,[],0,0,0,0,0,[],12367,0,0,[]
2,2,"[[7332,12368],[12167,12368]]",0,0,[],2,0,[],0,0,0,0,0,[],12368,0,0,[]
2,2,"[[11859,12369],[12369,12907]]",0,0,[],2,0,[],0,0,0,0,0,[],12369,0,0,[]
2,2,"[[10652,12370],[12370,12939]]",0,0,[],2,0,[],0,0,0,0,0,[],12370,0,0,[]
2,2,"[[4891,12372],[6735,12372]]",0,0,[],2,0,[],0,0,0,0,0,[],12372,0,0,[]
2,2,"[[10037,12374],[12003,12374]]",0,0,[],2,0,[],0,0,0,0,0,[],12374,0,0,[]
2,2,"[[7196,12375],[10820,12375]]",0,0,[],2,0,[],0,0,0,0,0,[],12375,0,0,[]
2,2,"[[11227,12376],[11562,12376]]",0,0,[],2,0,[],0,0,0,0,0,[],12376,0,0,[]
1,1,"[[12197,12377]]",0,0,[],1,0,[],0,0,0,0,0,[],12377,0,0,[]
1,1,"[[10005,12379]]",0,0,[],1,0,[],0,0,0,0,0,[],12379,0,0,[]
2,2,"[[5237,12381],[10686,12381]]",0,0,[],2,0,[],0,0,0,0,0,[],12381,0,0,[]
2,2,"[[2548,12382],[11953,12382]]",0,0,[],2,0,[],0,0,0,0,0,[],12382,0,0,[]
1,1,"[[12008,12383]]",0,0,[],1,0,[],0,0,0,0,0,[],12383,0,0,[]
2,2,"[[7449,12384],[11233,12384]]",0,0,[],2,0,[],0,0,0,0,0,[],12384,0,0,[]
1,1,"[[11685,12385]]",0,0,[],1,0,[],0,0,0,0,0,[],12385,0,0,[]
2,2,"[[7020,12386],[9957,12386]]",0,0,[],2,0,[],0,0,0,0,0,[],12386,0,0,[]
2,2,"[[12045,12387],[12371,12387]]",0,0,[],2,0,[],0,0,0,0,0,[],12387,0,0,[]
2,2,"[[3604,12389],[6248,12389]]",0,0,[],2,0,[],0,0,0,0,0,[],12389,0,0,[]
2,2,"[[6958,12390],[12390,12799]]",0,0,[],2,0,[],0,0,0,0,0,[],12390,0,0,[]
2,2,"[[5186,12391],[7625,12391]]",0,0,[],2,0,[],0,0,0,0,0,[],12391,0,0,[]
1,1,"[[11078,12392]]",0,0,[],1,0,[],0,0,0,0,0,[],12392,0,0,[]
1,1,"[[9436,12393]]",0,0,[],1,0,[],0,0,0,0,0,[],12393,0,0,[]
1,1,"[[5657,12394]]",0,0,[],1,0,[],0,0,0,0,0,[],12394,0,0,[]
1,1,"[[5821,12395]]",0,0,[],1,0,[],0,0,0,0,0,[],12395,0,0,[]
1,1,"[[10213,12396]]",0,0,[],1,0,[],0,0,0,0,0,[],12396,0,0,[]
2,2,"[[4718,12397],[4954,12397]]",0,0,[],2,0,[],0,0,0,0,0,[],12397,0,0,[]
1,1,"[[10002,12398]]",0,0,[],1,0,[],0,0,0,0,0,[],12398,0,0,[]
2,2,"[[12399,12857],[12399,13502]]",0,0,[],2,0,[],0,0,0,0,0,[],12399,0,0,[]
2,2,"[[8921,12400],[10885,12400]]",0,0,[],2,0,[],0,0,0,0,0,[],12400,0,0,[]
1,1,"[[10226,12401]]",0,0,[],1,0,[],0,0,0,0,0,[],12401,0,0,[]
1,1,"[[6912,12402]]",0,0,[],1,0,[],0,0,0,0,0,[],12402,0,0,[]
2,2,"[[4817,12403],[10709,12403]]",0,0,[],2,0,[],0,0,0,0,0,[],12403,0,0,[]
1,1,"[[12404,12499]]",0,0,[],1,0,[],0,0,0,0,0,[],12404,0,0,[]
1,1,"[[5600,12405]]",0,0,[],1,0,[],0,0,0,0,0,[],12405,0,0,[]
1,1,"[[9427,12406]]",0,0,[],1,0,[],0,0,0,0,0,[],12406,0,0,[]
2,2,"[[10393,12407],[12407,12419]]",0,0,[],2,0,[],0,0,0,0,0,[],12407,0,0,[]
2,2,"[[10697,12408],[12296,12408]]",0,0,[],2,0,[],0,0,0,0,0,[],12408,0,0,[]
2,2,"[[8660,12409],[11151,12409]]",0,0,[],2,0,[],0,0,0,0,0,[],12409,0,0,[]
1,1,"[[10488,12410]]",0,0,[],1,0,[],0,0,0,0,0,[],12410,0,0,[]
2,2,"[[9750,12412],[12193,12412]]",0,0,[],2,0,[],0,0,0,0,0,[],12412,0,0,[]
2,2,"[[10969,12413],[12413,12479]]",0,0,[],2,0,[],0,0,0,0,0,[],12413,0,0,[]
2,2,"[[10984,12414],[12048,12414]]",0,0,[],2,0,[],0,0,0,0,0,[],12414,0,0,[]
2,2,"[[7765,12415],[11129,12415]]",0,0,[],2,0,[],0,0,0,0,0,[],12415,0,0,[]
1,1,"[[8628,12416]]",0,0,[],1,0,[],0,0,0,0,0,[],12416,0,0,[]
1,1,"[[12417,12853]]",0,0,[],1,0,[],0,0,0,0,0,[],12417,0,0,[]
2,2,"[[6647,12418],[7962,12418]]",0,0,[],2,0,[],0,0,0,0,0,[],12418,0,0,[]
2,2,"[[8905,12419],[10393,12419]]",0,0,[],2,0,[],0,0,0,0,0,[],12419,0,0,[]
2,2,"[[7233,12420],[8857,12420]]",0,0,[],2,0,[],0,0,0,0,0,[],12420,0,0,[]
1,1,"[[12421,13091]]",0,0,[],1,0,[],0,0,0,0,0,[],12421,0,0,[]
2,2,"[[9205,12422],[11775,12422]]",0,0,[],2,0,[],0,0,0,0,0,[],12422,0,0,[]
2,2,"[[11521,12423],[12423,13230]]",0,0,[],2,0,[],0,0,0,0,0,[],12423,0,0,[]
2,2,"[[9418,12424],[11714,12424]]",0,0,[],2,0,[],0,0,0,0,0,[],12424,0,0,[]
2,2,"[[8451,12425],[11033,12425]]",0,0,[],2,0,[],0,0,0,0,0,[],12425,0,0,[]
1,1,"[[10701,12426]]",0,0,[],1,0,[],0,0,0,0,0,[],12426,0,0,[]
2,2,"[[11129,12427],[12427,13683]]",0,0,[],2,0,[],0,0,0,0,0,[],12427,0,0,[]
2,2,"[[10364,12428],[11596,12428]]",0,0,[],2,0,[],0,0,0,0,0,[],12428,0,0,[]
2,2,"[[10246,12429],[10990,12429]]",0,0,[],2,0,[],0,0,0,0,0,[],12429,0,0,[]
2,2,"[[10628,12430],[12154,12430]]",0,0,[],2,0,[],0,0,0,0,0,[],12430,0,0,[]
2,2,"[[12324,12431],[12431,12906]]",0,0,[],2,0,[],0,0,0,0,0,[],12431,0,0,[]
1,1,"[[10847,12432]]",0,0,[],1,0,[],0,0,0,0,0,[],12432,0,0,[]
2,2,"[[12433,12624],[12433,13450]]",0,0,[],2,0,[],0,0,0,0,0,[],12433,0,0,[]
2,2,"[[10141,12434],[11936,12434]]",0,0,[],2,0,[],0,0,0,0,0,[],12434,0,0,[]
2,2,"[[6864,12435],[9367,12435]]",0,0,[],2,0,[],0,0,0,0,0,[],12435,0,0,[]
1,1,"[[9801,12436]]",0,0,[],1,0,[],0,0,0,0,0,[],12436,0,0,[]
1,1,"[[5221,12437]]",0,0,[],1,0,[],0,0,0,0,0,[],12437,0,0,[]
2,2,"[[7983,12438],[9699,12438]]",0,0,[],2,0,[],0,0,0,0,0,[],12438,0,0,[]
1,1,"[[7599,12439]]",0,0,[],1,0,[],0,0,0,0,0,[],12439,0,0,[]
1,1,"[[3900,12440]]",0,0,[],1,0,[],0,0,0,0,0,[],12440,0,0,[]
1,1,"[[12336,12441]]",0,0,[],1,0,[],0,0,0,0,0,[],12441,0,0,[]
1,1,"[[8788,12442]]",0,0,[],1,0,[],0,0,0,0,0,[],12442,0,0,[]
1,1,"[[8859,12443]]",0,0,[],1,0,[],0,0,0,0,0,[],12443,0,0,[]
2,2,"[[12414,12444],[12444,12863]]",0,0,[],2,0,[],0,0,0,0,0,[],12444,0,0,[]
2,2,"[[8328,12445],[12445,13452]]",0,0,[],2,0,[],0,0,0,0,0,[],12445,0,0,[]
2,2,"[[7634,12446],[12446,12468]]",0,0,[],2,0,[],0,0,0,0,0,[],12446,0,0,[]
1,1,"[[6861,12447]]",0,0,[],1,0,[],0,0,0,0,0,[],12447,0,0,[]
1,1,"[[4768,12448]]",0,0,[],1,0,[],0,0,0,0,0,[],12448,0,0,[]
2,2,"[[9180,12449],[10066,12449]]",0,0,[],2,0,[],0,0,0,0,0,[],12449,0,0,[]
2,2,"[[8010,12450],[12450,12709]]",0,0,[],2,0,[],0,0,0,0,0,[],12450,0,0,[]
1,1,"[[6582,12452]]",0,0,[],1,0,[],0,0,0,0,0,[],12452,0,0,[]
1,1,"[[9977,12453]]",0,0,[],1,0,[],0,0,0,0,0,[],12453,0,0,[]
2,2,"[[4774,12454],[9522,12454]]",0,0,[],2,0,[],0,0,0,0,0,[],12454,0,0,[]
1,1,"[[3657,12455]]",0,0,[],1,0,[],0,0,0,0,0,[],12455,0,0,[]
2,2,"[[11475,12456],[12456,13013]]",0,0,[],2,0,[],0,0,0,0,0,[],12456,0,0,[]
2,2,"[[5270,12457],[10064,12457]]",0,0,[],2,0,[],0,0,0,0,0,[],12457,0,0,[]
2,2,"[[781,12459],[12459,13568]]",0,0,[],2,0,[],0,0,0,0,0,[],12459,0,0,[]
2,2,"[[11795,12460],[12460,13620]]",0,0,[],2,0,[],0,0,0,0,0,[],12460,0,0,[]
2,2,"[[7481,12463],[10469,12463]]",0,0,[],2,0,[],0,0,0,0,0,[],12463,0,0,[]
1,1,"[[12464,13444]]",0,0,[],1,0,[],0,0,0,0,0,[],12464,0,0,[]
1,1,"[[2806,12465]]",0,0,[],1,0,[],0,0,0,0,0,[],12465,0,0,[]
1,1,"[[5579,12466]]",0,0,[],1,0,[],0,0,0,0,0,[],12466,0,0,[]
2,2,"[[4927,12467],[10705,12467]]",0,0,[],2,0,[],0,0,0,0,0,[],12467,0,0,[]
2,2,"[[6401,12468],[9955,12468]]",0,0,[],2,0,[],0,0,0,0,0,[],12468,0,0,[]
2,2,"[[9266,12469],[12469,13367]]",0,0,[],2,0,[],0,0,0,0,0,[],12469,0,0,[]
2,2,"[[6655,12470],[11731,12470]]",0,0,[],2,0,[],0,0,0,0,0,[],12470,0,0,[]
2,2,"[[9332,12471],[11183,12471]]",0,0,[],2,0,[],0,0,0,0,0,[],12471,0,0,[]
1,1,"[[9407,12472]]",0,0,[],1,0,[],0,0,0,0,0,[],12472,0,0,[]
2,2,"[[10387,12473],[12473,13392]]",0,0,[],2,0,[],0,0,0,0,0,[],12473,0,0,[]
2,2,"[[7166,12474],[9784,12474]]",0,0,[],2,0,[],0,0,0,0,0,[],12474,0,0,[]
1,1,"[[9258,12475]]",0,0,[],1,0,[],0,0,0,0,0,[],12475,0,0,[]
2,2,"[[9514,12476],[12476,12608]]",0,0,[],2,0,[],0,0,0,0,0,[],12476,0,0,[]
2,2,"[[5615,12477],[11431,12477]]",0,0,[],2,0,[],0,0,0,0,0,[],12477,0,0,[]
2,2,"[[2040,12478],[9954,12478]]",0,0,[],2,0,[],0,0,0,0,0,[],12478,0,0,[]
2,2,"[[5381,12480],[12026,12480]]",0,0,[],2,0,[],0,0,0,0,0,[],12480,0,0,[]
2,2,"[[6689,12481],[6823,12481]]",0,0,[],2,0,[],0,0,0,0,0,[],12481,0,0,[]
2,2,"[[6785,12482],[9429,12482]]",0,0,[],2,0,[],0,0,0,0,0,[],12482,0,0,[]
2,2,"[[3172,12483],[8791,12483]]",0,0,[],2,0,[],0,0,0,0,0,[],12483,0,0,[]
2,2,"[[6377,12485],[8696,12485]]",0,0,[],2,0,[],0,0,0,0,0,[],12485,0,0,[]
2,2,"[[7607,12486],[12188,12486]]",0,0,[],2,0,[],0,0,0,0,0,[],12486,0,0,[]
1,1,"[[12487,13267]]",0,0,[],1,0,[],0,0,0,0,0,[],12487,0,0,[]
1,1,"[[9563,12488]]",0,0,[],1,0,[],0,0,0,0,0,[],12488,0,0,[]
2,2,"[[8960,12489],[9917,12489]]",0,0,[],2,0,[],0,0,0,0,0,[],12489,0,0,[]
2,2,"[[10385,12490],[12490,13253]]",0,0,[],2,0,[],0,0,0,0,0,[],12490,0,0,[]
2,2,"[[9635,12491],[10255,12491]]",0,0,[],2,0,[],0,0,0,0,0,[],12491,0,0,[]
1,1,"[[11355,12493]]",0,0,[],1,0,[],0,0,0,0,0,[],12493,0,0,[]
2,2,"[[7675,12494],[11150,12494]]",0,0,[],2,0,[],0,0,0,0,0,[],12494,0,0,[]
2,2,"[[8006,12495],[11882,12495]]",0,0,[],2,0,[],0,0,0,0,0,[],12495,0,0,[]
1,1,"[[2344,12496]]",0,0,[],1,0,[],0,0,0,0,0,[],12496,0,0,[]
2,2,"[[9379,12498],[12498,13400]]",0,0,[],2,0,[],0,0,0,0,0,[],12498,0,0,[]
2,2,"[[9061,12499],[12499,13542]]",0,0,[],2,0,[],0,0,0,0,0,[],12499,0,0,[]
2,2,"[[2372,12500],[9455,12500]]",0,0,[],2,0,[],0,0,0,0,0,[],12500,0,0,[]
2,2,"[[6941,12501],[12501,13660]]",0,0,[],2,0,[],0,0,0,0,0,[],12501,0,0,[]
2,2,"[[7350,12502],[8844,12502]]",0,0,[],2,0,[],0,0,0,0,0,[],12502,0,0,[]
2,2,"[[5858,12503],[9660,12503]]",0,0,[],2,0,[],0,0,0,0,0,[],12503,0,0,[]
1,1,"[[10207,12504]]",0,0,[],1,0,[],0,0,0,0,0,[],12504,0,0,[]
2,2,"[[10486,12505],[12505,12678]]",0,0,[],2,0,[],0,0,0,0,0,[],12505,0,0,[]
2,2,"[[4510,12507],[6732,12507]]",0,0,[],2,0,[],0,0,0,0,0,[],12507,0,0,[]
1,1,"[[8728,12509]]",0,0,[],1,0,[],0,0,0,0,0,[],12509,0,0,[]
1,1,"[[11383,12510]]",0,0,[],1,0,[],0,0,0,0,0,[],12510,0,0,[]
1,1,"[[2331,12512]]",0,0,[],1,0,[],0,0,0,0,0,[],12512,0,0,[]
1,1,"[[8525,12513]]",0,0,[],1,0,[],0,0,0,0,0,[],12513,0,0,[]
1,1,"[[9200,12514]]",0,0,[],1,0,[],0,0,0,0,0,[],12514,0,0,[]
1,1,"[[4749,12515]]",0,0,[],1,0,[],0,0,0,0,0,[],12515,0,0,[]
1,1,"[[9827,12516]]",0,0,[],1,0,[],0,0,0,0,0,[],12516,0,0,[]
2,2,"[[9212,12517],[11674,12517]]",0,0,[],2,0,[],0,0,0,0,0,[],12517,0,0,[]
2,2,"[[8837,12518],[11868,12518]]",0,0,[],2,0,[],0,0,0,0,0,[],12518,0,0,[]
1,1,"[[10269,12519]]",0,0,[],1,0,[],0,0,0,0,0,[],12519,0,0,[]
2,2,"[[11119,12520],[11932,12520]]",0,0,[],2,0,[],0,0,0,0,0,[],12520,0,0,[]
2,2,"[[384,12521],[8642,12521]]",0,0,[],2,0,[],0,0,0,0,0,[],12521,0,0,[]
2,2,"[[4487,12522],[11847,12522]]",0,0,[],2,0,[],0,0,0,0,0,[],12522,0,0,[]
1,1,"[[9583,12523]]",0,0,[],1,0,[],0,0,0,0,0,[],12523,0,0,[]
1,1,"[[7959,12524]]",0,0,[],1,0,[],0,0,0,0,0,[],12524,0,0,[]
2,2,"[[12525,12917],[12525,13354]]",0,0,[],2,0,[],0,0,0,0,0,[],12525,0,0,[]
2,2,"[[8248,12526],[9474,12526]]",0,0,[],2,0,[],0,0,0,0,0,[],12526,0,0,[]
2,2,"[[8672,12527],[11790,12527]]",0,0,[],2,0,[],0,0,0,0,0,[],12527,0,0,[]
2,2,"[[4885,12528],[9285,12528]]",0,0,[],2,0,[],0,0,0,0,0,[],12528,0,0,[]
1,1,"[[3448,12529]]",0,0,[],1,0,[],0,0,0,0,0,[],12529,0,0,[]
2,2,"[[10280,12530],[12530,13662]]",0,0,[],2,0,[],0,0,0,0,0,[],12530,0,0,[]
2,2,"[[10395,12531],[12403,12531]]",0,0,[],2,0,[],0,0,0,0,0,[],12531,0,0,[]
2,2,"[[11583,12534],[11915,12534]]",0,0,[],2,0,[],0,0,0,0,0,[],12534,0,0,[]
1,1,"[[9185,12535]]",0,0,[],1,0,[],0,0,0,0,0,[],12535,0,0,[]
2,2,"[[12536,13039],[12536,13645]]",0,0,[],2,0,[],0,0,0,0,0,[],12536,0,0,[]
1,1,"[[12537,13090]]",0,0,[],1,0,[],0,0,0,0,0,[],12537,0,0,[]
2,2,"[[12539,12627],[12539,13098]]",0,0,[],2,0,[],0,0,0,0,0,[],12539,0,0,[]
1,1,"[[7970,12540]]",0,0,[],1,0,[],0,0,0,0,0,[],12540,0,0,[]
2,2,"[[8742,12541],[10665,12541]]",0,0,[],2,0,[],0,0,0,0,0,[],12541,0,0,[]
2,2,"[[1750,12542],[12542,13258]]",0,0,[],2,0,[],0,0,0,0,0,[],12542,0,0,[]
1,1,"[[11558,12544]]",0,0,[],1,0,[],0,0,0,0,0,[],12544,0,0,[]
2,2,"[[10643,12545],[11444,12545]]",0,0,[],2,0,[],0,0,0,0,0,[],12545,0,0,[]
2,2,"[[9783,12546],[9978,12546]]",0,0,[],2,0,[],0,0,0,0,0,[],12546,0,0,[]
2,2,"[[11115,12547],[12547,13037]]",0,0,[],2,0,[],0,0,0,0,0,[],12547,0,0,[]
1,1,"[[12548,12925]]",0,0,[],1,0,[],0,0,0,0,0,[],12548,0,0,[]
2,2,"[[6377,12549],[8696,12549]]",0,0,[],2,0,[],0,0,0,0,0,[],12549,0,0,[]
2,2,"[[8019,12552],[12552,13022]]",0,0,[],2,0,[],0,0,0,0,0,[],12552,0,0,[]
2,2,"[[6628,12553],[6935,12553]]",0,0,[],2,0,[],0,0,0,0,0,[],12553,0,0,[]
1,1,"[[11665,12555]]",0,0,[],1,0,[],0,0,0,0,0,[],12555,0,0,[]
2,2,"[[11960,12556],[12556,12617]]",0,0,[],2,0,[],0,0,0,0,0,[],12556,0,0,[]
2,2,"[[3535,12557],[10596,12557]]",0,0,[],2,0,[],0,0,0,0,0,[],12557,0,0,[]
2,2,"[[11385,12558],[12110,12558]]",0,0,[],2,0,[],0,0,0,0,0,[],12558,0,0,[]
1,1,"[[10165,12559]]",0,0,[],1,0,[],0,0,0,0,0,[],12559,0,0,[]
2,2,"[[10933,12560],[12560,13071]]",0,0,[],2,0,[],0,0,0,0,0,[],12560,0,0,[]
2,2,"[[5719,12561],[5993,12561]]",0,0,[],2,0,[],0,0,0,0,0,[],12561,0,0,[]
1,1,"[[4737,12562]]",0,0,[],1,0,[],0,0,0,0,0,[],12562,0,0,[]
1,1,"[[9672,12563]]",0,0,[],1,0,[],0,0,0,0,0,[],12563,0,0,[]
2,2,"[[10544,12565],[12565,12722]]",0,0,[],2,0,[],0,0,0,0,0,[],12565,0,0,[]
1,1,"[[12541,12566]]",0,0,[],1,0,[],0,0,0,0,0,[],12566,0,0,[]
1,1,"[[8364,12567]]",0,0,[],1,0,[],0,0,0,0,0,[],12567,0,0,[]
2,2,"[[3519,12568],[12568,13624]]",0,0,[],2,0,[],0,0,0,0,0,[],12568,0,0,[]
2,2,"[[9544,12569],[12373,12569]]",0,0,[],2,0,[],0,0,0,0,0,[],12569,0,0,[]
1,1,"[[4661,12570]]",0,0,[],1,0,[],0,0,0,0,0,[],12570,0,0,[]
1,1,"[[11799,12572]]",0,0,[],1,0,[],0,0,0,0,0,[],12572,0,0,[]
2,2,"[[4367,12573],[5442,12573]]",0,0,[],2,0,[],0,0,0,0,0,[],12573,0,0,[]
2,2,"[[12142,12574],[12574,12625]]",0,0,[],2,0,[],0,0,0,0,0,[],12574,0,0,[]
2,2,"[[8851,12575],[11703,12575]]",0,0,[],2,0,[],0,0,0,0,0,[],12575,0,0,[]
2,2,"[[11251,12576],[12576,13461]]",0,0,[],2,0,[],0,0,0,0,0,[],12576,0,0,[]
2,2,"[[5688,12577],[12577,13329]]",0,0,[],2,0,[],0,0,0,0,0,[],12577,0,0,[]
2,2,"[[10477,12578],[12495,12578]]",0,0,[],2,0,[],0,0,0,0,0,[],12578,0,0,[]
2,2,"[[8641,12579],[12579,12665]]",0,0,[],2,0,[],0,0,0,0,0,[],12579,0,0,[]
1,1,"[[9847,12580]]",0,0,[],1,0,[],0,0,0,0,0,[],12580,0,0,[]
2,2,"[[9749,12581],[10469,12581]]",0,0,[],2,0,[],0,0,0,0,0,[],12581,0,0,[]
1,1,"[[9552,12582]]",0,0,[],1,0,[],0,0,0,0,0,[],12582,0,0,[]
2,2,"[[12357,12583],[12583,13297]]",0,0,[],2,0,[],0,0,0,0,0,[],12583,0,0,[]
2,2,"[[8635,12584],[12584,13630]]",0,0,[],2,0,[],0,0,0,0,0,[],12584,0,0,[]
1,1,"[[1395,12585]]",0,0,[],1,0,[],0,0,0,0,0,[],12585,0,0,[]
1,1,"[[6913,12586]]",0,0,[],1,0,[],0,0,0,0,0,[],12586,0,0,[]
2,2,"[[11131,12587],[12587,12697]]",0,0,[],2,0,[],0,0,0,0,0,[],12587,0,0,[]
1,1,"[[8707,12588]]",0,0,[],1,0,[],0,0,0,0,0,[],12588,0,0,[]
2,2,"[[7984,12589],[12589,12815]]",0,0,[],2,0,[],0,0,0,0,0,[],12589,0,0,[]
1,1,"[[1670,12590]]",0,0,[],1,0,[],0,0,0,0,0,[],12590,0,0,[]
1,1,"[[8016,12591]]",0,0,[],1,0,[],0,0,0,0,0,[],12591,0,0,[]
1,1,"[[4990,12592]]",0,0,[],1,0,[],0,0,0,0,0,[],12592,0,0,[]
1,1,"[[5662,12593]]",0,0,[],1,0,[],0,0,0,0,0,[],12593,0,0,[]
2,2,"[[6661,12594],[9774,12594]]",0,0,[],2,0,[],0,0,0,0,0,[],12594,0,0,[]
2,2,"[[8897,12595],[12595,13032]]",0,0,[],2,0,[],0,0,0,0,0,[],12595,0,0,[]
2,2,"[[12596,12777],[12596,13072]]",0,0,[],2,0,[],0,0,0,0,0,[],12596,0,0,[]
2,2,"[[913,12598],[12598,13145]]",0,0,[],2,0,[],0,0,0,0,0,[],12598,0,0,[]
1,1,"[[11753,12599]]",0,0,[],1,0,[],0,0,0,0,0,[],12599,0,0,[]
2,2,"[[12601,12739],[12601,12910]]",0,0,[],2,0,[],0,0,0,0,0,[],12601,0,0,[]
2,2,"[[1981,12602],[6264,12602]]",0,0,[],2,0,[],0,0,0,0,0,[],12602,0,0,[]
2,2,"[[10735,12603],[11045,12603]]",0,0,[],2,0,[],0,0,0,0,0,[],12603,0,0,[]
2,2,"[[9155,12604],[11850,12604]]",0,0,[],2,0,[],0,0,0,0,0,[],12604,0,0,[]
1,1,"[[12187,12605]]",0,0,[],1,0,[],0,0,0,0,0,[],12605,0,0,[]
2,2,"[[4249,12606],[10258,12606]]",0,0,[],2,0,[],0,0,0,0,0,[],12606,0,0,[]
1,1,"[[10792,12607]]",0,0,[],1,0,[],0,0,0,0,0,[],12607,0,0,[]
1,1,"[[11344,12608]]",0,0,[],1,0,[],0,0,0,0,0,[],12608,0,0,[]
1,1,"[[12609,13540]]",0,0,[],1,0,[],0,0,0,0,0,[],12609,0,0,[]
2,2,"[[11842,12610],[12610,13488]]",0,0,[],2,0,[],0,0,0,0,0,[],12610,0,0,[]
1,1,"[[11498,12611]]",0,0,[],1,0,[],0,0,0,0,0,[],12611,0,0,[]
1,1,"[[8683,12612]]",0,0,[],1,0,[],0,0,0,0,0,[],12612,0,0,[]
2,2,"[[6051,12613],[10605,12613]]",0,0,[],2,0,[],0,0,0,0,0,[],12613,0,0,[]
1,1,"[[11873,12614]]",0,0,[],1,0,[],0,0,0,0,0,[],12614,0,0,[]
2,2,"[[5095,12615],[11151,12615]]",0,0,[],2,0,[],0,0,0,0,0,[],12615,0,0,[]
1,1,"[[6200,12616]]",0,0,[],1,0,[],0,0,0,0,0,[],12616,0,0,[]
1,1,"[[10541,12617]]",0,0,[],1,0,[],0,0,0,0,0,[],12617,0,0,[]
2,2,"[[8705,12618],[11217,12618]]",0,0,[],2,0,[],0,0,0,0,0,[],12618,0,0,[]
2,2,"[[11884,12621],[12074,12621]]",0,0,[],2,0,[],0,0,0,0,0,[],12621,0,0,[]
1,1,"[[12622,12702]]",0,0,[],1,0,[],0,0,0,0,0,[],12622,0,0,[]
1,1,"[[12624,12652]]",0,0,[],1,0,[],0,0,0,0,0,[],12624,0,0,[]
1,1,"[[7283,12625]]",0,0,[],1,0,[],0,0,0,0,0,[],12625,0,0,[]
2,2,"[[4963,12626],[12626,12852]]",0,0,[],2,0,[],0,0,0,0,0,[],12626,0,0,[]
2,2,"[[9302,12627],[12627,12984]]",0,0,[],2,0,[],0,0,0,0,0,[],12627,0,0,[]
2,2,"[[11527,12628],[11823,12628]]",0,0,[],2,0,[],0,0,0,0,0,[],12628,0,0,[]
2,2,"[[4591,12629],[10495,12629]]",0,0,[],2,0,[],0,0,0,0,0,[],12629,0,0,[]
2,2,"[[5821,12630],[11783,12630]]",0,0,[],2,0,[],0,0,0,0,0,[],12630,0,0,[]
2,2,"[[8240,12631],[11251,12631]]",0,0,[],2,0,[],0,0,0,0,0,[],12631,0,0,[]
1,1,"[[3128,12632]]",0,0,[],1,0,[],0,0,0,0,0,[],12632,0,0,[]
1,1,"[[1395,12633]]",0,0,[],1,0,[],0,0,0,0,0,[],12633,0,0,[]
2,2,"[[3089,12634],[12317,12634]]",0,0,[],2,0,[],0,0,0,0,0,[],12634,0,0,[]
1,1,"[[8273,12635]]",0,0,[],1,0,[],0,0,0,0,0,[],12635,0,0,[]
2,2,"[[3594,12637],[9785,12637]]",0,0,[],2,0,[],0,0,0,0,0,[],12637,0,0,[]
2,2,"[[7918,12638],[9344,12638]]",0,0,[],2,0,[],0,0,0,0,0,[],12638,0,0,[]
2,2,"[[7250,12639],[7594,12639]]",0,0,[],2,0,[],0,0,0,0,0,[],12639,0,0,[]
2,2,"[[11201,12641],[12641,12754]]",0,0,[],2,0,[],0,0,0,0,0,[],12641,0,0,[]
2,2,"[[8808,12643],[12643,12789]]",0,0,[],2,0,[],0,0,0,0,0,[],12643,0,0,[]
2,2,"[[9225,12644],[11521,12644]]",0,0,[],2,0,[],0,0,0,0,0,[],12644,0,0,[]
1,1,"[[12645,13531]]",0,0,[],1,0,[],0,0,0,0,0,[],12645,0,0,[]
1,1,"[[10137,12646]]",0,0,[],1,0,[],0,0,0,0,0,[],12646,0,0,[]
2,2,"[[7557,12647],[12647,13521]]",0,0,[],2,0,[],0,0,0,0,0,[],12647,0,0,[]
2,2,"[[5671,12650],[7792,12650]]",0,0,[],2,0,[],0,0,0,0,0,[],12650,0,0,[]
2,2,"[[8210,12651],[12651,13027]]",0,0,[],2,0,[],0,0,0,0,0,[],12651,0,0,[]
1,1,"[[12652,13347]]",0,0,[],1,0,[],0,0,0,0,0,[],12652,0,0,[]
2,2,"[[6800,12653],[8273,12653]]",0,0,[],2,0,[],0,0,0,0,0,[],12653,0,0,[]
2,2,"[[6864,12654],[12464,12654]]",0,0,[],2,0,[],0,0,0,0,0,[],12654,0,0,[]
1,1,"[[9889,12655]]",0,0,[],1,0,[],0,0,0,0,0,[],12655,0,0,[]
1,1,"[[8419,12656]]",0,0,[],1,0,[],0,0,0,0,0,[],12656,0,0,[]
2,2,"[[7872,12657],[12657,13066]]",0,0,[],2,0,[],0,0,0,0,0,[],12657,0,0,[]
1,1,"[[2261,12658]]",0,0,[],1,0,[],0,0,0,0,0,[],12658,0,0,[]
1,1,"[[8389,12659]]",0,0,[],1,0,[],0,0,0,0,0,[],12659,0,0,[]
2,2,"[[9354,12660],[12416,12660]]",0,0,[],2,0,[],0,0,0,0,0,[],12660,0,0,[]
2,2,"[[6183,12661],[11142,12661]]",0,0,[],2,0,[],0,0,0,0,0,[],12661,0,0,[]
1,1,"[[10177,12662]]",0,0,[],1,0,[],0,0,0,0,0,[],12662,0,0,[]
2,2,"[[12525,12663],[12663,13245]]",0,0,[],2,0,[],0,0,0,0,0,[],12663,0,0,[]
2,2,"[[4777,12664],[11144,12664]]",0,0,[],2,0,[],0,0,0,0,0,[],12664,0,0,[]
2,2,"[[10933,12665],[11312,12665]]",0,0,[],2,0,[],0,0,0,0,0,[],12665,0,0,[]
2,2,"[[1738,12666],[8000,12666]]",0,0,[],2,0,[],0,0,0,0,0,[],12666,0,0,[]
2,2,"[[11647,12667],[12667,12864]]",0,0,[],2,0,[],0,0,0,0,0,[],12667,0,0,[]
2,2,"[[10541,12668],[12668,13504]]",0,0,[],2,0,[],0,0,0,0,0,[],12668,0,0,[]
2,2,"[[12669,12740],[12669,13097]]",0,0,[],2,0,[],0,0,0,0,0,[],12669,0,0,[]
2,2,"[[10323,12670],[10328,12670]]",0,0,[],2,0,[],0,0,0,0,0,[],12670,0,0,[]
2,2,"[[1838,12671],[12067,12671]]",0,0,[],2,0,[],0,0,0,0,0,[],12671,0,0,[]
2,2,"[[12075,12672],[12672,12820]]",0,0,[],2,0,[],0,0,0,0,0,[],12672,0,0,[]
2,2,"[[3796,12673],[10688,12673]]",0,0,[],2,0,[],0,0,0,0,0,[],12673,0,0,[]
2,2,"[[6628,12674],[12674,12676]]",0,0,[],2,0,[],0,0,0,0,0,[],12674,0,0,[]
2,2,"[[8777,12675],[9072,12675]]",0,0,[],2,0,[],0,0,0,0,0,[],12675,0,0,[]
2,2,"[[6976,12676],[9418,12676]]",0,0,[],2,0,[],0,0,0,0,0,[],12676,0,0,[]
2,2,"[[7779,12677],[10555,12677]]",0,0,[],2,0,[],0,0,0,0,0,[],12677,0,0,[]
2,2,"[[12053,12679],[12679,12777]]",0,0,[],2,0,[],0,0,0,0,0,[],12679,0,0,[]
2,2,"[[12680,12760],[12680,12808]]",0,0,[],2,0,[],0,0,0,0,0,[],12680,0,0,[]
2,2,"[[10198,12681],[11414,12681]]",0,0,[],2,0,[],0,0,0,0,0,[],12681,0,0,[]
1,1,"[[10335,12682]]",0,0,[],1,0,[],0,0,0,0,0,[],12682,0,0,[]
2,2,"[[12221,12683],[12441,12683]]",0,0,[],2,0,[],0,0,0,0,0,[],12683,0,0,[]
2,2,"[[10848,12685],[12685,12697]]",0,0,[],2,0,[],0,0,0,0,0,[],12685,0,0,[]
1,1,"[[12686,13499]]",0,0,[],1,0,[],0,0,0,0,0,[],12686,0,0,[]
2,2,"[[5646,12687],[11713,12687]]",0,0,[],2,0,[],0,0,0,0,0,[],12687,0,0,[]
2,2,"[[9941,12688],[11109,12688]]",0,0,[],2,0,[],0,0,0,0,0,[],12688,0,0,[]
2,2,"[[9758,12690],[12495,12690]]",0,0,[],2,0,[],0,0,0,0,0,[],12690,0,0,[]
2,2,"[[2073,12691],[12540,12691]]",0,0,[],2,0,[],0,0,0,0,0,[],12691,0,0,[]
1,1,"[[9819,12692]]",0,0,[],1,0,[],0,0,0,0,0,[],12692,0,0,[]
2,2,"[[6256,12693],[11010,12693]]",0,0,[],2,0,[],0,0,0,0,0,[],12693,0,0,[]
1,1,"[[11574,12694]]",0,0,[],1,0,[],0,0,0,0,0,[],12694,0,0,[]
2,2,"[[8162,12695],[12590,12695]]",0,0,[],2,0,[],0,0,0,0,0,[],12695,0,0,[]
2,2,"[[3633,12696],[8199,12696]]",0,0,[],2,0,[],0,0,0,0,0,[],12696,0,0,[]
1,1,"[[12479,12697]]",0,0,[],1,0,[],0,0,0,0,0,[],12697,0,0,[]
2,2,"[[10978,12699],[12321,12699]]",0,0,[],2,0,[],0,0,0,0,0,[],12699,0,0,[]
2,2,"[[9225,12700],[10106,12700]]",0,0,[],2,0,[],0,0,0,0,0,[],12700,0,0,[]
2,2,"[[11180,12701],[12002,12701]]",0,0,[],2,0,[],0,0,0,0,0,[],12701,0,0,[]
1,1,"[[7719,12702]]",0,0,[],1,0,[],0,0,0,0,0,[],12702,0,0,[]
1,1,"[[12703,12712]]",0,0,[],1,0,[],0,0,0,0,0,[],12703,0,0,[]
2,2,"[[8511,12704],[10477,12704]]",0,0,[],2,0,[],0,0,0,0,0,[],12704,0,0,[]
2,2,"[[7696,12705],[11207,12705]]",0,0,[],2,0,[],0,0,0,0,0,[],12705,0,0,[]
1,1,"[[7737,12706]]",0,0,[],1,0,[],0,0,0,0,0,[],12706,0,0,[]
1,1,"[[10419,12707]]",0,0,[],1,0,[],0,0,0,0,0,[],12707,0,0,[]
2,2,"[[10989,12708],[12413,12708]]",0,0,[],2,0,[],0,0,0,0,0,[],12708,0,0,[]
2,2,"[[9522,12709],[10827,12709]]",0,0,[],2,0,[],0,0,0,0,0,[],12709,0,0,[]
2,2,"[[5474,12710],[7951,12710]]",0,0,[],2,0,[],0,0,0,0,0,[],12710,0,0,[]
2,2,"[[5912,12711],[11726,12711]]",0,0,[],2,0,[],0,0,0,0,0,[],12711,0,0,[]
1,1,"[[10164,12712]]",0,0,[],1,0,[],0,0,0,0,0,[],12712,0,0,[]
2,2,"[[5787,12714],[10386,12714]]",0,0,[],2,0,[],0,0,0,0,0,[],12714,0,0,[]
2,2,"[[11918,12715],[12715,12805]]",0,0,[],2,0,[],0,0,0,0,0,[],12715,0,0,[]
2,2,"[[11077,12717],[11979,12717]]",0,0,[],2,0,[],0,0,0,0,0,[],12717,0,0,[]
2,2,"[[8343,12718],[12718,13172]]",0,0,[],2,0,[],0,0,0,0,0,[],12718,0,0,[]
2,2,"[[2117,12719],[2650,12719]]",0,0,[],2,0,[],0,0,0,0,0,[],12719,0,0,[]
2,2,"[[190,12720],[8922,12720]]",0,0,[],2,0,[],0,0,0,0,0,[],12720,0,0,[]
1,1,"[[5643,12721]]",0,0,[],1,0,[],0,0,0,0,0,[],12721,0,0,[]
2,2,"[[7464,12722],[12722,13291]]",0,0,[],2,0,[],0,0,0,0,0,[],12722,0,0,[]
2,2,"[[9089,12723],[9129,12723]]",0,0,[],2,0,[],0,0,0,0,0,[],12723,0,0,[]
1,1,"[[3431,12724]]",0,0,[],1,0,[],0,0,0,0,0,[],12724,0,0,[]
1,1,"[[2542,12725]]",0,0,[],1,0,[],0,0,0,0,0,[],12725,0,0,[]
2,2,"[[5482,12726],[8085,12726]]",0,0,[],2,0,[],0,0,0,0,0,[],12726,0,0,[]
1,1,"[[4986,12727]]",0,0,[],1,0,[],0,0,0,0,0,[],12727,0,0,[]
2,2,"[[12058,12728],[12187,12728]]",0,0,[],2,0,[],0,0,0,0,0,[],12728,0,0,[]
2,2,"[[6812,12730],[8580,12730]]",0,0,[],2,0,[],0,0,0,0,0,[],12730,0,0,[]
2,2,"[[6333,12731],[8365,12731]]",0,0,[],2,0,[],0,0,0,0,0,[],12731,0,0,[]
2,2,"[[6244,12732],[12732,13171]]",0,0,[],2,0,[],0,0,0,0,0,[],12732,0,0,[]
2,2,"[[9339,12733],[12733,13308]]",0,0,[],2,0,[],0,0,0,0,0,[],12733,0,0,[]
2,2,"[[5940,12734],[11459,12734]]",0,0,[],2,0,[],0,0,0,0,0,[],12734,0,0,[]
1,1,"[[12735,12795]]",0,0,[],1,0,[],0,0,0,0,0,[],12735,0,0,[]
2,2,"[[8809,12736],[11494,12736]]",0,0,[],2,0,[],0,0,0,0,0,[],12736,0,0,[]
2,2,"[[6318,12737],[6722,12737]]",0,0,[],2,0,[],0,0,0,0,0,[],12737,0,0,[]
1,1,"[[11541,12738]]",0,0,[],1,0,[],0,0,0,0,0,[],12738,0,0,[]
1,1,"[[12014,12739]]",0,0,[],1,0,[],0,0,0,0,0,[],12739,0,0,[]
1,1,"[[10043,12740]]",0,0,[],1,0,[],0,0,0,0,0,[],12740,0,0,[]
2,2,"[[10254,12741],[10399,12741]]",0,0,[],2,0,[],0,0,0,0,0,[],12741,0,0,[]
2,2,"[[3627,12742],[5248,12742]]",0,0,[],2,0,[],0,0,0,0,0,[],12742,0,0,[]
2,2,"[[9267,12743],[12743,13057]]",0,0,[],2,0,[],0,0,0,0,0,[],12743,0,0,[]
1,1,"[[10418,12744]]",0,0,[],1,0,[],0,0,0,0,0,[],12744,0,0,[]
2,2,"[[12186,12745],[12745,13422]]",0,0,[],2,0,[],0,0,0,0,0,[],12745,0,0,[]
2,2,"[[2853,12746],[10150,12746]]",0,0,[],2,0,[],0,0,0,0,0,[],12746,0,0,[]
1,1,"[[9701,12747]]",0,0,[],1,0,[],0,0,0,0,0,[],12747,0,0,[]
2,2,"[[10062,12749],[10314,12749]]",0,0,[],2,0,[],0,0,0,0,0,[],12749,0,0,[]
2,2,"[[7835,12750],[9853,12750]]",0,0,[],2,0,[],0,0,0,0,0,[],12750,0,0,[]
2,2,"[[11967,12751],[12751,12943]]",0,0,[],2,0,[],0,0,0,0,0,[],12751,0,0,[]
1,1,"[[7302,12752]]",0,0,[],1,0,[],0,0,0,0,0,[],12752,0,0,[]
2,2,"[[11147,12753],[12753,12762]]",0,0,[],2,0,[],0,0,0,0,0,[],12753,0,0,[]
2,2,"[[8065,12754],[11912,12754]]",0,0,[],2,0,[],0,0,0,0,0,[],12754,0,0,[]
2,2,"[[3189,12755],[11665,12755]]",0,0,[],2,0,[],0,0,0,0,0,[],12755,0,0,[]
2,2,"[[11418,12756],[12159,12756]]",0,0,[],2,0,[],0,0,0,0,0,[],12756,0,0,[]
2,2,"[[11232,12757],[12757,13218]]",0,0,[],2,0,[],0,0,0,0,0,[],12757,0,0,[]
2,2,"[[11711,12758],[11871,12758]]",0,0,[],2,0,[],0,0,0,0,0,[],12758,0,0,[]
2,2,"[[8766,12759],[11742,12759]]",0,0,[],2,0,[],0,0,0,0,0,[],12759,0,0,[]
1,1,"[[11626,12760]]",0,0,[],1,0,[],0,0,0,0,0,[],12760,0,0,[]
2,2,"[[7954,12762],[11391,12762]]",0,0,[],2,0,[],0,0,0,0,0,[],12762,0,0,[]
2,2,"[[10827,12763],[12672,12763]]",0,0,[],2,0,[],0,0,0,0,0,[],12763,0,0,[]
1,1,"[[11504,12764]]",0,0,[],1,0,[],0,0,0,0,0,[],12764,0,0,[]
2,2,"[[11283,12765],[12090,12765]]",0,0,[],2,0,[],0,0,0,0,0,[],12765,0,0,[]
1,1,"[[10735,12766]]",0,0,[],1,0,[],0,0,0,0,0,[],12766,0,0,[]
2,2,"[[8020,12767],[9642,12767]]",0,0,[],2,0,[],0,0,0,0,0,[],12767,0,0,[]
1,1,"[[11727,12768]]",0,0,[],1,0,[],0,0,0,0,0,[],12768,0,0,[]
2,2,"[[8830,12769],[11981,12769]]",0,0,[],2,0,[],0,0,0,0,0,[],12769,0,0,[]
1,1,"[[9056,12770]]",0,0,[],1,0,[],0,0,0,0,0,[],12770,0,0,[]
2,2,"[[7302,12771],[11034,12771]]",0,0,[],2,0,[],0,0,0,0,0,[],12771,0,0,[]
1,1,"[[9121,12772]]",0,0,[],1,0,[],0,0,0,0,0,[],12772,0,0,[]
2,2,"[[8226,12773],[12773,13129]]",0,0,[],2,0,[],0,0,0,0,0,[],12773,0,0,[]
1,1,"[[11016,12774]]",0,0,[],1,0,[],0,0,0,0,0,[],12774,0,0,[]
1,1,"[[10517,12775]]",0,0,[],1,0,[],0,0,0,0,0,[],12775,0,0,[]
1,1,"[[12776,13525]]",0,0,[],1,0,[],0,0,0,0,0,[],12776,0,0,[]
1,1,"[[3256,12778]]",0,0,[],1,0,[],0,0,0,0,0,[],12778,0,0,[]
1,1,"[[11670,12779]]",0,0,[],1,0,[],0,0,0,0,0,[],12779,0,0,[]
1,1,"[[11107,12780]]",0,0,[],1,0,[],0,0,0,0,0,[],12780,0,0,[]
1,1,"[[10671,12782]]",0,0,[],1,0,[],0,0,0,0,0,[],12782,0,0,[]
2,2,"[[662,12783],[5725,12783]]",0,0,[],2,0,[],0,0,0,0,0,[],12783,0,0,[]
2,2,"[[8994,12784],[9303,12784]]",0,0,[],2,0,[],0,0,0,0,0,[],12784,0,0,[]
1,1,"[[11641,12785]]",0,0,[],1,0,[],0,0,0,0,0,[],12785,0,0,[]
2,2,"[[11055,12786],[12786,12922]]",0,0,[],2,0,[],0,0,0,0,0,[],12786,0,0,[]
2,2,"[[8710,12787],[12787,13146]]",0,0,[],2,0,[],0,0,0,0,0,[],12787,0,0,[]
2,2,"[[2000,12788],[2386,12788]]",0,0,[],2,0,[],0,0,0,0,0,[],12788,0,0,[]
2,2,"[[3277,12790],[12056,12790]]",0,0,[],2,0,[],0,0,0,0,0,[],12790,0,0,[]
2,2,"[[8491,12791],[10879,12791]]",0,0,[],2,0,[],0,0,0,0,0,[],12791,0,0,[]
2,2,"[[11339,12792],[12792,13339]]",0,0,[],2,0,[],0,0,0,0,0,[],12792,0,0,[]
2,2,"[[9704,12793],[9861,12793]]",0,0,[],2,0,[],0,0,0,0,0,[],12793,0,0,[]
2,2,"[[9106,12794],[11331,12794]]",0,0,[],2,0,[],0,0,0,0,0,[],12794,0,0,[]
2,2,"[[11382,12795],[12795,12987]]",0,0,[],2,0,[],0,0,0,0,0,[],12795,0,0,[]
1,1,"[[9302,12796]]",0,0,[],1,0,[],0,0,0,0,0,[],12796,0,0,[]
2,2,"[[9078,12797],[9795,12797]]",0,0,[],2,0,[],0,0,0,0,0,[],12797,0,0,[]
1,1,"[[5858,12798]]",0,0,[],1,0,[],0,0,0,0,0,[],12798,0,0,[]
2,2,"[[9676,12799],[11327,12799]]",0,0,[],2,0,[],0,0,0,0,0,[],12799,0,0,[]
1,1,"[[9990,12800]]",0,0,[],1,0,[],0,0,0,0,0,[],12800,0,0,[]
2,2,"[[11257,12801],[12209,12801]]",0,0,[],2,0,[],0,0,0,0,0,[],12801,0,0,[]
2,2,"[[5625,12802],[10480,12802]]",0,0,[],2,0,[],0,0,0,0,0,[],12802,0,0,[]
2,2,"[[12053,12804],[12804,13112]]",0,0,[],2,0,[],0,0,0,0,0,[],12804,0,0,[]
2,2,"[[9584,12805],[12805,13122]]",0,0,[],2,0,[],0,0,0,0,0,[],12805,0,0,[]
1,1,"[[8897,12806]]",0,0,[],1,0,[],0,0,0,0,0,[],12806,0,0,[]
1,1,"[[9136,12807]]",0,0,[],1,0,[],0,0,0,0,0,[],12807,0,0,[]
2,2,"[[10841,12808],[11240,12808]]",0,0,[],2,0,[],0,0,0,0,0,[],12808,0,0,[]
2,2,"[[6024,12809],[7555,12809]]",0,0,[],2,0,[],0,0,0,0,0,[],12809,0,0,[]
2,2,"[[10412,12811],[10897,12811]]",0,0,[],2,0,[],0,0,0,0,0,[],12811,0,0,[]
1,1,"[[6755,12812]]",0,0,[],1,0,[],0,0,0,0,0,[],12812,0,0,[]
2,2,"[[6488,12814],[10394,12814]]",0,0,[],2,0,[],0,0,0,0,0,[],12814,0,0,[]
2,2,"[[12235,12815],[12815,13224]]",0,0,[],2,0,[],0,0,0,0,0,[],12815,0,0,[]
2,2,"[[585,12818],[12818,13128]]",0,0,[],2,0,[],0,0,0,0,0,[],12818,0,0,[]
1,1,"[[8208,12819]]",0,0,[],1,0,[],0,0,0,0,0,[],12819,0,0,[]
1,1,"[[12075,12820]]",0,0,[],1,0,[],0,0,0,0,0,[],12820,0,0,[]
2,2,"[[8567,12821],[12233,12821]]",0,0,[],2,0,[],0,0,0,0,0,[],12821,0,0,[]
1,1,"[[7830,12822]]",0,0,[],1,0,[],0,0,0,0,0,[],12822,0,0,[]
2,2,"[[6818,12823],[8441,12823]]",0,0,[],2,0,[],0,0,0,0,0,[],12823,0,0,[]
2,2,"[[10989,12824],[12824,13044]]",0,0,[],2,0,[],0,0,0,0,0,[],12824,0,0,[]
2,2,"[[11220,12825],[11402,12825]]",0,0,[],2,0,[],0,0,0,0,0,[],12825,0,0,[]
1,1,"[[11218,12826]]",0,0,[],1,0,[],0,0,0,0,0,[],12826,0,0,[]
2,2,"[[12266,12827],[12530,12827]]",0,0,[],2,0,[],0,0,0,0,0,[],12827,0,0,[]
1,1,"[[1011,12828]]",0,0,[],1,0,[],0,0,0,0,0,[],12828,0,0,[]
2,2,"[[10367,12829],[12829,13476]]",0,0,[],2,0,[],0,0,0,0,0,[],12829,0,0,[]
1,1,"[[10946,12830]]",0,0,[],1,0,[],0,0,0,0,0,[],12830,0,0,[]
2,2,"[[8906,12831],[12831,13003]]",0,0,[],2,0,[],0,0,0,0,0,[],12831,0,0,[]
1,1,"[[11960,12832]]",0,0,[],1,0,[],0,0,0,0,0,[],12832,0,0,[]
1,1,"[[12834,13155]]",0,0,[],1,0,[],0,0,0,0,0,[],12834,0,0,[]
2,2,"[[1355,12835],[6571,12835]]",0,0,[],2,0,[],0,0,0,0,0,[],12835,0,0,[]
2,2,"[[9030,12836],[9155,12836]]",0,0,[],2,0,[],0,0,0,0,0,[],12836,0,0,[]
2,2,"[[8973,12837],[12837,13562]]",0,0,[],2,0,[],0,0,0,0,0,[],12837,0,0,[]
2,2,"[[6350,12838],[11058,12838]]",0,0,[],2,0,[],0,0,0,0,0,[],12838,0,0,[]
1,1,"[[6864,12839]]",0,0,[],1,0,[],0,0,0,0,0,[],12839,0,0,[]
1,1,"[[12840,12859]]",0,0,[],1,0,[],0,0,0,0,0,[],12840,0,0,[]
2,2,"[[6847,12841],[8547,12841]]",0,0,[],2,0,[],0,0,0,0,0,[],12841,0,0,[]
1,1,"[[7096,12842]]",0,0,[],1,0,[],0,0,0,0,0,[],12842,0,0,[]
2,2,"[[7796,12843],[8972,12843]]",0,0,[],2,0,[],0,0,0,0,0,[],12843,0,0,[]
1,1,"[[11031,12844]]",0,0,[],1,0,[],0,0,0,0,0,[],12844,0,0,[]
2,2,"[[10243,12846],[12444,12846]]",0,0,[],2,0,[],0,0,0,0,0,[],12846,0,0,[]
1,1,"[[8641,12847]]",0,0,[],1,0,[],0,0,0,0,0,[],12847,0,0,[]
2,2,"[[8187,12849],[12298,12849]]",0,0,[],2,0,[],0,0,0,0,0,[],12849,0,0,[]
1,1,"[[7350,12850]]",0,0,[],1,0,[],0,0,0,0,0,[],12850,0,0,[]
2,2,"[[8810,12851],[11065,12851]]",0,0,[],2,0,[],0,0,0,0,0,[],12851,0,0,[]
2,2,"[[4907,12853],[6640,12853]]",0,0,[],2,0,[],0,0,0,0,0,[],12853,0,0,[]
1,1,"[[9588,12854]]",0,0,[],1,0,[],0,0,0,0,0,[],12854,0,0,[]
2,2,"[[7893,12855],[10467,12855]]",0,0,[],2,0,[],0,0,0,0,0,[],12855,0,0,[]
1,1,"[[12850,12856]]",0,0,[],1,0,[],0,0,0,0,0,[],12856,0,0,[]
2,2,"[[6265,12857],[8765,12857]]",0,0,[],2,0,[],0,0,0,0,0,[],12857,0,0,[]
1,1,"[[5580,12858]]",0,0,[],1,0,[],0,0,0,0,0,[],12858,0,0,[]
1,1,"[[11395,12859]]",0,0,[],1,0,[],0,0,0,0,0,[],12859,0,0,[]
1,1,"[[6498,12860]]",0,0,[],1,0,[],0,0,0,0,0,[],12860,0,0,[]
2,2,"[[8379,12861],[12861,13460]]",0,0,[],2,0,[],0,0,0,0,0,[],12861,0,0,[]
2,2,"[[10639,12862],[12256,12862]]",0,0,[],2,0,[],0,0,0,0,0,[],12862,0,0,[]
2,2,"[[10836,12863],[12863,13495]]",0,0,[],2,0,[],0,0,0,0,0,[],12863,0,0,[]
2,2,"[[8967,12864],[9252,12864]]",0,0,[],2,0,[],0,0,0,0,0,[],12864,0,0,[]
2,2,"[[10094,12865],[12865,13340]]",0,0,[],2,0,[],0,0,0,0,0,[],12865,0,0,[]
1,1,"[[685,12866]]",0,0,[],1,0,[],0,0,0,0,0,[],12866,0,0,[]
2,2,"[[5957,12867],[7837,12867]]",0,0,[],2,0,[],0,0,0,0,0,[],12867,0,0,[]
2,2,"[[5183,12868],[9475,12868]]",0,0,[],2,0,[],0,0,0,0,0,[],12868,0,0,[]
1,1,"[[3573,12869]]",0,0,[],1,0,[],0,0,0,0,0,[],12869,0,0,[]
1,1,"[[12870,12984]]",0,0,[],1,0,[],0,0,0,0,0,[],12870,0,0,[]
2,2,"[[10550,12871],[11193,12871]]",0,0,[],2,0,[],0,0,0,0,0,[],12871,0,0,[]
1,1,"[[12873,13123]]",0,0,[],1,0,[],0,0,0,0,0,[],12873,0,0,[]
1,1,"[[8701,12874]]",0,0,[],1,0,[],0,0,0,0,0,[],12874,0,0,[]
2,2,"[[8407,12875],[9944,12875]]",0,0,[],2,0,[],0,0,0,0,0,[],12875,0,0,[]
2,2,"[[8611,12876],[9110,12876]]",0,0,[],2,0,[],0,0,0,0,0,[],12876,0,0,[]
2,2,"[[11177,12877],[11471,12877]]",0,0,[],2,0,[],0,0,0,0,0,[],12877,0,0,[]
1,1,"[[4531,12878]]",0,0,[],1,0,[],0,0,0,0,0,[],12878,0,0,[]
2,2,"[[1011,12879],[12879,13643]]",0,0,[],2,0,[],0,0,0,0,0,[],12879,0,0,[]
2,2,"[[5611,12880],[12287,12880]]",0,0,[],2,0,[],0,0,0,0,0,[],12880,0,0,[]
2,2,"[[10299,12881],[12586,12881]]",0,0,[],2,0,[],0,0,0,0,0,[],12881,0,0,[]
2,2,"[[8023,12882],[11635,12882]]",0,0,[],2,0,[],0,0,0,0,0,[],12882,0,0,[]
1,1,"[[9130,12883]]",0,0,[],1,0,[],0,0,0,0,0,[],12883,0,0,[]
1,1,"[[8671,12884]]",0,0,[],1,0,[],0,0,0,0,0,[],12884,0,0,[]
1,1,"[[4916,12885]]",0,0,[],1,0,[],0,0,0,0,0,[],12885,0,0,[]
2,2,"[[10129,12886],[10890,12886]]",0,0,[],2,0,[],0,0,0,0,0,[],12886,0,0,[]
2,2,"[[4684,12887],[9690,12887]]",0,0,[],2,0,[],0,0,0,0,0,[],12887,0,0,[]
2,2,"[[9595,12889],[10563,12889]]",0,0,[],2,0,[],0,0,0,0,0,[],12889,0,0,[]
2,2,"[[5716,12890],[8908,12890]]",0,0,[],2,0,[],0,0,0,0,0,[],12890,0,0,[]
1,1,"[[5516,12891]]",0,0,[],1,0,[],0,0,0,0,0,[],12891,0,0,[]
1,1,"[[11258,12892]]",0,0,[],1,0,[],0,0,0,0,0,[],12892,0,0,[]
1,1,"[[11784,12893]]",0,0,[],1,0,[],0,0,0,0,0,[],12893,0,0,[]
2,2,"[[9437,12894],[12894,13680]]",0,0,[],2,0,[],0,0,0,0,0,[],12894,0,0,[]
1,1,"[[287,12895]]",0,0,[],1,0,[],0,0,0,0,0,[],12895,0,0,[]
2,2,"[[11972,12896],[12896,12919]]",0,0,[],2,0,[],0,0,0,0,0,[],12896,0,0,[]
1,1,"[[7524,12897]]",0,0,[],1,0,[],0,0,0,0,0,[],12897,0,0,[]
2,2,"[[10366,12898],[10379,12898]]",0,0,[],2,0,[],0,0,0,0,0,[],12898,0,0,[]
2,2,"[[12868,12899],[12898,12899]]",0,0,[],2,0,[],0,0,0,0,0,[],12899,0,0,[]
2,2,"[[7272,12900],[11552,12900]]",0,0,[],2,0,[],0,0,0,0,0,[],12900,0,0,[]
2,2,"[[10248,12901],[12901,13006]]",0,0,[],2,0,[],0,0,0,0,0,[],12901,0,0,[]
2,2,"[[9145,12902],[10726,12902]]",0,0,[],2,0,[],0,0,0,0,0,[],12902,0,0,[]
2,2,"[[5728,12903],[10907,12903]]",0,0,[],2,0,[],0,0,0,0,0,[],12903,0,0,[]
2,2,"[[10989,12904],[12904,13370]]",0,0,[],2,0,[],0,0,0,0,0,[],12904,0,0,[]
2,2,"[[10815,12905],[12905,13123]]",0,0,[],2,0,[],0,0,0,0,0,[],12905,0,0,[]
2,2,"[[3657,12906],[12906,13169]]",0,0,[],2,0,[],0,0,0,0,0,[],12906,0,0,[]
2,2,"[[8311,12907],[11493,12907]]",0,0,[],2,0,[],0,0,0,0,0,[],12907,0,0,[]
1,1,"[[8507,12909]]",0,0,[],1,0,[],0,0,0,0,0,[],12909,0,0,[]
2,2,"[[5942,12910],[12910,13447]]",0,0,[],2,0,[],0,0,0,0,0,[],12910,0,0,[]
2,2,"[[8590,12911],[9544,12911]]",0,0,[],2,0,[],0,0,0,0,0,[],12911,0,0,[]
2,2,"[[4080,12912],[10772,12912]]",0,0,[],2,0,[],0,0,0,0,0,[],12912,0,0,[]
2,2,"[[9195,12914],[10516,12914]]",0,0,[],2,0,[],0,0,0,0,0,[],12914,0,0,[]
1,1,"[[12149,12915]]",0,0,[],1,0,[],0,0,0,0,0,[],12915,0,0,[]
2,2,"[[6834,12916],[12916,13596]]",0,0,[],2,0,[],0,0,0,0,0,[],12916,0,0,[]
2,2,"[[9507,12917],[12663,12917]]",0,0,[],2,0,[],0,0,0,0,0,[],12917,0,0,[]
2,2,"[[8075,12918],[12031,12918]]",0,0,[],2,0,[],0,0,0,0,0,[],12918,0,0,[]
2,2,"[[12137,12919],[12919,13150]]",0,0,[],2,0,[],0,0,0,0,0,[],12919,0,0,[]
2,2,"[[9874,12921],[12762,12921]]",0,0,[],2,0,[],0,0,0,0,0,[],12921,0,0,[]
2,2,"[[7966,12922],[10435,12922]]",0,0,[],2,0,[],0,0,0,0,0,[],12922,0,0,[]
2,2,"[[10853,12923],[11778,12923]]",0,0,[],2,0,[],0,0,0,0,0,[],12923,0,0,[]
2,2,"[[9326,12924],[10693,12924]]",0,0,[],2,0,[],0,0,0,0,0,[],12924,0,0,[]
1,1,"[[6104,12925]]",0,0,[],1,0,[],0,0,0,0,0,[],12925,0,0,[]
2,2,"[[6628,12926],[9944,12926]]",0,0,[],2,0,[],0,0,0,0,0,[],12926,0,0,[]
1,1,"[[12713,12927]]",0,0,[],1,0,[],0,0,0,0,0,[],12927,0,0,[]
1,1,"[[10914,12928]]",0,0,[],1,0,[],0,0,0,0,0,[],12928,0,0,[]
1,1,"[[7076,12929]]",0,0,[],1,0,[],0,0,0,0,0,[],12929,0,0,[]
1,1,"[[8898,12930]]",0,0,[],1,0,[],0,0,0,0,0,[],12930,0,0,[]
2,2,"[[11017,12931],[11845,12931]]",0,0,[],2,0,[],0,0,0,0,0,[],12931,0,0,[]
2,2,"[[5991,12933],[10071,12933]]",0,0,[],2,0,[],0,0,0,0,0,[],12933,0,0,[]
2,2,"[[1981,12934],[6895,12934]]",0,0,[],2,0,[],0,0,0,0,0,[],12934,0,0,[]
1,1,"[[12936,13502]]",0,0,[],1,0,[],0,0,0,0,0,[],12936,0,0,[]
2,2,"[[2917,12937],[12937,13689]]",0,0,[],2,0,[],0,0,0,0,0,[],12937,0,0,[]
2,2,"[[6200,12938],[9360,12938]]",0,0,[],2,0,[],0,0,0,0,0,[],12938,0,0,[]
1,1,"[[12939,13249]]",0,0,[],1,0,[],0,0,0,0,0,[],12939,0,0,[]
1,1,"[[11439,12940]]",0,0,[],1,0,[],0,0,0,0,0,[],12940,0,0,[]
2,2,"[[8213,12941],[12114,12941]]",0,0,[],2,0,[],0,0,0,0,0,[],12941,0,0,[]
1,1,"[[10310,12942]]",0,0,[],1,0,[],0,0,0,0,0,[],12942,0,0,[]
1,1,"[[9102,12943]]",0,0,[],1,0,[],0,0,0,0,0,[],12943,0,0,[]
2,2,"[[4009,12944],[9956,12944]]",0,0,[],2,0,[],0,0,0,0,0,[],12944,0,0,[]
1,1,"[[6945,12945]]",0,0,[],1,0,[],0,0,0,0,0,[],12945,0,0,[]
2,2,"[[9886,12946],[12946,13348]]",0,0,[],2,0,[],0,0,0,0,0,[],12946,0,0,[]
2,2,"[[7231,12947],[11420,12947]]",0,0,[],2,0,[],0,0,0,0,0,[],12947,0,0,[]
1,1,"[[4177,12951]]",0,0,[],1,0,[],0,0,0,0,0,[],12951,0,0,[]
1,1,"[[12935,12953]]",0,0,[],1,0,[],0,0,0,0,0,[],12953,0,0,[]
1,1,"[[11373,12955]]",0,0,[],1,0,[],0,0,0,0,0,[],12955,0,0,[]
2,2,"[[11066,12956],[12134,12956]]",0,0,[],2,0,[],0,0,0,0,0,[],12956,0,0,[]
2,2,"[[5048,12957],[9407,12957]]",0,0,[],2,0,[],0,0,0,0,0,[],12957,0,0,[]
2,2,"[[5489,12958],[12958,13398]]",0,0,[],2,0,[],0,0,0,0,0,[],12958,0,0,[]
2,2,"[[7974,12959],[12118,12959]]",0,0,[],2,0,[],0,0,0,0,0,[],12959,0,0,[]
1,1,"[[12380,12960]]",0,0,[],1,0,[],0,0,0,0,0,[],12960,0,0,[]
2,2,"[[10194,12961],[10733,12961]]",0,0,[],2,0,[],0,0,0,0,0,[],12961,0,0,[]
2,2,"[[12962,13015],[12962,13617]]",0,0,[],2,0,[],0,0,0,0,0,[],12962,0,0,[]
2,2,"[[5391,12963],[11885,12963]]",0,0,[],2,0,[],0,0,0,0,0,[],12963,0,0,[]
2,2,"[[5189,12965],[10060,12965]]",0,0,[],2,0,[],0,0,0,0,0,[],12965,0,0,[]
2,2,"[[4159,12967],[9433,12967]]",0,0,[],2,0,[],0,0,0,0,0,[],12967,0,0,[]
2,2,"[[12891,12968],[12968,12986]]",0,0,[],2,0,[],0,0,0,0,0,[],12968,0,0,[]
2,2,"[[10745,12969],[12240,12969]]",0,0,[],2,0,[],0,0,0,0,0,[],12969,0,0,[]
2,2,"[[6935,12970],[8364,12970]]",0,0,[],2,0,[],0,0,0,0,0,[],12970,0,0,[]
2,2,"[[7817,12971],[12119,12971]]",0,0,[],2,0,[],0,0,0,0,0,[],12971,0,0,[]
2,2,"[[6419,12972],[12972,13594]]",0,0,[],2,0,[],0,0,0,0,0,[],12972,0,0,[]
2,2,"[[9725,12973],[11415,12973]]",0,0,[],2,0,[],0,0,0,0,0,[],12973,0,0,[]
2,2,"[[2917,12976],[11357,12976]]",0,0,[],2,0,[],0,0,0,0,0,[],12976,0,0,[]
2,2,"[[3386,12977],[7079,12977]]",0,0,[],2,0,[],0,0,0,0,0,[],12977,0,0,[]
1,1,"[[11561,12978]]",0,0,[],1,0,[],0,0,0,0,0,[],12978,0,0,[]
2,2,"[[9613,12979],[12979,13194]]",0,0,[],2,0,[],0,0,0,0,0,[],12979,0,0,[]
1,1,"[[12581,12980]]",0,0,[],1,0,[],0,0,0,0,0,[],12980,0,0,[]
1,1,"[[9116,12981]]",0,0,[],1,0,[],0,0,0,0,0,[],12981,0,0,[]
1,1,"[[11939,12982]]",0,0,[],1,0,[],0,0,0,0,0,[],12982,0,0,[]
1,1,"[[6818,12983]]",0,0,[],1,0,[],0,0,0,0,0,[],12983,0,0,[]
2,2,"[[816,12984],[12539,12984]]",0,0,[],2,0,[],0,0,0,0,0,[],12984,0,0,[]
2,2,"[[8210,12986],[11686,12986]]",0,0,[],2,0,[],0,0,0,0,0,[],12986,0,0,[]
1,1,"[[8239,12987]]",0,0,[],1,0,[],0,0,0,0,0,[],12987,0,0,[]
1,1,"[[2599,12988]]",0,0,[],1,0,[],0,0,0,0,0,[],12988,0,0,[]
2,2,"[[11605,12989],[12705,12989]]",0,0,[],2,0,[],0,0,0,0,0,[],12989,0,0,[]
1,1,"[[839,12990]]",0,0,[],1,0,[],0,0,0,0,0,[],12990,0,0,[]
2,2,"[[10679,12991],[11228,12991]]",0,0,[],2,0,[],0,0,0,0,0,[],12991,0,0,[]
2,2,"[[9102,12992],[12630,12992]]",0,0,[],2,0,[],0,0,0,0,0,[],12992,0,0,[]
1,1,"[[11131,12993]]",0,0,[],1,0,[],0,0,0,0,0,[],12993,0,0,[]
1,1,"[[11632,12994]]",0,0,[],1,0,[],0,0,0,0,0,[],12994,0,0,[]
2,2,"[[1201,12995],[9540,12995]]",0,0,[],2,0,[],0,0,0,0,0,[],12995,0,0,[]
2,2,"[[9488,12996],[12624,12996]]",0,0,[],2,0,[],0,0,0,0,0,[],12996,0,0,[]
2,2,"[[10076,12997],[12662,12997]]",0,0,[],2,0,[],0,0,0,0,0,[],12997,0,0,[]
1,1,"[[12750,12998]]",0,0,[],1,0,[],0,0,0,0,0,[],12998,0,0,[]
2,2,"[[6692,12999],[11297,12999]]",0,0,[],2,0,[],0,0,0,0,0,[],12999,0,0,[]
2,2,"[[10291,13000],[11221,13000]]",0,0,[],2,0,[],0,0,0,0,0,[],13000,0,0,[]
2,2,"[[8442,13001],[9870,13001]]",0,0,[],2,0,[],0,0,0,0,0,[],13001,0,0,[]
1,1,"[[9428,13002]]",0,0,[],1,0,[],0,0,0,0,0,[],13002,0,0,[]
2,2,"[[11194,13003],[12124,13003]]",0,0,[],2,0,[],0,0,0,0,0,[],13003,0,0,[]
2,2,"[[6132,13004],[9199,13004]]",0,0,[],2,0,[],0,0,0,0,0,[],13004,0,0,[]
1,1,"[[5899,13006]]",0,0,[],1,0,[],0,0,0,0,0,[],13006,0,0,[]
2,2,"[[12569,13007],[13007,13186]]",0,0,[],2,0,[],0,0,0,0,0,[],13007,0,0,[]
1,1,"[[6398,13008]]",0,0,[],1,0,[],0,0,0,0,0,[],13008,0,0,[]
2,2,"[[10024,13010],[12683,13010]]",0,0,[],2,0,[],0,0,0,0,0,[],13010,0,0,[]
1,1,"[[9964,13011]]",0,0,[],1,0,[],0,0,0,0,0,[],13011,0,0,[]
2,2,"[[10966,13012],[11294,13012]]",0,0,[],2,0,[],0,0,0,0,0,[],13012,0,0,[]
1,1,"[[8919,13013]]",0,0,[],1,0,[],0,0,0,0,0,[],13013,0,0,[]
1,1,"[[5214,13014]]",0,0,[],1,0,[],0,0,0,0,0,[],13014,0,0,[]
1,1,"[[7134,13015]]",0,0,[],1,0,[],0,0,0,0,0,[],13015,0,0,[]
1,1,"[[12211,13016]]",0,0,[],1,0,[],0,0,0,0,0,[],13016,0,0,[]
2,2,"[[7343,13017],[9631,13017]]",0,0,[],2,0,[],0,0,0,0,0,[],13017,0,0,[]
1,1,"[[10736,13018]]",0,0,[],1,0,[],0,0,0,0,0,[],13018,0,0,[]
2,2,"[[7949,13020],[10418,13020]]",0,0,[],2,0,[],0,0,0,0,0,[],13020,0,0,[]
2,2,"[[2005,13021],[6155,13021]]",0,0,[],2,0,[],0,0,0,0,0,[],13021,0,0,[]
1,1,"[[11936,13022]]",0,0,[],1,0,[],0,0,0,0,0,[],13022,0,0,[]
1,1,"[[12301,13023]]",0,0,[],1,0,[],0,0,0,0,0,[],13023,0,0,[]
2,2,"[[10757,13024],[11866,13024]]",0,0,[],2,0,[],0,0,0,0,0,[],13024,0,0,[]
2,2,"[[9396,13025],[10059,13025]]",0,0,[],2,0,[],0,0,0,0,0,[],13025,0,0,[]
2,2,"[[7115,13026],[12947,13026]]",0,0,[],2,0,[],0,0,0,0,0,[],13026,0,0,[]
2,2,"[[10147,13027],[12174,13027]]",0,0,[],2,0,[],0,0,0,0,0,[],13027,0,0,[]
2,2,"[[7362,13028],[11939,13028]]",0,0,[],2,0,[],0,0,0,0,0,[],13028,0,0,[]
2,2,"[[9488,13029],[13029,13589]]",0,0,[],2,0,[],0,0,0,0,0,[],13029,0,0,[]
2,2,"[[3274,13030],[11299,13030]]",0,0,[],2,0,[],0,0,0,0,0,[],13030,0,0,[]
1,1,"[[13031,13360]]",0,0,[],1,0,[],0,0,0,0,0,[],13031,0,0,[]
1,1,"[[9290,13032]]",0,0,[],1,0,[],0,0,0,0,0,[],13032,0,0,[]
2,2,"[[11407,13033],[13033,13127]]",0,0,[],2,0,[],0,0,0,0,0,[],13033,0,0,[]
2,2,"[[12557,13034],[13034,13277]]",0,0,[],2,0,[],0,0,0,0,0,[],13034,0,0,[]
2,2,"[[4472,13035],[5694,13035]]",0,0,[],2,0,[],0,0,0,0,0,[],13035,0,0,[]
2,2,"[[6899,13036],[9342,13036]]",0,0,[],2,0,[],0,0,0,0,0,[],13036,0,0,[]
2,2,"[[8451,13037],[11033,13037]]",0,0,[],2,0,[],0,0,0,0,0,[],13037,0,0,[]
1,1,"[[11027,13038]]",0,0,[],1,0,[],0,0,0,0,0,[],13038,0,0,[]
1,1,"[[13039,13595]]",0,0,[],1,0,[],0,0,0,0,0,[],13039,0,0,[]
2,2,"[[1113,13040],[12562,13040]]",0,0,[],2,0,[],0,0,0,0,0,[],13040,0,0,[]
1,1,"[[8568,13041]]",0,0,[],1,0,[],0,0,0,0,0,[],13041,0,0,[]
1,1,"[[11891,13042]]",0,0,[],1,0,[],0,0,0,0,0,[],13042,0,0,[]
1,1,"[[9026,13043]]",0,0,[],1,0,[],0,0,0,0,0,[],13043,0,0,[]
2,2,"[[10989,13044],[11348,13044]]",0,0,[],2,0,[],0,0,0,0,0,[],13044,0,0,[]
1,1,"[[12832,13046]]",0,0,[],1,0,[],0,0,0,0,0,[],13046,0,0,[]
2,2,"[[11810,13047],[11935,13047]]",0,0,[],2,0,[],0,0,0,0,0,[],13047,0,0,[]
2,2,"[[12603,13048],[13043,13048]]",0,0,[],2,0,[],0,0,0,0,0,[],13048,0,0,[]
2,2,"[[9584,13049],[10070,13049]]",0,0,[],2,0,[],0,0,0,0,0,[],13049,0,0,[]
2,2,"[[11791,13051],[12225,13051]]",0,0,[],2,0,[],0,0,0,0,0,[],13051,0,0,[]
2,2,"[[10736,13053],[12248,13053]]",0,0,[],2,0,[],0,0,0,0,0,[],13053,0,0,[]
2,2,"[[1465,13054],[13054,13548]]",0,0,[],2,0,[],0,0,0,0,0,[],13054,0,0,[]
1,1,"[[8890,13056]]",0,0,[],1,0,[],0,0,0,0,0,[],13056,0,0,[]
2,2,"[[9085,13057],[12114,13057]]",0,0,[],2,0,[],0,0,0,0,0,[],13057,0,0,[]
1,1,"[[13060,13400]]",0,0,[],1,0,[],0,0,0,0,0,[],13060,0,0,[]
1,1,"[[9318,13062]]",0,0,[],1,0,[],0,0,0,0,0,[],13062,0,0,[]
2,2,"[[997,13063],[2331,13063]]",0,0,[],2,0,[],0,0,0,0,0,[],13063,0,0,[]
2,2,"[[10024,13064],[13064,13656]]",0,0,[],2,0,[],0,0,0,0,0,[],13064,0,0,[]
1,1,"[[10445,13066]]",0,0,[],1,0,[],0,0,0,0,0,[],13066,0,0,[]
1,1,"[[11631,13067]]",0,0,[],1,0,[],0,0,0,0,0,[],13067,0,0,[]
1,1,"[[10713,13068]]",0,0,[],1,0,[],0,0,0,0,0,[],13068,0,0,[]
2,2,"[[8279,13069],[12645,13069]]",0,0,[],2,0,[],0,0,0,0,0,[],13069,0,0,[]
1,1,"[[12221,13070]]",0,0,[],1,0,[],0,0,0,0,0,[],13070,0,0,[]
1,1,"[[10933,13071]]",0,0,[],1,0,[],0,0,0,0,0,[],13071,0,0,[]
1,1,"[[11283,13072]]",0,0,[],1,0,[],0,0,0,0,0,[],13072,0,0,[]
2,2,"[[12346,13073],[12645,13073]]",0,0,[],2,0,[],0,0,0,0,0,[],13073,0,0,[]
1,1,"[[7761,13074]]",0,0,[],1,0,[],0,0,0,0,0,[],13074,0,0,[]
2,2,"[[8749,13075],[9889,13075]]",0,0,[],2,0,[],0,0,0,0,0,[],13075,0,0,[]
2,2,"[[10645,13076],[12931,13076]]",0,0,[],2,0,[],0,0,0,0,0,[],13076,0,0,[]
2,2,"[[8313,13078],[10074,13078]]",0,0,[],2,0,[],0,0,0,0,0,[],13078,0,0,[]
1,1,"[[9728,13079]]",0,0,[],1,0,[],0,0,0,0,0,[],13079,0,0,[]
1,1,"[[10645,13081]]",0,0,[],1,0,[],0,0,0,0,0,[],13081,0,0,[]
1,1,"[[12819,13082]]",0,0,[],1,0,[],0,0,0,0,0,[],13082,0,0,[]
2,2,"[[8274,13083],[9257,13083]]",0,0,[],2,0,[],0,0,0,0,0,[],13083,0,0,[]
2,2,"[[11251,13084],[11557,13084]]",0,0,[],2,0,[],0,0,0,0,0,[],13084,0,0,[]
1,1,"[[3557,13085]]",0,0,[],1,0,[],0,0,0,0,0,[],13085,0,0,[]
2,2,"[[2110,13087],[4932,13087]]",0,0,[],2,0,[],0,0,0,0,0,[],13087,0,0,[]
1,1,"[[12523,13088]]",0,0,[],1,0,[],0,0,0,0,0,[],13088,0,0,[]
2,2,"[[5787,13089],[7824,13089]]",0,0,[],2,0,[],0,0,0,0,0,[],13089,0,0,[]
1,1,"[[9635,13091]]",0,0,[],1,0,[],0,0,0,0,0,[],13091,0,0,[]
1,1,"[[4840,13094]]",0,0,[],1,0,[],0,0,0,0,0,[],13094,0,0,[]
2,2,"[[6683,13095],[10512,13095]]",0,0,[],2,0,[],0,0,0,0,0,[],13095,0,0,[]
2,2,"[[11379,13096],[13096,13121]]",0,0,[],2,0,[],0,0,0,0,0,[],13096,0,0,[]
2,2,"[[11811,13097],[12505,13097]]",0,0,[],2,0,[],0,0,0,0,0,[],13097,0,0,[]
2,2,"[[10235,13099],[11073,13099]]",0,0,[],2,0,[],0,0,0,0,0,[],13099,0,0,[]
2,2,"[[8776,13100],[13100,13334]]",0,0,[],2,0,[],0,0,0,0,0,[],13100,0,0,[]
2,2,"[[10911,13101],[11588,13101]]",0,0,[],2,0,[],0,0,0,0,0,[],13101,0,0,[]
1,1,"[[10888,13103]]",0,0,[],1,0,[],0,0,0,0,0,[],13103,0,0,[]
2,2,"[[8710,13105],[12603,13105]]",0,0,[],2,0,[],0,0,0,0,0,[],13105,0,0,[]
2,2,"[[9699,13106],[10202,13106]]",0,0,[],2,0,[],0,0,0,0,0,[],13106,0,0,[]
1,1,"[[11758,13107]]",0,0,[],1,0,[],0,0,0,0,0,[],13107,0,0,[]
2,2,"[[10379,13109],[11043,13109]]",0,0,[],2,0,[],0,0,0,0,0,[],13109,0,0,[]
1,1,"[[11785,13110]]",0,0,[],1,0,[],0,0,0,0,0,[],13110,0,0,[]
1,1,"[[11362,13111]]",0,0,[],1,0,[],0,0,0,0,0,[],13111,0,0,[]
2,2,"[[12536,13112],[12596,13112]]",0,0,[],2,0,[],0,0,0,0,0,[],13112,0,0,[]
2,2,"[[7975,13113],[11306,13113]]",0,0,[],2,0,[],0,0,0,0,0,[],13113,0,0,[]
1,1,"[[9037,13114]]",0,0,[],1,0,[],0,0,0,0,0,[],13114,0,0,[]
1,1,"[[12024,13115]]",0,0,[],1,0,[],0,0,0,0,0,[],13115,0,0,[]
2,2,"[[7656,13117],[9971,13117]]",0,0,[],2,0,[],0,0,0,0,0,[],13117,0,0,[]
2,2,"[[10148,13118],[10932,13118]]",0,0,[],2,0,[],0,0,0,0,0,[],13118,0,0,[]
2,2,"[[6562,13119],[6610,13119]]",0,0,[],2,0,[],0,0,0,0,0,[],13119,0,0,[]
2,2,"[[11055,13121],[11379,13121]]",0,0,[],2,0,[],0,0,0,0,0,[],13121,0,0,[]
1,1,"[[12973,13122]]",0,0,[],1,0,[],0,0,0,0,0,[],13122,0,0,[]
1,1,"[[13123,13598]]",0,0,[],1,0,[],0,0,0,0,0,[],13123,0,0,[]
2,2,"[[8155,13124],[12752,13124]]",0,0,[],2,0,[],0,0,0,0,0,[],13124,0,0,[]
2,2,"[[4355,13125],[7936,13125]]",0,0,[],2,0,[],0,0,0,0,0,[],13125,0,0,[]
1,1,"[[11715,13126]]",0,0,[],1,0,[],0,0,0,0,0,[],13126,0,0,[]
2,2,"[[7612,13127],[10311,13127]]",0,0,[],2,0,[],0,0,0,0,0,[],13127,0,0,[]
1,1,"[[12776,13128]]",0,0,[],1,0,[],0,0,0,0,0,[],13128,0,0,[]
1,1,"[[12372,13129]]",0,0,[],1,0,[],0,0,0,0,0,[],13129,0,0,[]
2,2,"[[5947,13130],[7697,13130]]",0,0,[],2,0,[],0,0,0,0,0,[],13130,0,0,[]
2,2,"[[9909,13131],[11682,13131]]",0,0,[],2,0,[],0,0,0,0,0,[],13131,0,0,[]
1,1,"[[13019,13132]]",0,0,[],1,0,[],0,0,0,0,0,[],13132,0,0,[]
1,1,"[[454,13133]]",0,0,[],1,0,[],0,0,0,0,0,[],13133,0,0,[]
1,1,"[[11838,13134]]",0,0,[],1,0,[],0,0,0,0,0,[],13134,0,0,[]
2,2,"[[8020,13135],[10568,13135]]",0,0,[],2,0,[],0,0,0,0,0,[],13135,0,0,[]
1,1,"[[6015,13136]]",0,0,[],1,0,[],0,0,0,0,0,[],13136,0,0,[]
2,2,"[[821,13137],[12936,13137]]",0,0,[],2,0,[],0,0,0,0,0,[],13137,0,0,[]
1,1,"[[12674,13138]]",0,0,[],1,0,[],0,0,0,0,0,[],13138,0,0,[]
1,1,"[[9949,13140]]",0,0,[],1,0,[],0,0,0,0,0,[],13140,0,0,[]
1,1,"[[10934,13141]]",0,0,[],1,0,[],0,0,0,0,0,[],13141,0,0,[]
2,2,"[[13142,13204],[13142,13248]]",0,0,[],2,0,[],0,0,0,0,0,[],13142,0,0,[]
2,2,"[[10554,13143],[13143,13552]]",0,0,[],2,0,[],0,0,0,0,0,[],13143,0,0,[]
1,1,"[[12495,13144]]",0,0,[],1,0,[],0,0,0,0,0,[],13144,0,0,[]
1,1,"[[4868,13145]]",0,0,[],1,0,[],0,0,0,0,0,[],13145,0,0,[]
1,1,"[[13146,13606]]",0,0,[],1,0,[],0,0,0,0,0,[],13146,0,0,[]
2,2,"[[11636,13147],[12271,13147]]",0,0,[],2,0,[],0,0,0,0,0,[],13147,0,0,[]
2,2,"[[8662,13148],[11797,13148]]",0,0,[],2,0,[],0,0,0,0,0,[],13148,0,0,[]
1,1,"[[12063,13149]]",0,0,[],1,0,[],0,0,0,0,0,[],13149,0,0,[]
2,2,"[[9339,13151],[12733,13151]]",0,0,[],2,0,[],0,0,0,0,0,[],13151,0,0,[]
1,1,"[[3256,13152]]",0,0,[],1,0,[],0,0,0,0,0,[],13152,0,0,[]
1,1,"[[6474,13153]]",0,0,[],1,0,[],0,0,0,0,0,[],13153,0,0,[]
2,2,"[[6282,13156],[13118,13156]]",0,0,[],2,0,[],0,0,0,0,0,[],13156,0,0,[]
2,2,"[[7935,13157],[11329,13157]]",0,0,[],2,0,[],0,0,0,0,0,[],13157,0,0,[]
1,1,"[[10935,13158]]",0,0,[],1,0,[],0,0,0,0,0,[],13158,0,0,[]
2,2,"[[11962,13159],[12911,13159]]",0,0,[],2,0,[],0,0,0,0,0,[],13159,0,0,[]
1,1,"[[5704,13161]]",0,0,[],1,0,[],0,0,0,0,0,[],13161,0,0,[]
1,1,"[[1041,13162]]",0,0,[],1,0,[],0,0,0,0,0,[],13162,0,0,[]
2,2,"[[11394,13163],[13163,13430]]",0,0,[],2,0,[],0,0,0,0,0,[],13163,0,0,[]
2,2,"[[2130,13164],[5024,13164]]",0,0,[],2,0,[],0,0,0,0,0,[],13164,0,0,[]
1,1,"[[4355,13165]]",0,0,[],1,0,[],0,0,0,0,0,[],13165,0,0,[]
2,2,"[[9250,13166],[10095,13166]]",0,0,[],2,0,[],0,0,0,0,0,[],13166,0,0,[]
1,1,"[[11666,13167]]",0,0,[],1,0,[],0,0,0,0,0,[],13167,0,0,[]
1,1,"[[10342,13168]]",0,0,[],1,0,[],0,0,0,0,0,[],13168,0,0,[]
1,1,"[[7621,13169]]",0,0,[],1,0,[],0,0,0,0,0,[],13169,0,0,[]
2,2,"[[11558,13170],[13167,13170]]",0,0,[],2,0,[],0,0,0,0,0,[],13170,0,0,[]
2,2,"[[5954,13171],[8741,13171]]",0,0,[],2,0,[],0,0,0,0,0,[],13171,0,0,[]
2,2,"[[7461,13173],[10896,13173]]",0,0,[],2,0,[],0,0,0,0,0,[],13173,0,0,[]
2,2,"[[6065,13175],[11142,13175]]",0,0,[],2,0,[],0,0,0,0,0,[],13175,0,0,[]
1,1,"[[11535,13177]]",0,0,[],1,0,[],0,0,0,0,0,[],13177,0,0,[]
1,1,"[[7649,13178]]",0,0,[],1,0,[],0,0,0,0,0,[],13178,0,0,[]
2,2,"[[12586,13179],[12953,13179]]",0,0,[],2,0,[],0,0,0,0,0,[],13179,0,0,[]
1,1,"[[12985,13180]]",0,0,[],1,0,[],0,0,0,0,0,[],13180,0,0,[]
2,2,"[[4189,13181],[11111,13181]]",0,0,[],2,0,[],0,0,0,0,0,[],13181,0,0,[]
1,1,"[[9941,13182]]",0,0,[],1,0,[],0,0,0,0,0,[],13182,0,0,[]
1,1,"[[10596,13183]]",0,0,[],1,0,[],0,0,0,0,0,[],13183,0,0,[]
1,1,"[[2000,13184]]",0,0,[],1,0,[],0,0,0,0,0,[],13184,0,0,[]
2,2,"[[7690,13185],[10538,13185]]",0,0,[],2,0,[],0,0,0,0,0,[],13185,0,0,[]
1,1,"[[8928,13186]]",0,0,[],1,0,[],0,0,0,0,0,[],13186,0,0,[]
2,2,"[[6379,13187],[11748,13187]]",0,0,[],2,0,[],0,0,0,0,0,[],13187,0,0,[]
2,2,"[[7206,13188],[9447,13188]]",0,0,[],2,0,[],0,0,0,0,0,[],13188,0,0,[]
2,2,"[[8438,13189],[8871,13189]]",0,0,[],2,0,[],0,0,0,0,0,[],13189,0,0,[]
2,2,"[[7092,13191],[12468,13191]]",0,0,[],2,0,[],0,0,0,0,0,[],13191,0,0,[]
2,2,"[[4472,13193],[6464,13193]]",0,0,[],2,0,[],0,0,0,0,0,[],13193,0,0,[]
1,1,"[[11483,13194]]",0,0,[],1,0,[],0,0,0,0,0,[],13194,0,0,[]
1,1,"[[9331,13195]]",0,0,[],1,0,[],0,0,0,0,0,[],13195,0,0,[]
1,1,"[[11758,13196]]",0,0,[],1,0,[],0,0,0,0,0,[],13196,0,0,[]
2,2,"[[10564,13197],[12219,13197]]",0,0,[],2,0,[],0,0,0,0,0,[],13197,0,0,[]
1,1,"[[7808,13198]]",0,0,[],1,0,[],0,0,0,0,0,[],13198,0,0,[]
2,2,"[[11239,13199],[11836,13199]]",0,0,[],2,0,[],0,0,0,0,0,[],13199,0,0,[]
1,1,"[[11826,13200]]",0,0,[],1,0,[],0,0,0,0,0,[],13200,0,0,[]
2,2,"[[5377,13201],[9145,13201]]",0,0,[],2,0,[],0,0,0,0,0,[],13201,0,0,[]
1,1,"[[4201,13202]]",0,0,[],1,0,[],0,0,0,0,0,[],13202,0,0,[]
1,1,"[[10575,13203]]",0,0,[],1,0,[],0,0,0,0,0,[],13203,0,0,[]
1,1,"[[11162,13204]]",0,0,[],1,0,[],0,0,0,0,0,[],13204,0,0,[]
2,2,"[[12041,13205],[13097,13205]]",0,0,[],2,0,[],0,0,0,0,0,[],13205,0,0,[]
2,2,"[[8380,13206],[11542,13206]]",0,0,[],2,0,[],0,0,0,0,0,[],13206,0,0,[]
2,2,"[[2356,13207],[12830,13207]]",0,0,[],2,0,[],0,0,0,0,0,[],13207,0,0,[]
1,1,"[[13208,13358]]",0,0,[],1,0,[],0,0,0,0,0,[],13208,0,0,[]
2,2,"[[7132,13209],[9295,13209]]",0,0,[],2,0,[],0,0,0,0,0,[],13209,0,0,[]
1,1,"[[13210,13374]]",0,0,[],1,0,[],0,0,0,0,0,[],13210,0,0,[]
2,2,"[[7904,13211],[12740,13211]]",0,0,[],2,0,[],0,0,0,0,0,[],13211,0,0,[]
2,2,"[[9783,13212],[11927,13212]]",0,0,[],2,0,[],0,0,0,0,0,[],13212,0,0,[]
2,2,"[[10139,13213],[12432,13213]]",0,0,[],2,0,[],0,0,0,0,0,[],13213,0,0,[]
1,1,"[[13214,13244]]",0,0,[],1,0,[],0,0,0,0,0,[],13214,0,0,[]
2,2,"[[3778,13215],[5106,13215]]",0,0,[],2,0,[],0,0,0,0,0,[],13215,0,0,[]
1,1,"[[3708,13216]]",0,0,[],1,0,[],0,0,0,0,0,[],13216,0,0,[]
1,1,"[[6906,13217]]",0,0,[],1,0,[],0,0,0,0,0,[],13217,0,0,[]
2,2,"[[3731,13218],[13218,13511]]",0,0,[],2,0,[],0,0,0,0,0,[],13218,0,0,[]
2,2,"[[4905,13219],[10879,13219]]",0,0,[],2,0,[],0,0,0,0,0,[],13219,0,0,[]
2,2,"[[13028,13220],[13199,13220]]",0,0,[],2,0,[],0,0,0,0,0,[],13220,0,0,[]
2,2,"[[705,13221],[11540,13221]]",0,0,[],2,0,[],0,0,0,0,0,[],13221,0,0,[]
2,2,"[[10755,13222],[12276,13222]]",0,0,[],2,0,[],0,0,0,0,0,[],13222,0,0,[]
1,1,"[[10687,13223]]",0,0,[],1,0,[],0,0,0,0,0,[],13223,0,0,[]
1,1,"[[11239,13224]]",0,0,[],1,0,[],0,0,0,0,0,[],13224,0,0,[]
2,2,"[[10958,13226],[13226,13300]]",0,0,[],2,0,[],0,0,0,0,0,[],13226,0,0,[]
1,1,"[[3755,13228]]",0,0,[],1,0,[],0,0,0,0,0,[],13228,0,0,[]
2,2,"[[10328,13229],[13169,13229]]",0,0,[],2,0,[],0,0,0,0,0,[],13229,0,0,[]
1,1,"[[13230,13277]]",0,0,[],1,0,[],0,0,0,0,0,[],13230,0,0,[]
2,2,"[[7464,13232],[12133,13232]]",0,0,[],2,0,[],0,0,0,0,0,[],13232,0,0,[]
2,2,"[[8343,13233],[13233,13450]]",0,0,[],2,0,[],0,0,0,0,0,[],13233,0,0,[]
2,2,"[[6335,13234],[9735,13234]]",0,0,[],2,0,[],0,0,0,0,0,[],13234,0,0,[]
2,2,"[[5158,13235],[9401,13235]]",0,0,[],2,0,[],0,0,0,0,0,[],13235,0,0,[]
1,1,"[[12246,13237]]",0,0,[],1,0,[],0,0,0,0,0,[],13237,0,0,[]
1,1,"[[12721,13238]]",0,0,[],1,0,[],0,0,0,0,0,[],13238,0,0,[]
1,1,"[[9564,13239]]",0,0,[],1,0,[],0,0,0,0,0,[],13239,0,0,[]
2,2,"[[6898,13240],[8105,13240]]",0,0,[],2,0,[],0,0,0,0,0,[],13240,0,0,[]
1,1,"[[403,13241]]",0,0,[],1,0,[],0,0,0,0,0,[],13241,0,0,[]
2,2,"[[6095,13242],[7181,13242]]",0,0,[],2,0,[],0,0,0,0,0,[],13242,0,0,[]
2,2,"[[8940,13243],[13243,13358]]",0,0,[],2,0,[],0,0,0,0,0,[],13243,0,0,[]
2,2,"[[10888,13244],[11493,13244]]",0,0,[],2,0,[],0,0,0,0,0,[],13244,0,0,[]
1,1,"[[9495,13245]]",0,0,[],1,0,[],0,0,0,0,0,[],13245,0,0,[]
2,2,"[[11484,13246],[13246,13611]]",0,0,[],2,0,[],0,0,0,0,0,[],13246,0,0,[]
2,2,"[[10578,13247],[13247,13296]]",0,0,[],2,0,[],0,0,0,0,0,[],13247,0,0,[]
2,2,"[[5790,13248],[10698,13248]]",0,0,[],2,0,[],0,0,0,0,0,[],13248,0,0,[]
1,1,"[[9913,13251]]",0,0,[],1,0,[],0,0,0,0,0,[],13251,0,0,[]
1,1,"[[10687,13252]]",0,0,[],1,0,[],0,0,0,0,0,[],13252,0,0,[]
2,2,"[[11279,13254],[12727,13254]]",0,0,[],2,0,[],0,0,0,0,0,[],13254,0,0,[]
1,1,"[[8982,13255]]",0,0,[],1,0,[],0,0,0,0,0,[],13255,0,0,[]
2,2,"[[9450,13256],[12746,13256]]",0,0,[],2,0,[],0,0,0,0,0,[],13256,0,0,[]
1,1,"[[11755,13257]]",0,0,[],1,0,[],0,0,0,0,0,[],13257,0,0,[]
1,1,"[[550,13258]]",0,0,[],1,0,[],0,0,0,0,0,[],13258,0,0,[]
2,2,"[[403,13259],[5872,13259]]",0,0,[],2,0,[],0,0,0,0,0,[],13259,0,0,[]
2,2,"[[7290,13260],[10609,13260]]",0,0,[],2,0,[],0,0,0,0,0,[],13260,0,0,[]
2,2,"[[4058,13261],[11179,13261]]",0,0,[],2,0,[],0,0,0,0,0,[],13261,0,0,[]
2,2,"[[9203,13262],[11436,13262]]",0,0,[],2,0,[],0,0,0,0,0,[],13262,0,0,[]
2,2,"[[5429,13264],[6265,13264]]",0,0,[],2,0,[],0,0,0,0,0,[],13264,0,0,[]
2,2,"[[12609,13265],[13265,13442]]",0,0,[],2,0,[],0,0,0,0,0,[],13265,0,0,[]
2,2,"[[10699,13266],[12591,13266]]",0,0,[],2,0,[],0,0,0,0,0,[],13266,0,0,[]
1,1,"[[11607,13267]]",0,0,[],1,0,[],0,0,0,0,0,[],13267,0,0,[]
1,1,"[[13268,13568]]",0,0,[],1,0,[],0,0,0,0,0,[],13268,0,0,[]
2,2,"[[9984,13269],[11362,13269]]",0,0,[],2,0,[],0,0,0,0,0,[],13269,0,0,[]
2,2,"[[6743,13270],[8343,13270]]",0,0,[],2,0,[],0,0,0,0,0,[],13270,0,0,[]
2,2,"[[8316,13271],[11588,13271]]",0,0,[],2,0,[],0,0,0,0,0,[],13271,0,0,[]
2,2,"[[9494,13272],[11718,13272]]",0,0,[],2,0,[],0,0,0,0,0,[],13272,0,0,[]
1,1,"[[2917,13273]]",0,0,[],1,0,[],0,0,0,0,0,[],13273,0,0,[]
1,1,"[[2524,13274]]",0,0,[],1,0,[],0,0,0,0,0,[],13274,0,0,[]
1,1,"[[12668,13275]]",0,0,[],1,0,[],0,0,0,0,0,[],13275,0,0,[]
2,2,"[[5746,13276],[13237,13276]]",0,0,[],2,0,[],0,0,0,0,0,[],13276,0,0,[]
2,2,"[[11550,13277],[12697,13277]]",0,0,[],2,0,[],0,0,0,0,0,[],13277,0,0,[]
2,2,"[[10216,13278],[12921,13278]]",0,0,[],2,0,[],0,0,0,0,0,[],13278,0,0,[]
2,2,"[[8017,13279],[8789,13279]]",0,0,[],2,0,[],0,0,0,0,0,[],13279,0,0,[]
1,1,"[[10407,13280]]",0,0,[],1,0,[],0,0,0,0,0,[],13280,0,0,[]
1,1,"[[8595,13281]]",0,0,[],1,0,[],0,0,0,0,0,[],13281,0,0,[]
2,2,"[[585,13282],[11340,13282]]",0,0,[],2,0,[],0,0,0,0,0,[],13282,0,0,[]
2,2,"[[9874,13283],[12762,13283]]",0,0,[],2,0,[],0,0,0,0,0,[],13283,0,0,[]
1,1,"[[6823,13285]]",0,0,[],1,0,[],0,0,0,0,0,[],13285,0,0,[]
2,2,"[[4623,13286],[6348,13286]]",0,0,[],2,0,[],0,0,0,0,0,[],13286,0,0,[]
1,1,"[[2289,13287]]",0,0,[],1,0,[],0,0,0,0,0,[],13287,0,0,[]
1,1,"[[12866,13290]]",0,0,[],1,0,[],0,0,0,0,0,[],13290,0,0,[]
2,2,"[[8547,13292],[12662,13292]]",0,0,[],2,0,[],0,0,0,0,0,[],13292,0,0,[]
1,1,"[[12237,13293]]",0,0,[],1,0,[],0,0,0,0,0,[],13293,0,0,[]
1,1,"[[7015,13294]]",0,0,[],1,0,[],0,0,0,0,0,[],13294,0,0,[]
1,1,"[[3256,13295]]",0,0,[],1,0,[],0,0,0,0,0,[],13295,0,0,[]
2,2,"[[9984,13296],[10298,13296]]",0,0,[],2,0,[],0,0,0,0,0,[],13296,0,0,[]
1,1,"[[7066,13298]]",0,0,[],1,0,[],0,0,0,0,0,[],13298,0,0,[]
2,2,"[[10643,13299],[11465,13299]]",0,0,[],2,0,[],0,0,0,0,0,[],13299,0,0,[]
1,1,"[[12441,13300]]",0,0,[],1,0,[],0,0,0,0,0,[],13300,0,0,[]
2,2,"[[7057,13301],[13301,13329]]",0,0,[],2,0,[],0,0,0,0,0,[],13301,0,0,[]
1,1,"[[8554,13304]]",0,0,[],1,0,[],0,0,0,0,0,[],13304,0,0,[]
2,2,"[[11304,13305],[12625,13305]]",0,0,[],2,0,[],0,0,0,0,0,[],13305,0,0,[]
2,2,"[[10412,13306],[12025,13306]]",0,0,[],2,0,[],0,0,0,0,0,[],13306,0,0,[]
2,2,"[[4450,13307],[9853,13307]]",0,0,[],2,0,[],0,0,0,0,0,[],13307,0,0,[]
2,2,"[[12761,13308],[13308,13566]]",0,0,[],2,0,[],0,0,0,0,0,[],13308,0,0,[]
2,2,"[[4031,13309],[8203,13309]]",0,0,[],2,0,[],0,0,0,0,0,[],13309,0,0,[]
2,2,"[[11018,13310],[13310,13393]]",0,0,[],2,0,[],0,0,0,0,0,[],13310,0,0,[]
2,2,"[[10911,13311],[11527,13311]]",0,0,[],2,0,[],0,0,0,0,0,[],13311,0,0,[]
1,1,"[[109,13312]]",0,0,[],1,0,[],0,0,0,0,0,[],13312,0,0,[]
2,2,"[[12554,13314],[12821,13314]]",0,0,[],2,0,[],0,0,0,0,0,[],13314,0,0,[]
1,1,"[[9824,13315]]",0,0,[],1,0,[],0,0,0,0,0,[],13315,0,0,[]
2,2,"[[9145,13316],[11542,13316]]",0,0,[],2,0,[],0,0,0,0,0,[],13316,0,0,[]
2,2,"[[13104,13317],[13317,13489]]",0,0,[],2,0,[],0,0,0,0,0,[],13317,0,0,[]
2,2,"[[9271,13318],[12623,13318]]",0,0,[],2,0,[],0,0,0,0,0,[],13318,0,0,[]
2,2,"[[12548,13320],[13320,13561]]",0,0,[],2,0,[],0,0,0,0,0,[],13320,0,0,[]
1,1,"[[8599,13321]]",0,0,[],1,0,[],0,0,0,0,0,[],13321,0,0,[]
2,2,"[[7704,13322],[8983,13322]]",0,0,[],2,0,[],0,0,0,0,0,[],13322,0,0,[]
2,2,"[[4005,13323],[12356,13323]]",0,0,[],2,0,[],0,0,0,0,0,[],13323,0,0,[]
2,2,"[[12240,13324],[13027,13324]]",0,0,[],2,0,[],0,0,0,0,0,[],13324,0,0,[]
1,1,"[[12617,13325]]",0,0,[],1,0,[],0,0,0,0,0,[],13325,0,0,[]
1,1,"[[9131,13326]]",0,0,[],1,0,[],0,0,0,0,0,[],13326,0,0,[]
2,2,"[[6078,13327],[6931,13327]]",0,0,[],2,0,[],0,0,0,0,0,[],13327,0,0,[]
1,1,"[[10680,13328]]",0,0,[],1,0,[],0,0,0,0,0,[],13328,0,0,[]
1,1,"[[6668,13329]]",0,0,[],1,0,[],0,0,0,0,0,[],13329,0,0,[]
2,2,"[[6628,13330],[12424,13330]]",0,0,[],2,0,[],0,0,0,0,0,[],13330,0,0,[]
1,1,"[[8763,13332]]",0,0,[],1,0,[],0,0,0,0,0,[],13332,0,0,[]
2,2,"[[2447,13333],[8157,13333]]",0,0,[],2,0,[],0,0,0,0,0,[],13333,0,0,[]
1,1,"[[12872,13334]]",0,0,[],1,0,[],0,0,0,0,0,[],13334,0,0,[]
1,1,"[[9140,13335]]",0,0,[],1,0,[],0,0,0,0,0,[],13335,0,0,[]
2,2,"[[9851,13336],[13336,13450]]",0,0,[],2,0,[],0,0,0,0,0,[],13336,0,0,[]
2,2,"[[12539,13337],[12796,13337]]",0,0,[],2,0,[],0,0,0,0,0,[],13337,0,0,[]
1,1,"[[13338,13505]]",0,0,[],1,0,[],0,0,0,0,0,[],13338,0,0,[]
1,1,"[[10094,13340]]",0,0,[],1,0,[],0,0,0,0,0,[],13340,0,0,[]
2,2,"[[8585,13341],[11009,13341]]",0,0,[],2,0,[],0,0,0,0,0,[],13341,0,0,[]
1,1,"[[13191,13342]]",0,0,[],1,0,[],0,0,0,0,0,[],13342,0,0,[]
1,1,"[[11595,13343]]",0,0,[],1,0,[],0,0,0,0,0,[],13343,0,0,[]
2,2,"[[11252,13344],[13073,13344]]",0,0,[],2,0,[],0,0,0,0,0,[],13344,0,0,[]
1,1,"[[11407,13345]]",0,0,[],1,0,[],0,0,0,0,0,[],13345,0,0,[]
2,2,"[[4327,13346],[6256,13346]]",0,0,[],2,0,[],0,0,0,0,0,[],13346,0,0,[]
2,2,"[[7649,13347],[12624,13347]]",0,0,[],2,0,[],0,0,0,0,0,[],13347,0,0,[]
1,1,"[[8012,13350]]",0,0,[],1,0,[],0,0,0,0,0,[],13350,0,0,[]
2,2,"[[8726,13352],[13211,13352]]",0,0,[],2,0,[],0,0,0,0,0,[],13352,0,0,[]
2,2,"[[5827,13353],[5834,13353]]",0,0,[],2,0,[],0,0,0,0,0,[],13353,0,0,[]
2,2,"[[8356,13355],[11329,13355]]",0,0,[],2,0,[],0,0,0,0,0,[],13355,0,0,[]
2,2,"[[9355,13356],[10719,13356]]",0,0,[],2,0,[],0,0,0,0,0,[],13356,0,0,[]
2,2,"[[12336,13357],[12441,13357]]",0,0,[],2,0,[],0,0,0,0,0,[],13357,0,0,[]
2,2,"[[4810,13359],[10246,13359]]",0,0,[],2,0,[],0,0,0,0,0,[],13359,0,0,[]
2,2,"[[4155,13361],[13361,13619]]",0,0,[],2,0,[],0,0,0,0,0,[],13361,0,0,[]
1,1,"[[12536,13362]]",0,0,[],1,0,[],0,0,0,0,0,[],13362,0,0,[]
1,1,"[[11010,13363]]",0,0,[],1,0,[],0,0,0,0,0,[],13363,0,0,[]
1,1,"[[12262,13364]]",0,0,[],1,0,[],0,0,0,0,0,[],13364,0,0,[]
1,1,"[[8758,13365]]",0,0,[],1,0,[],0,0,0,0,0,[],13365,0,0,[]
2,2,"[[9946,13366],[12023,13366]]",0,0,[],2,0,[],0,0,0,0,0,[],13366,0,0,[]
1,1,"[[10254,13367]]",0,0,[],1,0,[],0,0,0,0,0,[],13367,0,0,[]
1,1,"[[13368,13647]]",0,0,[],1,0,[],0,0,0,0,0,[],13368,0,0,[]
1,1,"[[12461,13369]]",0,0,[],1,0,[],0,0,0,0,0,[],13369,0,0,[]
2,2,"[[10969,13370],[11629,13370]]",0,0,[],2,0,[],0,0,0,0,0,[],13370,0,0,[]
2,2,"[[6808,13371],[8580,13371]]",0,0,[],2,0,[],0,0,0,0,0,[],13371,0,0,[]
1,1,"[[11295,13374]]",0,0,[],1,0,[],0,0,0,0,0,[],13374,0,0,[]
1,1,"[[13195,13376]]",0,0,[],1,0,[],0,0,0,0,0,[],13376,0,0,[]
2,2,"[[6078,13377],[13377,13480]]",0,0,[],2,0,[],0,0,0,0,0,[],13377,0,0,[]
2,2,"[[3823,13378],[10288,13378]]",0,0,[],2,0,[],0,0,0,0,0,[],13378,0,0,[]
2,2,"[[6766,13379],[8530,13379]]",0,0,[],2,0,[],0,0,0,0,0,[],13379,0,0,[]
2,2,"[[8812,13380],[12708,13380]]",0,0,[],2,0,[],0,0,0,0,0,[],13380,0,0,[]
1,1,"[[5836,13381]]",0,0,[],1,0,[],0,0,0,0,0,[],13381,0,0,[]
1,1,"[[8399,13382]]",0,0,[],1,0,[],0,0,0,0,0,[],13382,0,0,[]
1,1,"[[10132,13383]]",0,0,[],1,0,[],0,0,0,0,0,[],13383,0,0,[]
2,2,"[[5940,13384],[9126,13384]]",0,0,[],2,0,[],0,0,0,0,0,[],13384,0,0,[]
2,2,"[[4733,13385],[12279,13385]]",0,0,[],2,0,[],0,0,0,0,0,[],13385,0,0,[]
1,1,"[[12729,13386]]",0,0,[],1,0,[],0,0,0,0,0,[],13386,0,0,[]
2,2,"[[12484,13387],[12600,13387]]",0,0,[],2,0,[],0,0,0,0,0,[],13387,0,0,[]
2,2,"[[5114,13388],[10688,13388]]",0,0,[],2,0,[],0,0,0,0,0,[],13388,0,0,[]
1,1,"[[13004,13389]]",0,0,[],1,0,[],0,0,0,0,0,[],13389,0,0,[]
1,1,"[[4538,13390]]",0,0,[],1,0,[],0,0,0,0,0,[],13390,0,0,[]
1,1,"[[10255,13391]]",0,0,[],1,0,[],0,0,0,0,0,[],13391,0,0,[]
1,1,"[[13385,13392]]",0,0,[],1,0,[],0,0,0,0,0,[],13392,0,0,[]
1,1,"[[9059,13393]]",0,0,[],1,0,[],0,0,0,0,0,[],13393,0,0,[]
1,1,"[[7962,13394]]",0,0,[],1,0,[],0,0,0,0,0,[],13394,0,0,[]
2,2,"[[6530,13395],[10306,13395]]",0,0,[],2,0,[],0,0,0,0,0,[],13395,0,0,[]
2,2,"[[3573,13396],[8272,13396]]",0,0,[],2,0,[],0,0,0,0,0,[],13396,0,0,[]
1,1,"[[9767,13397]]",0,0,[],1,0,[],0,0,0,0,0,[],13397,0,0,[]
1,1,"[[13398,13565]]",0,0,[],1,0,[],0,0,0,0,0,[],13398,0,0,[]
1,1,"[[9704,13399]]",0,0,[],1,0,[],0,0,0,0,0,[],13399,0,0,[]
2,2,"[[7558,13400],[10367,13400]]",0,0,[],2,0,[],0,0,0,0,0,[],13400,0,0,[]
2,2,"[[9772,13401],[11529,13401]]",0,0,[],2,0,[],0,0,0,0,0,[],13401,0,0,[]
2,2,"[[11439,13402],[13402,13477]]",0,0,[],2,0,[],0,0,0,0,0,[],13402,0,0,[]
1,1,"[[9804,13403]]",0,0,[],1,0,[],0,0,0,0,0,[],13403,0,0,[]
2,2,"[[5008,13404],[13027,13404]]",0,0,[],2,0,[],0,0,0,0,0,[],13404,0,0,[]
1,1,"[[3434,13405]]",0,0,[],1,0,[],0,0,0,0,0,[],13405,0,0,[]
2,2,"[[8246,13406],[9464,13406]]",0,0,[],2,0,[],0,0,0,0,0,[],13406,0,0,[]
2,2,"[[7283,13407],[11918,13407]]",0,0,[],2,0,[],0,0,0,0,0,[],13407,0,0,[]
1,1,"[[10558,13408]]",0,0,[],1,0,[],0,0,0,0,0,[],13408,0,0,[]
1,1,"[[8311,13410]]",0,0,[],1,0,[],0,0,0,0,0,[],13410,0,0,[]
2,2,"[[1159,13412],[10662,13412]]",0,0,[],2,0,[],0,0,0,0,0,[],13412,0,0,[]
2,2,"[[6256,13413],[11925,13413]]",0,0,[],2,0,[],0,0,0,0,0,[],13413,0,0,[]
2,2,"[[11540,13414],[12733,13414]]",0,0,[],2,0,[],0,0,0,0,0,[],13414,0,0,[]
2,2,"[[10137,13415],[13006,13415]]",0,0,[],2,0,[],0,0,0,0,0,[],13415,0,0,[]
2,2,"[[483,13416],[13416,13428]]",0,0,[],2,0,[],0,0,0,0,0,[],13416,0,0,[]
2,2,"[[3578,13417],[9346,13417]]",0,0,[],2,0,[],0,0,0,0,0,[],13417,0,0,[]
2,2,"[[13026,13418],[13336,13418]]",0,0,[],2,0,[],0,0,0,0,0,[],13418,0,0,[]
2,2,"[[7393,13420],[12189,13420]]",0,0,[],2,0,[],0,0,0,0,0,[],13420,0,0,[]
1,1,"[[11339,13421]]",0,0,[],1,0,[],0,0,0,0,0,[],13421,0,0,[]
2,2,"[[12584,13422],[13422,13553]]",0,0,[],2,0,[],0,0,0,0,0,[],13422,0,0,[]
2,2,"[[12159,13423],[12852,13423]]",0,0,[],2,0,[],0,0,0,0,0,[],13423,0,0,[]
2,2,"[[4684,13424],[10586,13424]]",0,0,[],2,0,[],0,0,0,0,0,[],13424,0,0,[]
2,2,"[[3780,13426],[11534,13426]]",0,0,[],2,0,[],0,0,0,0,0,[],13426,0,0,[]
2,2,"[[10796,13428],[11811,13428]]",0,0,[],2,0,[],0,0,0,0,0,[],13428,0,0,[]
2,2,"[[9599,13429],[9635,13429]]",0,0,[],2,0,[],0,0,0,0,0,[],13429,0,0,[]
2,2,"[[9599,13430],[11394,13430]]",0,0,[],2,0,[],0,0,0,0,0,[],13430,0,0,[]
2,2,"[[11363,13431],[11560,13431]]",0,0,[],2,0,[],0,0,0,0,0,[],13431,0,0,[]
1,1,"[[12987,13432]]",0,0,[],1,0,[],0,0,0,0,0,[],13432,0,0,[]
1,1,"[[12346,13433]]",0,0,[],1,0,[],0,0,0,0,0,[],13433,0,0,[]
2,2,"[[8131,13434],[13117,13434]]",0,0,[],2,0,[],0,0,0,0,0,[],13434,0,0,[]
2,2,"[[10478,13435],[13392,13435]]",0,0,[],2,0,[],0,0,0,0,0,[],13435,0,0,[]
1,1,"[[8405,13436]]",0,0,[],1,0,[],0,0,0,0,0,[],13436,0,0,[]
2,2,"[[10664,13437],[12577,13437]]",0,0,[],2,0,[],0,0,0,0,0,[],13437,0,0,[]
1,1,"[[12564,13438]]",0,0,[],1,0,[],0,0,0,0,0,[],13438,0,0,[]
1,1,"[[11774,13439]]",0,0,[],1,0,[],0,0,0,0,0,[],13439,0,0,[]
2,2,"[[12679,13440],[12804,13440]]",0,0,[],2,0,[],0,0,0,0,0,[],13440,0,0,[]
2,2,"[[9557,13441],[12112,13441]]",0,0,[],2,0,[],0,0,0,0,0,[],13441,0,0,[]
1,1,"[[13111,13442]]",0,0,[],1,0,[],0,0,0,0,0,[],13442,0,0,[]
2,2,"[[9367,13443],[12435,13443]]",0,0,[],2,0,[],0,0,0,0,0,[],13443,0,0,[]
2,2,"[[8460,13445],[12116,13445]]",0,0,[],2,0,[],0,0,0,0,0,[],13445,0,0,[]
1,1,"[[585,13447]]",0,0,[],1,0,[],0,0,0,0,0,[],13447,0,0,[]
1,1,"[[5569,13448]]",0,0,[],1,0,[],0,0,0,0,0,[],13448,0,0,[]
1,1,"[[11140,13449]]",0,0,[],1,0,[],0,0,0,0,0,[],13449,0,0,[]
2,2,"[[8343,13450],[9276,13450]]",0,0,[],2,0,[],0,0,0,0,0,[],13450,0,0,[]
1,1,"[[10213,13451]]",0,0,[],1,0,[],0,0,0,0,0,[],13451,0,0,[]
2,2,"[[4809,13452],[9386,13452]]",0,0,[],2,0,[],0,0,0,0,0,[],13452,0,0,[]
1,1,"[[2714,13453]]",0,0,[],1,0,[],0,0,0,0,0,[],13453,0,0,[]
2,2,"[[11979,13454],[12184,13454]]",0,0,[],2,0,[],0,0,0,0,0,[],13454,0,0,[]
1,1,"[[12788,13455]]",0,0,[],1,0,[],0,0,0,0,0,[],13455,0,0,[]
1,1,"[[9750,13456]]",0,0,[],1,0,[],0,0,0,0,0,[],13456,0,0,[]
1,1,"[[10448,13457]]",0,0,[],1,0,[],0,0,0,0,0,[],13457,0,0,[]
2,2,"[[10933,13458],[13088,13458]]",0,0,[],2,0,[],0,0,0,0,0,[],13458,0,0,[]
2,2,"[[7319,13459],[11537,13459]]",0,0,[],2,0,[],0,0,0,0,0,[],13459,0,0,[]
2,2,"[[8217,13460],[10147,13460]]",0,0,[],2,0,[],0,0,0,0,0,[],13460,0,0,[]
1,1,"[[12537,13461]]",0,0,[],1,0,[],0,0,0,0,0,[],13461,0,0,[]
2,2,"[[12797,13462],[13332,13462]]",0,0,[],2,0,[],0,0,0,0,0,[],13462,0,0,[]
2,2,"[[11845,13463],[12444,13463]]",0,0,[],2,0,[],0,0,0,0,0,[],13463,0,0,[]
1,1,"[[6331,13464]]",0,0,[],1,0,[],0,0,0,0,0,[],13464,0,0,[]
2,2,"[[11114,13465],[12273,13465]]",0,0,[],2,0,[],0,0,0,0,0,[],13465,0,0,[]
2,2,"[[5978,13466],[13192,13466]]",0,0,[],2,0,[],0,0,0,0,0,[],13466,0,0,[]
1,1,"[[12050,13467]]",0,0,[],1,0,[],0,0,0,0,0,[],13467,0,0,[]
2,2,"[[6737,13469],[11329,13469]]",0,0,[],2,0,[],0,0,0,0,0,[],13469,0,0,[]
2,2,"[[9944,13471],[12370,13471]]",0,0,[],2,0,[],0,0,0,0,0,[],13471,0,0,[]
2,2,"[[5312,13472],[12929,13472]]",0,0,[],2,0,[],0,0,0,0,0,[],13472,0,0,[]
2,2,"[[7823,13473],[8333,13473]]",0,0,[],2,0,[],0,0,0,0,0,[],13473,0,0,[]
1,1,"[[9273,13475]]",0,0,[],1,0,[],0,0,0,0,0,[],13475,0,0,[]
2,2,"[[7822,13476],[9217,13476]]",0,0,[],2,0,[],0,0,0,0,0,[],13476,0,0,[]
2,2,"[[12155,13477],[13241,13477]]",0,0,[],2,0,[],0,0,0,0,0,[],13477,0,0,[]
2,2,"[[9478,13478],[10568,13478]]",0,0,[],2,0,[],0,0,0,0,0,[],13478,0,0,[]
1,1,"[[9212,13479]]",0,0,[],1,0,[],0,0,0,0,0,[],13479,0,0,[]
1,1,"[[13146,13480]]",0,0,[],1,0,[],0,0,0,0,0,[],13480,0,0,[]
1,1,"[[13481,13555]]",0,0,[],1,0,[],0,0,0,0,0,[],13481,0,0,[]
2,2,"[[2175,13482],[5119,13482]]",0,0,[],2,0,[],0,0,0,0,0,[],13482,0,0,[]
2,2,"[[8242,13483],[9515,13483]]",0,0,[],2,0,[],0,0,0,0,0,[],13483,0,0,[]
2,2,"[[10377,13484],[10476,13484]]",0,0,[],2,0,[],0,0,0,0,0,[],13484,0,0,[]
1,1,"[[4708,13486]]",0,0,[],1,0,[],0,0,0,0,0,[],13486,0,0,[]
2,2,"[[10198,13487],[12681,13487]]",0,0,[],2,0,[],0,0,0,0,0,[],13487,0,0,[]
1,1,"[[13409,13488]]",0,0,[],1,0,[],0,0,0,0,0,[],13488,0,0,[]
2,2,"[[13104,13489],[13489,13665]]",0,0,[],2,0,[],0,0,0,0,0,[],13489,0,0,[]
2,2,"[[8144,13490],[11247,13490]]",0,0,[],2,0,[],0,0,0,0,0,[],13490,0,0,[]
2,2,"[[12910,13491],[13447,13491]]",0,0,[],2,0,[],0,0,0,0,0,[],13491,0,0,[]
2,2,"[[11866,13492],[13170,13492]]",0,0,[],2,0,[],0,0,0,0,0,[],13492,0,0,[]
2,2,"[[8342,13493],[9516,13493]]",0,0,[],2,0,[],0,0,0,0,0,[],13493,0,0,[]
2,2,"[[885,13494],[10959,13494]]",0,0,[],2,0,[],0,0,0,0,0,[],13494,0,0,[]
2,2,"[[11046,13497],[13497,13652]]",0,0,[],2,0,[],0,0,0,0,0,[],13497,0,0,[]
1,1,"[[11466,13499]]",0,0,[],1,0,[],0,0,0,0,0,[],13499,0,0,[]
2,2,"[[8272,13500],[13500,13575]]",0,0,[],2,0,[],0,0,0,0,0,[],13500,0,0,[]
2,2,"[[8477,13501],[12090,13501]]",0,0,[],2,0,[],0,0,0,0,0,[],13501,0,0,[]
1,1,"[[12857,13502]]",0,0,[],1,0,[],0,0,0,0,0,[],13502,0,0,[]
1,1,"[[11988,13503]]",0,0,[],1,0,[],0,0,0,0,0,[],13503,0,0,[]
1,1,"[[13262,13504]]",0,0,[],1,0,[],0,0,0,0,0,[],13504,0,0,[]
2,2,"[[9583,13505],[10578,13505]]",0,0,[],2,0,[],0,0,0,0,0,[],13505,0,0,[]
1,1,"[[9479,13506]]",0,0,[],1,0,[],0,0,0,0,0,[],13506,0,0,[]
2,2,"[[10377,13507],[12047,13507]]",0,0,[],2,0,[],0,0,0,0,0,[],13507,0,0,[]
2,2,"[[13440,13508],[13508,13597]]",0,0,[],2,0,[],0,0,0,0,0,[],13508,0,0,[]
2,2,"[[4400,13510],[10594,13510]]",0,0,[],2,0,[],0,0,0,0,0,[],13510,0,0,[]
1,1,"[[7984,13511]]",0,0,[],1,0,[],0,0,0,0,0,[],13511,0,0,[]
1,1,"[[11177,13512]]",0,0,[],1,0,[],0,0,0,0,0,[],13512,0,0,[]
1,1,"[[7584,13513]]",0,0,[],1,0,[],0,0,0,0,0,[],13513,0,0,[]
2,2,"[[8558,13514],[10733,13514]]",0,0,[],2,0,[],0,0,0,0,0,[],13514,0,0,[]
2,2,"[[10478,13515],[13515,13552]]",0,0,[],2,0,[],0,0,0,0,0,[],13515,0,0,[]
1,1,"[[13108,13516]]",0,0,[],1,0,[],0,0,0,0,0,[],13516,0,0,[]
2,2,"[[5044,13517],[8777,13517]]",0,0,[],2,0,[],0,0,0,0,0,[],13517,0,0,[]
1,1,"[[11868,13518]]",0,0,[],1,0,[],0,0,0,0,0,[],13518,0,0,[]
2,2,"[[10588,13519],[11945,13519]]",0,0,[],2,0,[],0,0,0,0,0,[],13519,0,0,[]
2,2,"[[3856,13520],[12052,13520]]",0,0,[],2,0,[],0,0,0,0,0,[],13520,0,0,[]
1,1,"[[12990,13522]]",0,0,[],1,0,[],0,0,0,0,0,[],13522,0,0,[]
1,1,"[[13523,13671]]",0,0,[],1,0,[],0,0,0,0,0,[],13523,0,0,[]
2,2,"[[8444,13524],[12561,13524]]",0,0,[],2,0,[],0,0,0,0,0,[],13524,0,0,[]
1,1,"[[3120,13525]]",0,0,[],1,0,[],0,0,0,0,0,[],13525,0,0,[]
1,1,"[[10490,13526]]",0,0,[],1,0,[],0,0,0,0,0,[],13526,0,0,[]
1,1,"[[10928,13527]]",0,0,[],1,0,[],0,0,0,0,0,[],13527,0,0,[]
1,1,"[[8721,13528]]",0,0,[],1,0,[],0,0,0,0,0,[],13528,0,0,[]
1,1,"[[13049,13529]]",0,0,[],1,0,[],0,0,0,0,0,[],13529,0,0,[]
2,2,"[[5400,13530],[11870,13530]]",0,0,[],2,0,[],0,0,0,0,0,[],13530,0,0,[]
2,2,"[[9030,13531],[13039,13531]]",0,0,[],2,0,[],0,0,0,0,0,[],13531,0,0,[]
2,2,"[[10580,13532],[12421,13532]]",0,0,[],2,0,[],0,0,0,0,0,[],13532,0,0,[]
2,2,"[[6707,13533],[8194,13533]]",0,0,[],2,0,[],0,0,0,0,0,[],13533,0,0,[]
2,2,"[[2067,13535],[4704,13535]]",0,0,[],2,0,[],0,0,0,0,0,[],13535,0,0,[]
2,2,"[[2470,13536],[11568,13536]]",0,0,[],2,0,[],0,0,0,0,0,[],13536,0,0,[]
2,2,"[[9988,13537],[13258,13537]]",0,0,[],2,0,[],0,0,0,0,0,[],13537,0,0,[]
2,2,"[[11609,13538],[13254,13538]]",0,0,[],2,0,[],0,0,0,0,0,[],13538,0,0,[]
1,1,"[[6651,13539]]",0,0,[],1,0,[],0,0,0,0,0,[],13539,0,0,[]
1,1,"[[12438,13540]]",0,0,[],1,0,[],0,0,0,0,0,[],13540,0,0,[]
2,2,"[[3511,13541],[10587,13541]]",0,0,[],2,0,[],0,0,0,0,0,[],13541,0,0,[]
1,1,"[[11122,13542]]",0,0,[],1,0,[],0,0,0,0,0,[],13542,0,0,[]
2,2,"[[11436,13545],[13091,13545]]",0,0,[],2,0,[],0,0,0,0,0,[],13545,0,0,[]
2,2,"[[10734,13546],[12769,13546]]",0,0,[],2,0,[],0,0,0,0,0,[],13546,0,0,[]
2,2,"[[4131,13547],[7171,13547]]",0,0,[],2,0,[],0,0,0,0,0,[],13547,0,0,[]
1,1,"[[7117,13548]]",0,0,[],1,0,[],0,0,0,0,0,[],13548,0,0,[]
1,1,"[[7505,13549]]",0,0,[],1,0,[],0,0,0,0,0,[],13549,0,0,[]
2,2,"[[2077,13550],[13550,13632]]",0,0,[],2,0,[],0,0,0,0,0,[],13550,0,0,[]
2,2,"[[13068,13551],[13131,13551]]",0,0,[],2,0,[],0,0,0,0,0,[],13551,0,0,[]
2,2,"[[8848,13552],[13416,13552]]",0,0,[],2,0,[],0,0,0,0,0,[],13552,0,0,[]
2,2,"[[8635,13553],[11247,13553]]",0,0,[],2,0,[],0,0,0,0,0,[],13553,0,0,[]
1,1,"[[13155,13554]]",0,0,[],1,0,[],0,0,0,0,0,[],13554,0,0,[]
1,1,"[[12355,13555]]",0,0,[],1,0,[],0,0,0,0,0,[],13555,0,0,[]
1,1,"[[7949,13556]]",0,0,[],1,0,[],0,0,0,0,0,[],13556,0,0,[]
2,2,"[[13043,13559],[13480,13559]]",0,0,[],2,0,[],0,0,0,0,0,[],13559,0,0,[]
1,1,"[[11347,13560]]",0,0,[],1,0,[],0,0,0,0,0,[],13560,0,0,[]
2,2,"[[354,13561],[5243,13561]]",0,0,[],2,0,[],0,0,0,0,0,[],13561,0,0,[]
2,2,"[[9144,13562],[11220,13562]]",0,0,[],2,0,[],0,0,0,0,0,[],13562,0,0,[]
1,1,"[[10152,13563]]",0,0,[],1,0,[],0,0,0,0,0,[],13563,0,0,[]
2,2,"[[4842,13564],[8912,13564]]",0,0,[],2,0,[],0,0,0,0,0,[],13564,0,0,[]
1,1,"[[13565,13621]]",0,0,[],1,0,[],0,0,0,0,0,[],13565,0,0,[]
2,2,"[[9411,13566],[12158,13566]]",0,0,[],2,0,[],0,0,0,0,0,[],13566,0,0,[]
2,2,"[[5694,13567],[8428,13567]]",0,0,[],2,0,[],0,0,0,0,0,[],13567,0,0,[]
1,1,"[[11633,13569]]",0,0,[],1,0,[],0,0,0,0,0,[],13569,0,0,[]
2,2,"[[5012,13570],[9354,13570]]",0,0,[],2,0,[],0,0,0,0,0,[],13570,0,0,[]
2,2,"[[9475,13571],[13050,13571]]",0,0,[],2,0,[],0,0,0,0,0,[],13571,0,0,[]
1,1,"[[11662,13572]]",0,0,[],1,0,[],0,0,0,0,0,[],13572,0,0,[]
1,1,"[[12597,13574]]",0,0,[],1,0,[],0,0,0,0,0,[],13574,0,0,[]
1,1,"[[10515,13575]]",0,0,[],1,0,[],0,0,0,0,0,[],13575,0,0,[]
1,1,"[[9228,13576]]",0,0,[],1,0,[],0,0,0,0,0,[],13576,0,0,[]
1,1,"[[8033,13577]]",0,0,[],1,0,[],0,0,0,0,0,[],13577,0,0,[]
2,2,"[[9991,13578],[11317,13578]]",0,0,[],2,0,[],0,0,0,0,0,[],13578,0,0,[]
2,2,"[[4868,13579],[13194,13579]]",0,0,[],2,0,[],0,0,0,0,0,[],13579,0,0,[]
1,1,"[[10381,13580]]",0,0,[],1,0,[],0,0,0,0,0,[],13580,0,0,[]
2,2,"[[9872,13581],[13079,13581]]",0,0,[],2,0,[],0,0,0,0,0,[],13581,0,0,[]
2,2,"[[11973,13582],[13582,13590]]",0,0,[],2,0,[],0,0,0,0,0,[],13582,0,0,[]
2,2,"[[11826,13584],[12129,13584]]",0,0,[],2,0,[],0,0,0,0,0,[],13584,0,0,[]
2,2,"[[12598,13585],[13579,13585]]",0,0,[],2,0,[],0,0,0,0,0,[],13585,0,0,[]
1,1,"[[11509,13586]]",0,0,[],1,0,[],0,0,0,0,0,[],13586,0,0,[]
2,2,"[[4843,13587],[6848,13587]]",0,0,[],2,0,[],0,0,0,0,0,[],13587,0,0,[]
1,1,"[[11606,13588]]",0,0,[],1,0,[],0,0,0,0,0,[],13588,0,0,[]
1,1,"[[13245,13590]]",0,0,[],1,0,[],0,0,0,0,0,[],13590,0,0,[]
1,1,"[[9126,13592]]",0,0,[],1,0,[],0,0,0,0,0,[],13592,0,0,[]
1,1,"[[4763,13593]]",0,0,[],1,0,[],0,0,0,0,0,[],13593,0,0,[]
1,1,"[[7098,13594]]",0,0,[],1,0,[],0,0,0,0,0,[],13594,0,0,[]
2,2,"[[10386,13595],[12044,13595]]",0,0,[],2,0,[],0,0,0,0,0,[],13595,0,0,[]
2,2,"[[12596,13597],[13344,13597]]",0,0,[],2,0,[],0,0,0,0,0,[],13597,0,0,[]
2,2,"[[11537,13599],[12786,13599]]",0,0,[],2,0,[],0,0,0,0,0,[],13599,0,0,[]
1,1,"[[10771,13601]]",0,0,[],1,0,[],0,0,0,0,0,[],13601,0,0,[]
1,1,"[[4567,13602]]",0,0,[],1,0,[],0,0,0,0,0,[],13602,0,0,[]
2,2,"[[8329,13603],[12587,13603]]",0,0,[],2,0,[],0,0,0,0,0,[],13603,0,0,[]
1,1,"[[5254,13604]]",0,0,[],1,0,[],0,0,0,0,0,[],13604,0,0,[]
1,1,"[[9195,13605]]",0,0,[],1,0,[],0,0,0,0,0,[],13605,0,0,[]
2,2,"[[9026,13606],[10494,13606]]",0,0,[],2,0,[],0,0,0,0,0,[],13606,0,0,[]
1,1,"[[12567,13607]]",0,0,[],1,0,[],0,0,0,0,0,[],13607,0,0,[]
2,2,"[[10858,13608],[12165,13608]]",0,0,[],2,0,[],0,0,0,0,0,[],13608,0,0,[]
1,1,"[[12182,13609]]",0,0,[],1,0,[],0,0,0,0,0,[],13609,0,0,[]
2,2,"[[8962,13610],[9228,13610]]",0,0,[],2,0,[],0,0,0,0,0,[],13610,0,0,[]
2,2,"[[11627,13611],[12936,13611]]",0,0,[],2,0,[],0,0,0,0,0,[],13611,0,0,[]
1,1,"[[13258,13612]]",0,0,[],1,0,[],0,0,0,0,0,[],13612,0,0,[]
1,1,"[[5479,13613]]",0,0,[],1,0,[],0,0,0,0,0,[],13613,0,0,[]
2,2,"[[9341,13614],[13055,13614]]",0,0,[],2,0,[],0,0,0,0,0,[],13614,0,0,[]
1,1,"[[1696,13615]]",0,0,[],1,0,[],0,0,0,0,0,[],13615,0,0,[]
2,2,"[[11448,13616],[11744,13616]]",0,0,[],2,0,[],0,0,0,0,0,[],13616,0,0,[]
2,2,"[[7032,13617],[9101,13617]]",0,0,[],2,0,[],0,0,0,0,0,[],13617,0,0,[]
1,1,"[[11593,13618]]",0,0,[],1,0,[],0,0,0,0,0,[],13618,0,0,[]
2,2,"[[3354,13619],[4155,13619]]",0,0,[],2,0,[],0,0,0,0,0,[],13619,0,0,[]
1,1,"[[10195,13620]]",0,0,[],1,0,[],0,0,0,0,0,[],13620,0,0,[]
1,1,"[[12270,13621]]",0,0,[],1,0,[],0,0,0,0,0,[],13621,0,0,[]
1,1,"[[13622,13658]]",0,0,[],1,0,[],0,0,0,0,0,[],13622,0,0,[]
1,1,"[[4853,13624]]",0,0,[],1,0,[],0,0,0,0,0,[],13624,0,0,[]
2,2,"[[6016,13625],[10575,13625]]",0,0,[],2,0,[],0,0,0,0,0,[],13625,0,0,[]
2,2,"[[11158,13626],[11339,13626]]",0,0,[],2,0,[],0,0,0,0,0,[],13626,0,0,[]
2,2,"[[6256,13627],[11792,13627]]",0,0,[],2,0,[],0,0,0,0,0,[],13627,0,0,[]
2,2,"[[11443,13628],[11632,13628]]",0,0,[],2,0,[],0,0,0,0,0,[],13628,0,0,[]
2,2,"[[8123,13629],[11780,13629]]",0,0,[],2,0,[],0,0,0,0,0,[],13629,0,0,[]
2,2,"[[13351,13631],[13554,13631]]",0,0,[],2,0,[],0,0,0,0,0,[],13631,0,0,[]
1,1,"[[13632,13702]]",0,0,[],1,0,[],0,0,0,0,0,[],13632,0,0,[]
1,1,"[[1738,13633]]",0,0,[],1,0,[],0,0,0,0,0,[],13633,0,0,[]
2,2,"[[12260,13634],[12656,13634]]",0,0,[],2,0,[],0,0,0,0,0,[],13634,0,0,[]
2,2,"[[8314,13635],[12219,13635]]",0,0,[],2,0,[],0,0,0,0,0,[],13635,0,0,[]
1,1,"[[13636,13685]]",0,0,[],1,0,[],0,0,0,0,0,[],13636,0,0,[]
2,2,"[[5850,13637],[11414,13637]]",0,0,[],2,0,[],0,0,0,0,0,[],13637,0,0,[]
2,2,"[[11537,13638],[12275,13638]]",0,0,[],2,0,[],0,0,0,0,0,[],13638,0,0,[]
1,1,"[[13076,13639]]",0,0,[],1,0,[],0,0,0,0,0,[],13639,0,0,[]
1,1,"[[454,13640]]",0,0,[],1,0,[],0,0,0,0,0,[],13640,0,0,[]
2,2,"[[8617,13641],[10568,13641]]",0,0,[],2,0,[],0,0,0,0,0,[],13641,0,0,[]
1,1,"[[11867,13643]]",0,0,[],1,0,[],0,0,0,0,0,[],13643,0,0,[]
2,2,"[[10613,13644],[13454,13644]]",0,0,[],2,0,[],0,0,0,0,0,[],13644,0,0,[]
1,1,"[[10327,13645]]",0,0,[],1,0,[],0,0,0,0,0,[],13645,0,0,[]
1,1,"[[13048,13646]]",0,0,[],1,0,[],0,0,0,0,0,[],13646,0,0,[]
1,1,"[[12708,13647]]",0,0,[],1,0,[],0,0,0,0,0,[],13647,0,0,[]
2,2,"[[9319,13648],[11905,13648]]",0,0,[],2,0,[],0,0,0,0,0,[],13648,0,0,[]
2,2,"[[9126,13649],[11098,13649]]",0,0,[],2,0,[],0,0,0,0,0,[],13649,0,0,[]
2,2,"[[6103,13651],[10232,13651]]",0,0,[],2,0,[],0,0,0,0,0,[],13651,0,0,[]
1,1,"[[5791,13653]]",0,0,[],1,0,[],0,0,0,0,0,[],13653,0,0,[]
2,2,"[[11652,13654],[12756,13654]]",0,0,[],2,0,[],0,0,0,0,0,[],13654,0,0,[]
2,2,"[[727,13655],[9113,13655]]",0,0,[],2,0,[],0,0,0,0,0,[],13655,0,0,[]
2,2,"[[7974,13657],[11263,13657]]",0,0,[],2,0,[],0,0,0,0,0,[],13657,0,0,[]
1,1,"[[10618,13658]]",0,0,[],1,0,[],0,0,0,0,0,[],13658,0,0,[]
2,2,"[[6941,13660],[8701,13660]]",0,0,[],2,0,[],0,0,0,0,0,[],13660,0,0,[]
2,2,"[[5872,13661],[13500,13661]]",0,0,[],2,0,[],0,0,0,0,0,[],13661,0,0,[]
1,1,"[[2402,13662]]",0,0,[],1,0,[],0,0,0,0,0,[],13662,0,0,[]
1,1,"[[12587,13663]]",0,0,[],1,0,[],0,0,0,0,0,[],13663,0,0,[]
2,2,"[[12178,13664],[13029,13664]]",0,0,[],2,0,[],0,0,0,0,0,[],13664,0,0,[]
2,2,"[[4155,13665],[10341,13665]]",0,0,[],2,0,[],0,0,0,0,0,[],13665,0,0,[]
1,1,"[[8514,13666]]",0,0,[],1,0,[],0,0,0,0,0,[],13666,0,0,[]
2,2,"[[7673,13667],[9264,13667]]",0,0,[],2,0,[],0,0,0,0,0,[],13667,0,0,[]
2,2,"[[12189,13668],[13615,13668]]",0,0,[],2,0,[],0,0,0,0,0,[],13668,0,0,[]
2,2,"[[2794,13670],[11803,13670]]",0,0,[],2,0,[],0,0,0,0,0,[],13670,0,0,[]
2,2,"[[10215,13671],[12091,13671]]",0,0,[],2,0,[],0,0,0,0,0,[],13671,0,0,[]
1,1,"[[12380,13672]]",0,0,[],1,0,[],0,0,0,0,0,[],13672,0,0,[]
2,2,"[[10522,13673],[11113,13673]]",0,0,[],2,0,[],0,0,0,0,0,[],13673,0,0,[]
2,2,"[[9152,13674],[10649,13674]]",0,0,[],2,0,[],0,0,0,0,0,[],13674,0,0,[]
2,2,"[[5899,13675],[10189,13675]]",0,0,[],2,0,[],0,0,0,0,0,[],13675,0,0,[]
2,2,"[[9367,13676],[12658,13676]]",0,0,[],2,0,[],0,0,0,0,0,[],13676,0,0,[]
1,1,"[[13613,13677]]",0,0,[],1,0,[],0,0,0,0,0,[],13677,0,0,[]
2,2,"[[1738,13678],[13585,13678]]",0,0,[],2,0,[],0,0,0,0,0,[],13678,0,0,[]
1,1,"[[6103,13679]]",0,0,[],1,0,[],0,0,0,0,0,[],13679,0,0,[]
1,1,"[[5735,13681]]",0,0,[],1,0,[],0,0,0,0,0,[],13681,0,0,[]
1,1,"[[12834,13682]]",0,0,[],1,0,[],0,0,0,0,0,[],13682,0,0,[]
2,2,"[[5144,13684],[7394,13684]]",0,0,[],2,0,[],0,0,0,0,0,[],13684,0,0,[]
2,2,"[[13097,13685],[13630,13685]]",0,0,[],2,0,[],0,0,0,0,0,[],13685,0,0,[]
2,2,"[[7402,13686],[10822,13686]]",0,0,[],2,0,[],0,0,0,0,0,[],13686,0,0,[]
2,2,"[[11258,13687],[13445,13687]]",0,0,[],2,0,[],0,0,0,0,0,[],13687,0,0,[]
2,2,"[[6335,13688],[11175,13688]]",0,0,[],2,0,[],0,0,0,0,0,[],13688,0,0,[]
1,1,"[[11332,13691]]",0,0,[],1,0,[],0,0,0,0,0,[],13691,0,0,[]
1,1,"[[13456,13692]]",0,0,[],1,0,[],0,0,0,0,0,[],13692,0,0,[]
1,1,"[[11754,13693]]",0,0,[],1,0,[],0,0,0,0,0,[],13693,0,0,[]
2,2,"[[6420,13695],[9698,13695]]",0,0,[],2,0,[],0,0,0,0,0,[],13695,0,0,[]
1,1,"[[12814,13696]]",0,0,[],1,0,[],0,0,0,0,0,[],13696,0,0,[]
1,1,"[[8675,13697]]",0,0,[],1,0,[],0,0,0,0,0,[],13697,0,0,[]
2,2,"[[8675,13698],[12458,13698]]",0,0,[],2,0,[],0,0,0,0,0,[],13698,0,0,[]
2,2,"[[10137,13699],[11265,13699]]",0,0,[],2,0,[],0,0,0,0,0,[],13699,0,0,[]
2,2,"[[6190,13700],[10882,13700]]",0,0,[],2,0,[],0,0,0,0,0,[],13700,0,0,[]
2,2,"[[2947,13701],[9412,13701]]",0,0,[],2,0,[],0,0,0,0,0,[],13701,0,0,[]
1,1,"[[12512,13702]]",0,0,[],1,0,[],0,0,0,0,0,[],13702,0,0,[]
2,2,"[[8953,13703],[10147,13703]]",0,0,[],2,0,[],0,0,0,0,0,[],13703,0,0,[]
1,1,"[[7350,13705]]",0,0,[],1,0,[],0,0,0,0,0,[],13705,0,0,[]
