{
  "fixture_inputs": {
    "lumen_radius_microns": [
      1.2858660221099854,
      1.5,
      1.749793529510498,
      2.041184902191162,
      2.381101608276367,
      2.7776241302490234,
      3.2401793003082275,
      3.7797632217407227,
      4.40920352935791,
      5.143464088439941,
      6.0,
      6.999174118041992,
      8.164739608764648,
      9.524406433105469,
      11.110496520996094,
      12.96071720123291,
      15.11905288696289,
      17.63681411743164,
      20.573856353759766,
      24.0,
      27.99669647216797,
      32.658958435058594,
      38.097625732421875,
      44.441986083984375,
      51.84286880493164,
      60.47621154785156
    ],
    "microns_per_voxel": [
      1.0,
      1.0,
      1.0
    ],
    "size_of_image": [
      121,
      512,
      512
    ]
  },
  "passed": true,
  "skip_reason": "builtin LUT fixture inputs do not match the source exact run",
  "skipped": true,
  "source_inputs": {
    "lumen_radius_microns": [
      1.4433357553412178,
      1.5,
      1.558888839047765,
      1.6200896083384593,
      1.6836930724640595,
      1.749793559364175,
      1.8184891002203167,
      1.8898815748423097,
      1.9640768627624603,
      2.0411850002615655,
      2.121320343559643,
      2.2046017384133982,
      2.291152696371965,
      2.381101577952299,
      2.4745817830059074,
      2.5717319485592185,
      2.672696154421018,
      2.777624136861871,
      2.8866715106824357,
      3.0,
      3.11777767809553,
      3.2401792166769185,
      3.367386144928119,
      3.49958711872835,
      3.636978200440634,
      3.7797631496846193,
      3.9281537255249206,
      4.082370000523131,
      4.242640687119286,
      4.4092034768267965,
      4.582305392743929,
      4.762203155904599,
      4.949163566011816,
      5.143463897118437,
      5.345392308842036,
      5.555248273723743,
      5.773343021364871,
      6.0,
      6.235555356191062,
      6.480358433353837,
      6.734772289856236,
      6.9991742374567005,
      7.273956400881267,
      7.559526299369239,
      7.85630745104984,
      8.16474000104626,
      8.485281374238571,
      8.818406953653595,
      9.16461078548786,
      9.524406311809196,
      9.898327132023628,
      10.286927794236876,
      10.690784617684074,
      11.110496547447484,
      11.546686042729743,
      12.0,
      12.471110712382117,
      12.960716866707674,
      13.469544579712473,
      13.998348474913396,
      14.54791280176254,
      15.119052598738477,
      15.71261490209968,
      16.329480002092524,
      16.970562748477143,
      17.636813907307182,
      18.32922157097572,
      19.048812623618392,
      19.796654264047255,
      20.57385558847375,
      21.381569235368147,
      22.22099309489497,
      23.093372085459485,
      24.0,
      24.942221424764234,
      25.921433733415356,
      26.93908915942496,
      27.996696949826802,
      29.095825603525068,
      30.23810519747695,
      31.425229804199354,
      32.65896000418505,
      33.941125496954285,
      35.273627814614365,
      36.65844314195145,
      38.09762524723679,
      39.593308528094525,
      41.147711176947496,
      42.76313847073628,
      44.44198618978993,
      46.18674417091897,
      48.0,
      49.88444284952847,
      51.84286746683071,
      53.87817831884992,
      55.993393899653604,
      58.191651207050135,
      60.4762103949539,
      62.85045960839874
    ],
    "microns_per_voxel": [
      0.916,
      0.916,
      1.9968800000000002
    ],
    "size_of_image": [
      512,
      512,
      64
    ]
  }
}